--
-- PostgreSQL database dump
--

\restrict IYWOMx7rjdjb4gzhEqdlgycIaaJC9iNchMacUXxfJow9LQg2LBvdJIJYWX8sjLb

-- Dumped from database version 15.15
-- Dumped by pg_dump version 18.1

-- Started on 2026-01-26 22:08:51

SET statement_timeout = 0;
SET lock_timeout = 0;
SET idle_in_transaction_session_timeout = 0;
SET transaction_timeout = 0;
SET client_encoding = 'UTF8';
SET standard_conforming_strings = on;
SELECT pg_catalog.set_config('search_path', '', false);
SET check_function_bodies = false;
SET xmloption = content;
SET client_min_messages = warning;
SET row_security = off;

--
-- TOC entry 3864 (class 0 OID 17162)
-- Dependencies: 240
-- Data for Name: external_issuers; Type: TABLE DATA; Schema: public; Owner: lto_user
--

COPY public.external_issuers (id, issuer_type, company_name, license_number, api_key, is_active, contact_email, contact_phone, address, created_at, updated_at) FROM stdin;
aa6d3111-ad58-47af-a235-c45fa869a133	insurance	LTO Insurance Services	INS-2026-001	test_insurance_api_key_12345	t	insurance@lto.gov.ph	\N	\N	2026-01-24 06:55:24.860016	2026-01-24 06:55:24.860016
f8aab84b-614c-4060-a81c-2f3100daa1c5	emission	LTO Emission Testing Center	EMIT-2026-001	test_emission_api_key_67890	t	emission@lto.gov.ph	\N	\N	2026-01-24 06:55:24.865858	2026-01-24 06:55:24.865858
3d2b139b-df76-4885-afba-a47995b2c134	hpg	PNP-HPG National Office	HPG-2026-001	test_hpg_api_key_abcde	t	hpg@lto.gov.ph	\N	\N	2026-01-24 06:55:24.868123	2026-01-24 06:55:24.868123
e54b05a2-8a65-4396-8457-6ae50dd702ba	csr	Default CSR Issuer	CSR-001-DEFAULT	default-csr-api-key	t	csr@default.com	\N	\N	2026-01-24 19:10:36.880507	2026-01-24 19:10:36.880507
bd059957-bf60-4afc-9506-fce067bbdd5b	sales_invoice	Default Sales Invoice Issuer	SALES-001-DEFAULT	default-sales-api-key	t	sales@default.com	\N	\N	2026-01-24 19:10:36.884664	2026-01-24 19:10:36.884664
\.


--
-- TOC entry 3860 (class 0 OID 16975)
-- Dependencies: 235
-- Data for Name: issued_certificates; Type: TABLE DATA; Schema: public; Owner: lto_user
--

COPY public.issued_certificates (id, issuer_id, certificate_type, certificate_number, vehicle_vin, owner_name, owner_id, file_hash, composite_hash, issued_at, expires_at, blockchain_tx_id, is_revoked, revocation_reason, revoked_at, metadata, created_at) FROM stdin;
f4bc48bc-db4d-4b45-89f8-2a548b7c7419	aa6d3111-ad58-47af-a235-c45fa869a133	insurance	CTPL-2026-JTMM87	F5TFNJM7BDH13S38W	Joshua Ivan Latag	\N	6346fc47b3c259dceb06e298687603e17ac21a7409d68a61ac428e94da91a85b	319533584cecfaab6af455e3bba1f53db8ef403c289b96aed1a103418383c704	2026-01-24 00:00:00	2027-01-24 00:00:00	\N	f	\N	\N	{"coverageType": "CTPL", "coverageAmount": "PHP 200,000 / PHP 50,000"}	2026-01-24 19:15:18.968077
295c2cf7-edc6-4c2a-8a33-fd435386c4b9	3d2b139b-df76-4885-afba-a47995b2c134	hpg_clearance	HPG-2026-179TCA	F5TFNJM7BDH13S38W	Joshua Ivan Latag	\N	c7f9d56a3de1debc290d47b31f1823b7c49bd5b9a9214bf452342bb602512849	52037fce3b0a1b78809ecfba74865ebe1fd79f13ac10ecc4650e6cde1730c6ef	2026-01-24 00:00:00	\N	\N	f	\N	\N	{"vehiclePlate": "XSX-7285", "verificationDetails": {"engine_condition": "Good", "chassis_condition": "Good"}}	2026-01-24 19:15:25.213767
fc26f5a1-a260-4d74-8b06-f6190e7c383c	bd059957-bf60-4afc-9506-fce067bbdd5b	sales_invoice	INV-20260126-EFSL9F	4NHY0RU1LP7T93D20	Kim Andrei Besmar	\N	eb55a58a2c039947ccc4bd03205f8ec8fa6095c4a491e0201143b39d46ec3965	260989430eb111dcad39102384f830a576e535861764e7853ef04615957f1307	2026-01-26 00:00:00	\N	\N	f	\N	\N	{}	2026-01-26 06:49:55.655764
4bc22725-b0a6-4827-a3c4-f76b7f487e19	e54b05a2-8a65-4396-8457-6ae50dd702ba	csr	CSR-2026-4815R0	F5TFNJM7BDH13S38W	Joshua Ivan Latag	\N	d5a23a278ecc2313318a87e9499b683a32c35c2b8af76a7bf74f64f93d20af51	ef1f6c640dd7cf22fadcda494e3b4f4e3205498ffdeafd125063893be7ca862c	2026-01-24 00:00:00	\N	\N	f	\N	\N	{"color": "White", "bodyType": "Sedan", "fuelType": "Gasoline", "vehicleMake": "Honda", "vehicleYear": 2026, "engineNumber": "3UR-DE884077", "vehicleModel": "Civic"}	2026-01-24 19:15:32.300999
14070636-ffac-4f85-b8cf-0c914f883b33	bd059957-bf60-4afc-9506-fce067bbdd5b	sales_invoice	INV-20260124-Z6H3TS	F5TFNJM7BDH13S38W	Joshua Ivan Latag	\N	8961b1f0d187c2b28a8e58e62d43de6eecbf939af9c40a5222a49a27b6dffa0b	fd05f020222e625fcca4a1d971eea032aedacc06b54e0eca7be46e694098eb39	2026-01-24 00:00:00	\N	\N	f	\N	\N	{}	2026-01-24 19:15:38.527177
221541f6-9fa3-45dd-8e4f-3db13103015c	aa6d3111-ad58-47af-a235-c45fa869a133	insurance	CTPL-2026-54OZ2O	BX0SDRHABB4GG71DE	Joshua Ivan Latag	\N	00a2144344f27407b31f04585b64a2cde7fb741ddaa0cbae9e355366144c32b7	db4452a158aa7dc4679cfffe224eeef73742f8d0554f0da04ec19148fcd92206	2026-01-25 00:00:00	2027-01-25 00:00:00	\N	f	\N	\N	{"coverageType": "CTPL", "coverageAmount": "PHP 200,000 / PHP 50,000"}	2026-01-25 03:00:31.933913
a7b70159-3ec5-4309-a365-e6ead467a5fe	3d2b139b-df76-4885-afba-a47995b2c134	hpg_clearance	HPG-2026-D56E86	BX0SDRHABB4GG71DE	Joshua Ivan Latag	\N	a63f9eb4aa7e26241046618a41df02f615db148002d4ed19dbcc3ab8b14ed0b4	b7ea6b3680b0d0b1011cc4268ec2f372941ead4165519bb1bbe94240aac4a030	2026-01-25 00:00:00	\N	\N	f	\N	\N	{"vehiclePlate": "KKT-4961", "verificationDetails": {"engine_condition": "Good", "chassis_condition": "Good"}}	2026-01-25 03:00:37.346685
4c19f1ac-43f3-4a42-91f4-3020aceb869c	e54b05a2-8a65-4396-8457-6ae50dd702ba	csr	CSR-2026-2FPJAE	BX0SDRHABB4GG71DE	Joshua Ivan Latag	\N	db88abcc23d2a3c26f63365fe4acecdd0f859b789ce0969766f3e47611ff2073	b2cf001bb68a2df2408b8a2970da2fbff62b73557ed522219c451641a8a6e03c	2026-01-25 00:00:00	\N	\N	f	\N	\N	{"color": "White", "bodyType": "Sedan", "fuelType": "Gasoline", "vehicleMake": "Honda", "vehicleYear": 2026, "engineNumber": "5VZ-CE476535", "vehicleModel": "City"}	2026-01-25 03:00:42.741326
bd73f8cd-4b4a-48a7-b1d5-ad6b8bccf278	bd059957-bf60-4afc-9506-fce067bbdd5b	sales_invoice	INV-20260125-I56D4L	BX0SDRHABB4GG71DE	Joshua Ivan Latag	\N	1faa91a3ce6f229a3b4f3a191c8228484b40f72efa3b435ec18c668a30cec06b	50d07854cfafd659b2b7c67c2433603048e7f4fd53115a9387935f34abe2677b	2026-01-25 00:00:00	\N	\N	f	\N	\N	{}	2026-01-25 03:00:48.954504
03bbdab6-ffdf-4f7b-8895-a23ee0132a13	aa6d3111-ad58-47af-a235-c45fa869a133	insurance	CTPL-2026-0EWVYC	TVL7CSH7AASKK8ADX	Joshua Ivan Latag	\N	2aeeb87284a8e3306b1724bb6b3939f266e845329ea4d7672cb4ead3055cf616	b1a433e9ee9805006dc8d404a52b5fbc0dc484b8c619867f6e6188b2e22b3baa	2026-01-25 00:00:00	2027-01-25 00:00:00	\N	f	\N	\N	{"coverageType": "CTPL", "coverageAmount": "PHP 200,000 / PHP 50,000"}	2026-01-25 03:16:31.961242
2bc898e3-b3f1-4649-9de6-bfb809354fcd	3d2b139b-df76-4885-afba-a47995b2c134	hpg_clearance	HPG-2026-NHL9GZ	TVL7CSH7AASKK8ADX	Joshua Ivan Latag	\N	176b97db392893ae7496538b5fa2c35f38b3510ec9771cbcff12681a48dd598d	de5c087a8933936d2ac97e4925b28f3f9a5613bb1f54d7359212ac86e99f11d2	2026-01-25 00:00:00	\N	\N	f	\N	\N	{"vehiclePlate": "VZL-7845", "verificationDetails": {"engine_condition": "Good", "chassis_condition": "Good"}}	2026-01-25 03:16:37.189187
ae2d20b4-93b6-4181-b61a-da95038f501f	e54b05a2-8a65-4396-8457-6ae50dd702ba	csr	CSR-2026-A6WOI6	TVL7CSH7AASKK8ADX	Joshua Ivan Latag	\N	cf4681103694c9f24abcd2bea1daaad332533cc8f1bbe948a8f95747d1352ac7	2c82ac90cbb3cca5a57c6521911380d50fea2d60d1b9078c6da656841f2500ad	2026-01-25 00:00:00	\N	\N	f	\N	\N	{"color": "White", "bodyType": "Hatchback", "fuelType": "Gasoline", "vehicleMake": "Kia", "vehicleYear": 2026, "engineNumber": "4GR-DE868125", "vehicleModel": "Rio"}	2026-01-25 03:16:42.490235
dff8c990-0e1f-49dd-a2a1-077cd4681026	bd059957-bf60-4afc-9506-fce067bbdd5b	sales_invoice	INV-20260125-OYV3KH	TVL7CSH7AASKK8ADX	Joshua Ivan Latag	\N	4f074414adc6c16397c1799b8ffca2f4340d50da6e36b40583abbed30bbaf548	cc73a861cc51c0b5f836c5555b277164e9391b5f7aecc6d6e3910864810dd347	2026-01-25 00:00:00	\N	\N	f	\N	\N	{}	2026-01-25 03:16:48.354045
5ffc9171-6411-4999-b2dc-00e496c1dd06	aa6d3111-ad58-47af-a235-c45fa869a133	insurance	CTPL-2026-17JGAL	C591CULJ8VVZDWSAN	Joshua Ivan Latag	\N	88e44b797c5b1f7343836e0e81f901510e6bf9d103edb724f886278edf9c9602	6f68fc59318399177403cccd912502c1ab656a2e21a21beacee98123a7df5531	2026-01-25 00:00:00	2027-01-25 00:00:00	\N	f	\N	\N	{"coverageType": "CTPL", "coverageAmount": "PHP 200,000 / PHP 50,000"}	2026-01-25 03:44:02.774845
6b27b60c-1421-4854-b9d1-d6de82fa25e1	3d2b139b-df76-4885-afba-a47995b2c134	hpg_clearance	HPG-2026-8B3Q7M	C591CULJ8VVZDWSAN	Joshua Ivan Latag	\N	f18bfe44afb1008c78a3881be51fbb1c72cefe8e78e7c0dfedebd5eb21ca22b7	20c0f99a77c11a491ffd267251e47ca2a7b7cdb0d8ea8b05c022250043351899	2026-01-25 00:00:00	\N	\N	f	\N	\N	{"vehiclePlate": "NKZ-2698", "verificationDetails": {"engine_condition": "Good", "chassis_condition": "Good"}}	2026-01-25 03:44:08.377924
af662797-3fca-4235-972a-569bbe449a4c	e54b05a2-8a65-4396-8457-6ae50dd702ba	csr	CSR-2026-Y98VMD	C591CULJ8VVZDWSAN	Joshua Ivan Latag	\N	f226186d1b299e9dd7e4d47b42d74b8eb3e8a4fa974dd8f2970ed7866e2704f1	2c996aff7f872ef568fdd06117c53e095d032e88f4fdca264185cc1d0e60dcb1	2026-01-25 00:00:00	\N	\N	f	\N	\N	{"color": "White", "bodyType": "SUV", "fuelType": "Gasoline", "vehicleMake": "Hyundai", "vehicleYear": 2026, "engineNumber": "3UR-GE380290", "vehicleModel": "Tucson"}	2026-01-25 03:44:13.880591
6aa6ac4a-0bae-4fc1-9b23-604547fce0a1	bd059957-bf60-4afc-9506-fce067bbdd5b	sales_invoice	INV-20260125-GWYS2X	C591CULJ8VVZDWSAN	Joshua Ivan Latag	\N	ce630e6eafed6c4b239870d6772fc1af80f7e8a35ba16b8bf784a3417045bc35	99d4efc904ef7d441cfdbc7f4ff9e965f2b5a05fdb09d759847d2290febe19b4	2026-01-25 00:00:00	\N	\N	f	\N	\N	{}	2026-01-25 03:44:19.897323
a3241e99-11cb-456a-ba88-343dc210198d	3d2b139b-df76-4885-afba-a47995b2c134	hpg_clearance	HPG-2026-HS5V3T	C591CULJ8VVZDWSAN	Kim Andrei Besmar	\N	25a725622285e007dba4349bba6a6b59848af2958670f1fed82cda9c9a1c365d	7eaff6fabd7f8d6f4142d73668d83647560aa31927a69c8b01fa64934ea7025e	2026-01-25 00:00:00	\N	\N	f	\N	\N	{"vehiclePlate": "NKZ-2698", "transferRequestId": null, "verificationDetails": "No adverse record found. Vehicle cleared for registration.", "originalCertificateType": "hpg_clearance"}	2026-01-25 03:56:25.338852
64a4cd4d-15c5-4978-94f5-2dfc275e83e0	3d2b139b-df76-4885-afba-a47995b2c134	hpg_clearance	HPG-2026-CSJWTZ	C591CULJ8VVZDWSAN	Kim Andrei Besmar	\N	2337127e233e481f7b7cc3cee985ed6c6eb3c6d07c0f14cd0574a019529ef009	ea645a93f1b760aa4a8591018209cd2062520e847b0c7f9bd756702705a1ad19	2026-01-25 00:00:00	\N	\N	f	\N	\N	{"vehiclePlate": "NKZ-2698", "transferRequestId": null, "verificationDetails": "No adverse record found. Vehicle cleared for registration.", "originalCertificateType": "hpg_clearance"}	2026-01-25 04:21:00.598059
a8883a20-f66f-4728-be44-e73e041e656a	aa6d3111-ad58-47af-a235-c45fa869a133	insurance	CTPL-2026-4C2B9S	C591CULJ8VVZDWSAN	Kim Andrei Besmar	\N	78d054092dbd7e52ff32be7360df160966e91d1f5f57e760ad3a6e6cee4890f4	4d57823b00531751c3ffdb1ff7a4aa22bd39d80cf9779bfd09120589d74fa045	2026-01-25 00:00:00	2027-01-25 00:00:00	\N	f	\N	\N	{"coverageType": "CTPL", "coverageAmount": "PHP 200,000 / PHP 50,000", "transferRequestId": null, "originalCertificateType": "insurance"}	2026-01-25 04:21:05.534864
1eb94bd0-d77c-4a84-b105-0a275183b906	e54b05a2-8a65-4396-8457-6ae50dd702ba	csr	DEED-standalone-UBE5WC	C591CULJ8VVZDWSAN	Joshua Ivan Latag	\N	eb90e2cae9c1c8dbadebc2247a475175cceaee9c8e7d4f65ade01f3240fff783	bf086e1f21a6f883102ee125a8e227b1daafb5efdf62caad5ffa3914df9c4c7c	2026-01-25 00:00:00	\N	\N	f	\N	\N	{"buyerName": "Kim Andrei Besmar", "notaryName": "", "purchasePrice": "PHP5,000,000", "transferRequestId": null, "originalCertificateType": "deed_of_sale"}	2026-01-25 05:37:53.547049
a6e3523f-fbd4-4f69-8ab7-44c9fb21bcb4	3d2b139b-df76-4885-afba-a47995b2c134	hpg_clearance	HPG-2026-MXH68F	C591CULJ8VVZDWSAN	Kim Andrei Besmar	\N	916906e5d58243f79dfca8b14e7bdbfb70d26c90ee7b6d06ad2f0424e3e0133d	cee255c851e3158fbc5b14b56c26d0945575b9ccb5ec81a53e3fe94d4751d9ae	2026-01-25 00:00:00	\N	\N	f	\N	\N	{"vehiclePlate": "NKZ-2698", "transferRequestId": null, "verificationDetails": "No adverse record found. Vehicle cleared for registration.", "originalCertificateType": "hpg_clearance"}	2026-01-25 05:37:57.855706
e4f9a533-11e1-43c6-9d49-82f8829c9ad8	aa6d3111-ad58-47af-a235-c45fa869a133	insurance	CTPL-2026-ZXYTND	C591CULJ8VVZDWSAN	Kim Andrei Besmar	\N	60bb2d0254de9163d4e0c642aabb67a01a57bc889af96c917efdce87bec63ee2	52d83f91bdb6821b39e20743b66fcce01fcaf2c689cda649ff9d54ad5393501e	2026-01-25 00:00:00	2027-01-25 00:00:00	\N	f	\N	\N	{"coverageType": "CTPL", "coverageAmount": "PHP 200,000 / PHP 50,000", "transferRequestId": null, "originalCertificateType": "insurance"}	2026-01-25 05:38:02.730117
c369af4c-f47a-435b-a94c-9737bef521d3	3d2b139b-df76-4885-afba-a47995b2c134	hpg_clearance	MVIR-2026-000001	C591CULJ8VVZDWSAN	\N	\N	118e57a1e2e656db2ca9488a35b72cdfaa5f339a1f4194f6c3c829d850e9a372	40fdc56a9d7d56a4e586408457be31836df78fb5ee9dff460935bf558087871b	2026-01-25 05:45:59.231	\N	\N	f	\N	\N	{"inspectionNotes": "Good Job", "inspectionResult": "PASS", "inspectionOfficer": "Admin User", "roadworthinessStatus": "ROADWORTHY", "originalCertificateType": "mvir_cert"}	2026-01-25 05:45:59.24635
32f2b735-0428-468f-a011-7c1960fdc442	aa6d3111-ad58-47af-a235-c45fa869a133	insurance	CTPL-2026-QPN0R0	KFB5A57GS16JU3P6M	Jasper Dulla	\N	b84b40c974d97eaa3fc4b66667ad44f6673b25d890a315f04f6399e1cf89496a	df493866d3abeee4348979444e2a5ac9c5201c5ef66067be5091128019b6f5c6	2026-01-25 00:00:00	2027-01-25 00:00:00	\N	f	\N	\N	{"coverageType": "CTPL", "coverageAmount": "PHP 200,000 / PHP 50,000"}	2026-01-25 08:14:49.083646
ba112c4b-3a2b-4478-94b5-2b11e4b68a61	3d2b139b-df76-4885-afba-a47995b2c134	hpg_clearance	HPG-2026-6L3NE4	KFB5A57GS16JU3P6M	Jasper Dulla	\N	0f9849cf70f3003f32af2dec852aacca2735fb8901cf4250a6550016beaa8fd1	3920e2809bcac3d77efed11e8c399c8a254733564b12301ab06cc5c7a4a2d3bb	2026-01-25 00:00:00	\N	\N	f	\N	\N	{"vehiclePlate": "RCP-2196", "verificationDetails": {"engine_condition": "Good", "chassis_condition": "Good"}}	2026-01-25 08:14:54.29343
1708a041-0129-4549-bea2-b6e4138c5e39	e54b05a2-8a65-4396-8457-6ae50dd702ba	csr	CSR-2026-LFR7B0	KFB5A57GS16JU3P6M	Jasper Dulla	\N	c15dc0071394f57be46ba688a644bad6408fcec46aaf2d0128e94e862a2e0d06	0718dc6169cb200a3774d98e84ad489c1f357a3020c1d45d24005397f9c58304	2026-01-25 00:00:00	\N	\N	f	\N	\N	{"color": "White", "bodyType": "Scooter", "fuelType": "Gasoline", "vehicleMake": "Honda", "vehicleYear": 2026, "engineNumber": "2NR-FE818323", "vehicleModel": "ADV 160"}	2026-01-25 08:14:59.781821
7b5cd550-614a-4236-b704-1f8a323fc9b9	bd059957-bf60-4afc-9506-fce067bbdd5b	sales_invoice	INV-20260125-E4O7AZ	KFB5A57GS16JU3P6M	Jasper Dulla	\N	2e29fffcc517ca5c1e61a423ef65a366d596776bf597211c6f865eb5a69afab8	d65046206929d3149fa3cd9d17cd7988c9dbef18ad8e82e85d91836ef640007d	2026-01-25 00:00:00	\N	\N	f	\N	\N	{}	2026-01-25 08:15:06.244699
cfd9f91d-850b-4258-a094-abd19af2ea71	aa6d3111-ad58-47af-a235-c45fa869a133	insurance	CTPL-2026-C9EAZQ	1UEDTAW9H0WB8FM8W	Kim Andrei Besmar	\N	f2c3d6481d0fdd1932e2bea7a536874997675e8fe2c776bd1f6c987cc2b1f85b	e17b751a2f855cd4d9ce1dcbc00dc906ce4f79207a5a803533aaf0de7b080268	2026-01-25 00:00:00	2027-01-25 00:00:00	\N	f	\N	\N	{"coverageType": "CTPL", "coverageAmount": "PHP 200,000 / PHP 50,000"}	2026-01-25 08:36:44.434484
f692159e-c6ed-4d1a-a5e6-09ad8698a3ba	3d2b139b-df76-4885-afba-a47995b2c134	hpg_clearance	HPG-2026-YW6JP4	1UEDTAW9H0WB8FM8W	Kim Andrei Besmar	\N	0caff3617bac7bfdb18496aeee479501908265683fa436b83338a2a76186832f	70f2a89ed2e92f397dcb2ad350db479ecea6e4ab2b2af261daba76940b8f125a	2026-01-25 00:00:00	\N	\N	f	\N	\N	{"vehiclePlate": "LLE-2077", "verificationDetails": {"engine_condition": "Good", "chassis_condition": "Good"}}	2026-01-25 08:36:50.372627
843156d4-400d-42f3-ba4b-c762cca1fbcc	e54b05a2-8a65-4396-8457-6ae50dd702ba	csr	CSR-2026-3HPL3J	1UEDTAW9H0WB8FM8W	Kim Andrei Besmar	\N	3ad1fdc12b017c2a7361db225831514188f6b40ffc882fc39d3a10641080dcef	c9d48325a9e17275eba6a529833578b2801f3ec5dd44df156ccc48fd688a7183	2026-01-25 00:00:00	\N	\N	f	\N	\N	{"color": "White", "bodyType": "Standard", "fuelType": "Gasoline", "vehicleMake": "Royal Enfield", "vehicleYear": 2026, "engineNumber": "4GR-CE103258", "vehicleModel": "Classic 350"}	2026-01-25 08:36:56.497657
4b3b6d11-f4af-4176-bc37-23f9cd5b0ce1	bd059957-bf60-4afc-9506-fce067bbdd5b	sales_invoice	INV-20260125-6GZ7WU	1UEDTAW9H0WB8FM8W	Kim Andrei Besmar	\N	c018daa9d11e1f24b862b2cb8399816bed90d34b18ad5125a54f7baa62c29164	9ccd52b0ac0745ea7f165f088cccab5330380979e037537ab8e9fc2839611f97	2026-01-25 00:00:00	\N	\N	f	\N	\N	{}	2026-01-25 08:37:02.87408
5b228875-d276-4a95-bed3-9d438744ccd0	e54b05a2-8a65-4396-8457-6ae50dd702ba	csr	DEED-standalone-Y5SRWI	1UEDTAW9H0WB8FM8W	Kim Andrei Besmar	\N	81ad3a92e16d4465bf206aa8d9fc6e9e0e3d054e29d0e0d4839ae46103e70e88	b967c69be2937b8a65b39ceec1d2fe2ddb3dcf9b936484f31d4dc66eddd6e5bf	2026-01-25 00:00:00	\N	\N	f	\N	\N	{"buyerName": "Joshua Ivan Latag", "notaryName": "", "purchasePrice": "PHP 500,000", "transferRequestId": null, "originalCertificateType": "deed_of_sale"}	2026-01-25 08:44:52.447663
ef4f8114-fa84-4d16-add9-89833ac1f4b6	3d2b139b-df76-4885-afba-a47995b2c134	hpg_clearance	HPG-2026-QUQGX0	1UEDTAW9H0WB8FM8W	Joshua Ivan Latag	\N	75e22dd8533cdc729bb582944d356df1b494b63d0e3698e10fed7d6bd15af335	ade49b57d0c6a6b72f4a65b555d1fb47b1441059261887cf993062a72d1d322e	2026-01-25 00:00:00	\N	\N	f	\N	\N	{"vehiclePlate": "LLE-2077", "transferRequestId": null, "verificationDetails": "No adverse record found. Vehicle cleared for registration.", "originalCertificateType": "hpg_clearance"}	2026-01-25 08:44:56.456919
62b76030-408c-4156-8a69-0b1188465e78	aa6d3111-ad58-47af-a235-c45fa869a133	insurance	CTPL-2026-QDBVZF	1UEDTAW9H0WB8FM8W	Joshua Ivan Latag	\N	a453c398b694c98a10c7e4e1e93b54915cd095a4cb670e82e8664d57b45191dd	9fed2baefba5feef1c1b26285573f8339d276785d5d7b4962104b7081389ae86	2026-01-25 00:00:00	2027-01-25 00:00:00	\N	f	\N	\N	{"coverageType": "CTPL", "coverageAmount": "PHP 200,000 / PHP 50,000", "transferRequestId": null, "originalCertificateType": "insurance"}	2026-01-25 08:45:01.151436
dc65eadd-f3f8-4c47-9401-a35e6272411f	e54b05a2-8a65-4396-8457-6ae50dd702ba	csr	DEED-standalone-UE69MT	TVL7CSH7AASKK8ADX	Joshua Ivan Latag	\N	60b9775cca77e0e29616dda81cf82e3b5baa20594f0dbafd9e2a5cc58b338192	31870ec22ecdc18415ec4ec30358da27829d3d284375da5bab1c5c68b4c859b8	2026-01-25 00:00:00	\N	\N	f	\N	\N	{"buyerName": "Kim Andrei Besmar", "notaryName": "", "purchasePrice": "Php 100,000", "transferRequestId": null, "originalCertificateType": "deed_of_sale"}	2026-01-25 09:04:04.839307
4ac3098d-7c60-4a8b-88a9-3e24f8abdd89	3d2b139b-df76-4885-afba-a47995b2c134	hpg_clearance	HPG-2026-DVWFFS	TVL7CSH7AASKK8ADX	Kim Andrei Besmar	\N	c8b9d735d2559bd44b849e836d47049b45d0630a6e4cd3016f3f56c55e5b2716	1c1503a060a2fceb661b71299e066cc13ef668b1f2813f6c3c8537db9798314a	2026-01-25 00:00:00	\N	\N	f	\N	\N	{"vehiclePlate": "VZL-7845", "transferRequestId": null, "verificationDetails": "No adverse record found. Vehicle cleared for registration.", "originalCertificateType": "hpg_clearance"}	2026-01-25 09:04:08.837237
e12f54ba-3a82-40ce-a754-10903940b82f	aa6d3111-ad58-47af-a235-c45fa869a133	insurance	CTPL-2026-XWBD6B	TVL7CSH7AASKK8ADX	Kim Andrei Besmar	\N	f8fad97030ca2da9f3c87d7e3954b834461d1c2f7fe97cebe6404fc238d62104	1f05f021d5464f86075c3253cfa2d0364a53d975dd502a660d96d4699fb571e9	2026-01-25 00:00:00	2027-01-25 00:00:00	\N	f	\N	\N	{"coverageType": "CTPL", "coverageAmount": "PHP 200,000 / PHP 50,000", "transferRequestId": null, "originalCertificateType": "insurance"}	2026-01-25 09:04:13.439157
115eec01-d0bf-4e2d-8f1f-64ee9bd60d9d	3d2b139b-df76-4885-afba-a47995b2c134	hpg_clearance	MVIR-2026-000002	1UEDTAW9H0WB8FM8W	\N	\N	e255ec0a8feadd34ee1a8615f4f995ac83d294e8690fadf8030ca548043cc302	da6ff02c0776bdc04c398049fdef2e35614f44c9ac798a937df3885a6a1dfafd	2026-01-25 09:55:29.032	\N	\N	f	\N	\N	{"inspectionNotes": null, "inspectionResult": "PASS", "inspectionOfficer": "Admin User", "roadworthinessStatus": "ROADWORTHY", "originalCertificateType": "mvir_cert"}	2026-01-25 09:55:29.042115
06faedf7-9131-493f-8a53-04a384662d4e	aa6d3111-ad58-47af-a235-c45fa869a133	insurance	CTPL-2026-3U1RM5	4NHY0RU1LP7T93D20	Kim Andrei Besmar	\N	ee3396de5211bc190f537443324d4573bbc0db75458b16d28bfca122df573c41	6b8b539aa21f6de190093e999000dd8422597844ff7bc21bb4c8de114123fffe	2026-01-26 00:00:00	2027-01-26 00:00:00	\N	f	\N	\N	{"coverageType": "CTPL", "coverageAmount": "PHP 200,000 / PHP 50,000"}	2026-01-26 06:49:36.49186
bf2dc7c4-c1dc-4b62-adf4-1b96e92423de	3d2b139b-df76-4885-afba-a47995b2c134	hpg_clearance	HPG-2026-TIR609	4NHY0RU1LP7T93D20	Kim Andrei Besmar	\N	3c07f5a2aee93ab2b3eb4170cfdb08573480f2e09f21d04aea6d4c2b9d990903	ab431bed6d20376ab19f942e17c9b5c7bf70fc007fdaf3ccab2199ab166e54bf	2026-01-26 00:00:00	\N	\N	f	\N	\N	{"vehiclePlate": "KDS-4361", "verificationDetails": {"engine_condition": "Good", "chassis_condition": "Good"}}	2026-01-26 06:49:42.549185
428eecbe-cd83-4818-9ba5-d37e2239cc6c	e54b05a2-8a65-4396-8457-6ae50dd702ba	csr	CSR-2026-W99MAL	4NHY0RU1LP7T93D20	Kim Andrei Besmar	\N	50c65117231e058c8357a84c2158d614ddfd469813118ec094c89e12d58d8edc	5c1259b84dab173588cf7dbac3c646715112a38fd84216093bc856ab6c12ac9c	2026-01-26 00:00:00	\N	\N	f	\N	\N	{"color": "White", "bodyType": "Pickup", "fuelType": "Gasoline", "vehicleMake": "Ford", "vehicleYear": 2026, "engineNumber": "1GR-CE361136", "vehicleModel": "Ranger"}	2026-01-26 06:49:48.565817
2c52fd27-c0c5-4a5d-b439-32489d144542	e54b05a2-8a65-4396-8457-6ae50dd702ba	csr	DEED-standalone-Y9ACF7	1UEDTAW9H0WB8FM8W	Joshua Ivan Latag	\N	81185216f5eb1f3d0a84f3c47cb57c8d2fcdfb6fd20623df0a301edb117a07dd	32bb88272962f1e4a2bfc9ed95611b94f4f0bcc875caa7d4612fa0407bcbf3cb	2026-01-26 00:00:00	\N	\N	f	\N	\N	{"buyerName": "Kim Andrei Besmar", "notaryName": "", "purchasePrice": "PHP 500,000", "transferRequestId": null, "originalCertificateType": "deed_of_sale"}	2026-01-26 07:42:02.665998
89cac184-0ef4-4578-892c-8bf563175946	3d2b139b-df76-4885-afba-a47995b2c134	hpg_clearance	HPG-2026-JSPX4U	1UEDTAW9H0WB8FM8W	Kim Andrei Besmar	\N	6ccba22d60d3785c1c3e2cad220c4452feffb85726c96846ec6e01af88004feb	30602a5ef8331039ed8b1ba4b4ebaa6434a4afdb01152ad6c773301ff58ab345	2026-01-26 00:00:00	\N	\N	f	\N	\N	{"vehiclePlate": "LLE-2077", "transferRequestId": null, "verificationDetails": "No adverse record found. Vehicle cleared for registration.", "originalCertificateType": "hpg_clearance"}	2026-01-26 07:42:06.705891
20736c16-0c89-473d-a1a1-988e2aa10514	aa6d3111-ad58-47af-a235-c45fa869a133	insurance	CTPL-2026-TCQA8E	1UEDTAW9H0WB8FM8W	Kim Andrei Besmar	\N	1498ab725e587fbda1f8fee615e3754c53c4b5cd99eee77e64f475b4a0ffb6ce	1d9030223ba57c3e3410c5ae6e530c02b2e8106ed394514cd8b1b50aa68b5a83	2026-01-26 00:00:00	2027-01-26 00:00:00	\N	f	\N	\N	{"coverageType": "CTPL", "coverageAmount": "PHP 200,000 / PHP 50,000", "transferRequestId": null, "originalCertificateType": "insurance"}	2026-01-26 07:42:11.55138
\.


--
-- TOC entry 3843 (class 0 OID 16521)
-- Dependencies: 216
-- Data for Name: users; Type: TABLE DATA; Schema: public; Owner: lto_user
--

COPY public.users (id, email, password_hash, first_name, last_name, role, organization, phone, is_active, email_verified, two_factor_enabled, last_login, created_at, updated_at, employee_id, badge_number, department, branch_office, supervisor_id, hire_date, "position", signature_file_path, digital_signature_hash, address, is_trusted_partner, trusted_partner_type) FROM stdin;
73b6d066-9cb7-4b85-94c0-a808d13b005d	emission@lto.gov.ph	$2a$12$0V4iR1vog9LRKdCxgKYQM.sH7QZWP2yMsu5i.80xLfH/imgycOGrG	Emission	Verifier	emission_verifier	Emission Testing Center	\N	t	t	f	\N	2026-01-24 06:02:26.045623	2026-01-24 06:02:26.045623	\N	\N	\N	\N	\N	\N	\N	\N	\N	\N	f	\N
90ee862b-c410-4370-9cf9-fa1400d9bd4f	owner@example.com	$2a$12$0V4iR1vog9LRKdCxgKYQM.sH7QZWP2yMsu5i.80xLfH/imgycOGrG	Vehicle	Owner	vehicle_owner	Individual	\N	t	t	f	\N	2026-01-24 06:02:26.045623	2026-01-24 06:02:26.045623	\N	\N	\N	\N	\N	\N	\N	\N	\N	\N	f	\N
d5a83d69-7fba-4f89-bac1-c88fdcee3266	ltoofficer@lto.gov.ph	$2a$12$x58ZhXS8osrdmdZYTu108etBlEqQjpxLa7WwNqFESC809KnyN9Tx6	Juan	Dela Cruz	lto_officer	Land Transportation Office	+63 917 123 4567	t	t	f	\N	2026-01-24 09:58:59.148298	2026-01-24 09:58:59.148298	LTO-OFF-001	OFF-001	Vehicle Registration	LTO Manila Central	\N	\N	Registration Officer	\N	\N	\N	f	\N
f4fe76a5-d900-4d3d-8c6a-e9b83472b2cb	staff@lto.gov.ph	$2a$12$0V4iR1vog9LRKdCxgKYQM.sH7QZWP2yMsu5i.80xLfH/imgycOGrG	Staff	User	staff	LTO	\N	t	t	f	\N	2026-01-24 06:02:26.045623	2026-01-24 06:17:41.578232	LTO-STAFF-001	STAFF-001	Vehicle Registration	LTO Manila Central	\N	2024-01-01	Registration Clerk	\N	\N	\N	f	\N
5a672d9b-dabc-4778-b380-7587dadab040	dullajasperdave@gmail.com	$2a$12$ReVqd9sepf/4BWPKk.S6QeNSGNKUJM3/zlzWfGnztLzebyBOPGlTy	Jasper	Dulla	vehicle_owner	Individual	09482106236	t	t	f	2026-01-25 09:19:34.473895	2026-01-25 08:11:36.069813	2026-01-25 09:19:34.473895	\N	\N	\N	\N	\N	\N	\N	\N	\N	San Lucas, Lipa City	f	\N
1b76c49c-b8d7-4c10-84aa-6b2bfd1c3fbc	latagjoshuaivan@gmail.com	$2a$12$QmquG9pNfaOk8e8kD1i5iusw0NzHDRCjaf3YpY3Jk1YqjICBUufVq	Joshua Ivan	Latag	vehicle_owner	Individual	+639154788771	t	t	f	2026-01-26 13:51:15.042222	2026-01-24 08:23:47.841908	2026-01-26 13:51:15.042222	\N	\N	\N	\N	\N	\N	\N	\N	\N	Dagatan	f	\N
a57fd791-bef2-4881-baa9-bfbd1c8b799c	admin@lto.gov.ph	$2a$12$0V4iR1vog9LRKdCxgKYQM.sH7QZWP2yMsu5i.80xLfH/imgycOGrG	Admin	User	admin	Land Transportation Office	\N	t	t	f	2026-01-26 14:02:48.270056	2026-01-24 06:02:26.045623	2026-01-26 14:02:48.270056	LTO-ADMIN-001	ADMIN-001	Administration	LTO Manila Central	\N	2024-01-01	LTO Administrator	\N	\N	\N	f	\N
73477102-f36b-448a-89d4-9dc3e93466f8	insurance@insurance.gov.ph	$2a$12$0V4iR1vog9LRKdCxgKYQM.sH7QZWP2yMsu5i.80xLfH/imgycOGrG	Insurance	Verifier	insurance_verifier	Insurance Verification Office	+63 2 3456 7890	t	t	f	2026-01-24 12:36:08.114193	2026-01-24 06:29:41.287341	2026-01-24 12:36:08.114193	\N	\N	\N	\N	\N	\N	\N	\N	\N	\N	f	\N
654bb34d-fec4-458c-94bc-2223d885a6d7	hpg@hpg.gov.ph	$2a$12$x58ZhXS8osrdmdZYTu108etBlEqQjpxLa7WwNqFESC809KnyN9Tx6	HPG	Administrator	admin	Highway Patrol Group	+63 2 2345 6789	t	t	f	2026-01-26 07:32:25.729399	2026-01-24 09:53:44.574528	2026-01-26 07:32:25.729399	\N	\N	\N	\N	\N	\N	\N	\N	\N	\N	f	\N
5eff4107-d246-4f21-b8f4-9f9e7e5b64a9	hpgadmin@hpg.gov.ph	$2a$12$8K1p/a0dL3YvEZrj8nH3hO5vJ5K5K5K5K5K5K5K5K5K5K5K5K5K5K	HPG	Administrator	admin	Highway Patrol Group	+63 2 2345 6789	t	t	f	\N	2026-01-24 06:13:28.265259	2026-01-24 09:24:41.599913	\N	\N	\N	\N	\N	\N	\N	\N	\N	\N	f	\N
c7179b34-ff7f-4004-9495-2cf9f049c3d1	ltofficer@lto.gov.ph	$2a$12$0V4iR1vog9LRKdCxgKYQM.sH7QZWP2yMsu5i.80xLfH/imgycOGrG	Juan	Dela Cruz	lto_officer	Land Transportation Office	+63 917 123 4567	t	t	f	2026-01-24 10:42:22.140097	2026-01-24 06:13:28.262002	2026-01-24 10:42:22.140097	\N	OFF-001	Vehicle Registration	LTO Manila Central	\N	\N	Registration Officer	\N	\N	\N	f	\N
21d178c0-37c5-466e-b2eb-560e32981cbd	insurance@lto.gov.ph	$2a$12$0V4iR1vog9LRKdCxgKYQM.sH7QZWP2yMsu5i.80xLfH/imgycOGrG	Insurance	Verifier	insurance_verifier	Insurance Company	\N	t	t	f	2026-01-24 16:54:09.424488	2026-01-24 06:02:26.045623	2026-01-24 16:54:09.424488	\N	\N	\N	\N	\N	\N	\N	\N	\N	\N	f	\N
36b86e7e-7668-49dc-8dd6-6610ce092a73	kimandrei012@gmail.com	$2a$12$6/RiYmpgAnT0J5Jr8spPNe/cKKQjj8NcvCl4gOzS86ZJZ2oWZZHRu	Kim Andrei	Besmar	vehicle_owner	Individual	09672564545	t	t	f	2026-01-26 10:18:42.834284	2026-01-25 03:38:54.665833	2026-01-26 10:18:42.834284	\N	\N	\N	\N	\N	\N	\N	\N	\N	Lipa City	f	\N
\.


--
-- TOC entry 3844 (class 0 OID 16540)
-- Dependencies: 217
-- Data for Name: vehicles; Type: TABLE DATA; Schema: public; Owner: lto_user
--

COPY public.vehicles (id, vin, plate_number, make, model, year, color, engine_number, chassis_number, vehicle_type, fuel_type, transmission, engine_displacement, owner_id, status, registration_date, last_updated, priority, notes, mvir_number, inspection_date, inspection_result, roadworthiness_status, emission_compliance, inspection_officer, inspection_notes, inspection_documents, registration_expiry_date, insurance_expiry_date, emission_expiry_date, expiry_notified_30d, expiry_notified_7d, expiry_notified_1d, blockchain_tx_id, vehicle_category, passenger_capacity, gross_vehicle_weight, net_weight, registration_type, origin_type, or_number, cr_number, or_issued_at, cr_issued_at, date_of_registration, scrapped_at, scrap_reason, scrapped_by) FROM stdin;
b87977c0-b366-4094-9116-e116fdc1198c	DPEN55LZKVYFCPYVS	PJW-1558	Toyota	Fortuner	2026	White	4GR-FE955282	DPEN55LZKVYFCPYVS	Car	GASOLINE	MANUAL	\N	1b76c49c-b8d7-4c10-84aa-6b2bfd1c3fbc	SUBMITTED	2026-01-24 10:39:28.530301	2026-01-24 10:39:28.530301	MEDIUM	{"admin":"","insurance":""}	\N	\N	\N	\N	\N	\N	\N	\N	\N	\N	\N	f	f	f	\N	M1	4	444.00	333.00	Private	NEW_REG	\N	\N	\N	\N	\N	\N	\N	\N
bf9b124a-4c18-4b5b-acc0-a03cc3d48d43	X5KXMY2X6U4207T4E	YKS-1535	Kia	Rio	2026	White	1GR-DE950303	X5KXMY2X6U4207T4E	Car	GASOLINE	MANUAL	\N	1b76c49c-b8d7-4c10-84aa-6b2bfd1c3fbc	SUBMITTED	2026-01-24 12:34:38.165805	2026-01-24 12:34:38.165805	MEDIUM	{"admin":"","insurance":""}	\N	\N	\N	\N	\N	\N	\N	\N	\N	\N	\N	f	f	f	\N	M1	4	444.00	333.00	Private	NEW_REG	\N	\N	\N	\N	\N	\N	\N	\N
ff0e5ca1-23a4-4bae-bdfe-563381687959	PXUTMY0VRM7SJ1DJG	UFM-8424	Fuso	Canter	2026	White	1GR-CE381541	PXUTMY0VRM7SJ1DJG	Car	GASOLINE	MANUAL	\N	1b76c49c-b8d7-4c10-84aa-6b2bfd1c3fbc	SUBMITTED	2026-01-24 15:53:03.322976	2026-01-24 15:53:03.322976	MEDIUM	{"admin":"","insurance":""}	\N	\N	\N	\N	\N	\N	\N	\N	\N	\N	\N	f	f	f	\N	M1	4	444.00	333.00	Private	NEW_REG	\N	\N	\N	\N	\N	\N	\N	\N
2b072bb7-913e-4ea0-9347-f36ccf8d044b	DMHJ9ZBK50SBJZZ49	LRZ-4414	Foton	Toano	2026	White	3UR-BE104018	DMHJ9ZBK50SBJZZ49	Car	GASOLINE	MANUAL	\N	1b76c49c-b8d7-4c10-84aa-6b2bfd1c3fbc	SUBMITTED	2026-01-24 16:52:36.08846	2026-01-24 16:52:37.353292	MEDIUM	{"admin":"","insurance":""}	\N	\N	\N	\N	\N	\N	\N	\N	\N	\N	\N	f	f	f	\N	M1	4	444.00	333.00	Private	NEW_REG	\N	\N	\N	\N	\N	\N	\N	\N
0f9d0224-8f13-4c9f-ba41-f23d0c10506e	AF6WB1Y1WVNKGC7Z3	DHK-2840	Honda	TMX Supremo	2026	White	4GR-CE497254	AF6WB1Y1WVNKGC7Z3	Car	GASOLINE	MANUAL	\N	1b76c49c-b8d7-4c10-84aa-6b2bfd1c3fbc	SUBMITTED	2026-01-24 17:56:49.809122	2026-01-24 17:56:49.809122	MEDIUM	{"admin":"","insurance":""}	\N	\N	\N	\N	\N	\N	\N	\N	\N	\N	\N	f	f	f	\N	M1	4	444.00	333.00	Private	NEW_REG	\N	\N	\N	\N	\N	\N	\N	\N
e302a557-2f17-4c3d-9630-f859b8404327	DV347804YE0WXGRSK	ACA-3346	Toyota	HiAce	2026	White	2NR-FE575339	DV347804YE0WXGRSK	Car	GASOLINE	MANUAL	\N	1b76c49c-b8d7-4c10-84aa-6b2bfd1c3fbc	SUBMITTED	2026-01-24 18:27:54.403746	2026-01-24 18:27:55.376512	MEDIUM	{"admin":"","insurance":""}	\N	\N	\N	\N	\N	\N	\N	\N	\N	\N	\N	f	f	f	\N	M1	4	444.00	333.00	Private	NEW_REG	\N	\N	\N	\N	\N	\N	\N	\N
858a20ac-2371-40ee-95b0-8f54bdc06db3	NT226TR0SBTNX8H0C	DNY-7331	Isuzu	N-Series	2026	White	2NR-CE157181	NT226TR0SBTNX8H0C	Car	GASOLINE	MANUAL	\N	1b76c49c-b8d7-4c10-84aa-6b2bfd1c3fbc	SUBMITTED	2026-01-24 18:44:15.685196	2026-01-24 18:44:16.675228	MEDIUM	{"admin":"","insurance":""}	\N	\N	\N	\N	\N	\N	\N	\N	\N	\N	\N	f	f	f	\N	M2	4	444.00	333.00	Private	NEW_REG	\N	\N	\N	\N	\N	\N	\N	\N
f0350d21-a03c-465f-a536-6d8038b4c100	U198H0VR10TT2RS6E	VNA-5740	KTM	Duke 200	2026	White	2NR-FE645151	U198H0VR10TT2RS6E	Car	GASOLINE	MANUAL	\N	1b76c49c-b8d7-4c10-84aa-6b2bfd1c3fbc	SUBMITTED	2026-01-24 18:57:00.226027	2026-01-24 18:57:01.370983	MEDIUM	{"admin":"","insurance":""}	\N	\N	\N	\N	\N	\N	\N	\N	\N	\N	\N	f	f	f	\N	M1	4	444.00	333.00	Private	NEW_REG	\N	\N	\N	\N	\N	\N	\N	\N
6dd179cd-2f50-4833-82ed-003f34fa817d	F5TFNJM7BDH13S38W	XSX-7285	Honda	Civic	2026	White	3UR-DE884077	F5TFNJM7BDH13S38W	Car	GASOLINE	MANUAL	\N	1b76c49c-b8d7-4c10-84aa-6b2bfd1c3fbc	REGISTERED	2026-01-24 19:19:06.380614	2026-01-25 02:11:45.00397	MEDIUM	{"admin":"","insurance":""}	\N	\N	\N	\N	\N	\N	\N	\N	2027-01-24 19:21:26.394	\N	\N	f	f	f	eeeb1b1a19bb831061adce655bf93c2ff17f8e00390e0e92722aff973c786e8b	M1	4	444.00	333.00	Private	NEW_REG	OR-2026-000001	CR-2026-000001	2026-01-24 19:21:25.837	2026-01-24 19:21:25.837	2026-01-24 19:19:06.380614	\N	\N	\N
e8949d82-01b3-49ef-af1a-9380edb2c3e4	BX0SDRHABB4GG71DE	KKT-4961	Honda	City	2026	White	5VZ-CE476535	BX0SDRHABB4GG71DE	Car	GASOLINE	MANUAL	\N	1b76c49c-b8d7-4c10-84aa-6b2bfd1c3fbc	APPROVED	2026-01-25 03:03:52.766533	2026-01-25 03:05:59.283245	MEDIUM	{"admin":"","insurance":""}	\N	\N	\N	\N	\N	\N	\N	\N	\N	\N	\N	f	f	f	\N	M1	4	444.00	333.00	Private	NEW_REG	OR-2026-000002	CR-2026-000002	2026-01-25 03:05:59.275	2026-01-25 03:05:59.275	2026-01-25 03:03:52.766533	\N	\N	\N
8f16185b-84a1-4e4f-b3d0-b267326e02d4	TVL7CSH7AASKK8ADX	VZL-7845	Kia	Rio	2026	White	4GR-DE868125	TVL7CSH7AASKK8ADX	Car	GASOLINE	MANUAL	\N	1b76c49c-b8d7-4c10-84aa-6b2bfd1c3fbc	TRANSFER_IN_PROGRESS	2026-01-25 03:17:53.672512	2026-01-25 09:40:06.09174	MEDIUM	{"admin":"","insurance":""}	\N	\N	\N	\N	\N	\N	\N	\N	\N	\N	\N	f	f	f	\N	M1	4	444.00	333.00	Private	NEW_REG	OR-2026-000004	CR-2026-000004	2026-01-25 03:20:07.511	2026-01-25 03:20:07.511	2026-01-25 03:17:53.672512	\N	\N	\N
c23351bd-e788-4dad-9fff-d7afb25adee9	C591CULJ8VVZDWSAN	NKZ-2698	Hyundai	Tucson	2026	White	3UR-GE380290	C591CULJ8VVZDWSAN	Car	GASOLINE	MANUAL	\N	1b76c49c-b8d7-4c10-84aa-6b2bfd1c3fbc	REGISTERED	2026-01-25 03:45:44.172599	2026-01-25 08:05:07.147513	MEDIUM	{"admin":"","insurance":""}	MVIR-2026-000001	2026-01-25 05:45:59.231	PASS	ROADWORTHY	\N	Admin User	Good Job	\N	2027-01-25 03:53:46.662	\N	\N	f	f	f	e4c7af862a51c450fcd847db3dd3978646a7ad55deae703e6922ac042820f217	M1	4	444.00	333.00	Private	NEW_REG	OR-2026-000006	CR-2026-000006	2026-01-25 03:53:46.464	2026-01-25 03:53:46.464	2026-01-25 03:45:44.172599	\N	\N	\N
6c141f8b-ca45-479a-8fb2-5e92ef6e8ed3	KFB5A57GS16JU3P6M	RCP-2196	Honda	ADV 160	2026	White	2NR-FE818323	KFB5A57GS16JU3P6M	Motorcycle	GASOLINE	MANUAL	\N	5a672d9b-dabc-4778-b380-7587dadab040	SUBMITTED	2026-01-25 08:41:59.234552	2026-01-25 08:42:00.17917	MEDIUM	{"admin":"","insurance":""}	\N	\N	\N	\N	\N	\N	\N	\N	\N	\N	\N	f	f	f	\N	L3	2	2222.00	1111.00	Private	NEW_REG	\N	\N	\N	\N	\N	\N	\N	\N
98306c80-511b-4126-a27f-85cad274594a	1UEDTAW9H0WB8FM8W	LLE-2077	Royal	Classic 350	2026	White	4GR-CE103258	1UEDTAW9H0WB8FM8W	Sedan	GASOLINE	MANUAL	\N	1b76c49c-b8d7-4c10-84aa-6b2bfd1c3fbc	TRANSFER_IN_PROGRESS	2026-01-25 08:39:18.403888	2026-01-26 07:44:29.849785	MEDIUM	{"admin":"","insurance":""}	MVIR-2026-000002	2026-01-25 09:55:29.032	PASS	ROADWORTHY	\N	Admin User	\N	\N	2027-01-25 08:42:18.551	\N	\N	f	f	f	b27e473873307e656cbbe04a83b20bed86f675320f2f3e60debe5efedc4c96df	M1	6	60.00	35.00	Private	TRANSFER	OR-2026-000007	CR-2026-000007	2026-01-25 08:42:18.342	2026-01-25 08:42:18.342	2026-01-25 08:39:18.403888	\N	\N	\N
047cad0d-57fc-4a82-85cc-2eed577a56f8	4NHY0RU1LP7T93D20	KDS-4361	Ford	Ranger	2026	White	1GR-CE361136	4NHY0RU1LP7T93D20	Pickup	GASOLINE	MANUAL	\N	36b86e7e-7668-49dc-8dd6-6610ce092a73	PENDING_BLOCKCHAIN	2026-01-26 07:31:58.01453	2026-01-26 14:03:14.807152	MEDIUM	{"admin":"","insurance":""}	\N	\N	\N	\N	\N	\N	\N	\N	\N	\N	\N	f	f	f	\N	M1	5	50.00	40.00	Private	NEW_REG	OR-2026-000010	CR-2026-000010	2026-01-26 14:03:14.806	2026-01-26 14:03:14.806	2026-01-26 07:31:58.01453	\N	\N	\N
\.


--
-- TOC entry 3865 (class 0 OID 17181)
-- Dependencies: 241
-- Data for Name: certificate_submissions; Type: TABLE DATA; Schema: public; Owner: lto_user
--

COPY public.certificate_submissions (id, vehicle_id, certificate_type, uploaded_file_path, uploaded_file_hash, verification_status, verification_notes, matched_certificate_id, submitted_by, verified_by, submitted_at, verified_at, created_at) FROM stdin;
\.


--
-- TOC entry 3858 (class 0 OID 16878)
-- Dependencies: 233
-- Data for Name: clearance_requests; Type: TABLE DATA; Schema: public; Owner: lto_user
--

COPY public.clearance_requests (id, vehicle_id, request_type, status, requested_by, requested_at, assigned_to, completed_at, certificate_id, purpose, notes, metadata, created_at, updated_at, verification_mode) FROM stdin;
24d2ad22-ff3b-428e-a194-5c0122c02aca	2b072bb7-913e-4ea0-9347-f36ccf8d044b	hpg	PENDING	1b76c49c-b8d7-4c10-84aa-6b2bfd1c3fbc	2026-01-24 16:52:36.937807	5eff4107-d246-4f21-b8f4-9f9e7e5b64a9	\N	\N	Initial Vehicle Registration - HPG Clearance	Automatically sent upon vehicle registration submission	{"documents": [{"id": "fa3d7a70-4213-4656-80aa-35a0c61ad173", "cid": "bafkreifxmuv6lhpf7dclr5o4ciiisza3sk7p3vdmeoztqfexfqibb5c42q", "path": "/app/backend/uploads/document-1769273555832-506991773.jpg", "type": "owner_id", "filename": "download (3).jpg"}, {"id": "e0fa1f29-d275-498a-87b4-c60ab5c0ad18", "cid": "bafkreicclndxye4sirbm4tyrakavlhfrrfni2hw23tojje26va3nkzbqje", "path": "/app/backend/uploads/document-1769273555678-353057282.pdf", "type": "hpg_clearance", "filename": "HPG_Clearance_HPG-2026-DO6EYY.pdf"}], "orCrDocId": null, "ownerName": "Joshua Ivan Latag", "orCrDocCid": null, "ownerEmail": "latagjoshuaivan@gmail.com", "vehicleVin": "DMHJ9ZBK50SBJZZ49", "orCrDocPath": null, "vehicleMake": "Foton", "vehicleYear": 2026, "engineNumber": "3UR-BE104018", "ownerIdDocId": "fa3d7a70-4213-4656-80aa-35a0c61ad173", "vehicleColor": "White", "vehicleModel": "Toano", "vehiclePlate": "LRZ-4414", "chassisNumber": "DMHJ9ZBK50SBJZZ49", "extractedData": {"vin": "DMHJ9ZBK50SBJZZ49", "source": "vehicle_metadata", "plateNumber": "LRZ-4414", "engineNumber": "3UR-BE104018", "ocrExtracted": false, "chassisNumber": "DMHJ9ZBK50SBJZZ49"}, "ownerIdDocCid": "bafkreifxmuv6lhpf7dclr5o4ciiisza3sk7p3vdmeoztqfexfqibb5c42q", "ownerIdDocPath": "/app/backend/uploads/document-1769273555832-506991773.jpg", "orCrDocFilename": null, "automationPhase1": {"completed": true, "completedAt": "2026-01-24T16:52:36.965Z", "databaseChecked": true}, "hpgDatabaseCheck": {"status": "CLEAN", "details": "Vehicle not found in HPG hot list", "checkedAt": "2026-01-24T16:52:36.959Z", "matchedRecords": [], "recommendation": "PROCEED"}, "hpgClearanceDocId": "e0fa1f29-d275-498a-87b4-c60ab5c0ad18", "hpgClearanceDocCid": "bafkreicclndxye4sirbm4tyrakavlhfrrfni2hw23tojje26va3nkzbqje", "ownerIdDocFilename": "download (3).jpg", "hpgClearanceDocPath": "/app/backend/uploads/document-1769273555678-353057282.pdf", "registrationCertDocId": null, "registrationCertDocCid": null, "hpgClearanceDocFilename": "HPG_Clearance_HPG-2026-DO6EYY.pdf"}	2026-01-24 16:52:36.937807	2026-01-24 16:52:36.966119	MANUAL
e4fb2a34-ca32-40af-b98d-4e212c3eeade	2b072bb7-913e-4ea0-9347-f36ccf8d044b	insurance	PENDING	1b76c49c-b8d7-4c10-84aa-6b2bfd1c3fbc	2026-01-24 16:52:36.980782	21d178c0-37c5-466e-b2eb-560e32981cbd	\N	\N	Initial Vehicle Registration - Insurance Verification	Automatically sent upon vehicle registration submission	{"documents": [{"id": "23de4345-7dbf-4a66-8bac-7da1d452c190", "cid": "bafkreiblyrq3a4saurcmtcqjysq447y745enqo4c6o6h5c347c6drmc3su", "path": "/app/backend/uploads/document-1769273555830-106792479.pdf", "type": "insurance_cert", "filename": "Insurance_Certificate_CTPL-2026-IQR4QU.pdf"}], "ownerName": "Joshua Ivan Latag", "documentId": "23de4345-7dbf-4a66-8bac-7da1d452c190", "ownerEmail": "latagjoshuaivan@gmail.com", "vehicleVin": "DMHJ9ZBK50SBJZZ49", "documentCid": "bafkreiblyrq3a4saurcmtcqjysq447y745enqo4c6o6h5c347c6drmc3su", "vehicleMake": "Foton", "vehicleYear": 2026, "documentPath": "/app/backend/uploads/document-1769273555830-106792479.pdf", "documentType": "insurance_cert", "vehicleModel": "Toano", "vehiclePlate": "LRZ-4414", "documentFilename": "Insurance_Certificate_CTPL-2026-IQR4QU.pdf"}	2026-01-24 16:52:36.980782	2026-01-24 16:52:36.980782	MANUAL
1a64cf4e-8413-4122-8391-bc3f7250af84	e302a557-2f17-4c3d-9630-f859b8404327	hpg	PENDING	1b76c49c-b8d7-4c10-84aa-6b2bfd1c3fbc	2026-01-24 18:27:55.119226	5eff4107-d246-4f21-b8f4-9f9e7e5b64a9	\N	\N	Initial Vehicle Registration - HPG Clearance	Automatically sent upon vehicle registration submission	{"documents": [{"id": "3a15de3f-b9ca-41c9-b932-90be648ef686", "cid": "bafkreifxmuv6lhpf7dclr5o4ciiisza3sk7p3vdmeoztqfexfqibb5c42q", "path": "/app/backend/uploads/document-1769279273971-542114240.jpg", "type": "owner_id", "filename": "download (3).jpg"}, {"id": "14710582-fce2-4be5-9162-26e08cbe4d93", "cid": "bafkreiddkkpjuy2md5zlam6apfgqqejipwiyrekbrr777t6pqbi4n65w3q", "path": "/app/backend/uploads/document-1769279273847-858662969.pdf", "type": "hpg_clearance", "filename": "HPG_Clearance_HPG-2026-YGAJX8.pdf"}], "orCrDocId": null, "ownerName": "Joshua Ivan Latag", "orCrDocCid": null, "ownerEmail": "latagjoshuaivan@gmail.com", "vehicleVin": "DV347804YE0WXGRSK", "orCrDocPath": null, "vehicleMake": "Toyota", "vehicleYear": 2026, "engineNumber": "2NR-FE575339", "ownerIdDocId": "3a15de3f-b9ca-41c9-b932-90be648ef686", "vehicleColor": "White", "vehicleModel": "HiAce", "vehiclePlate": "ACA-3346", "chassisNumber": "DV347804YE0WXGRSK", "extractedData": {"vin": "DV347804YE0WXGRSK", "source": "vehicle_metadata", "plateNumber": "ACA-3346", "engineNumber": "2NR-FE575339", "ocrExtracted": false, "chassisNumber": "DV347804YE0WXGRSK"}, "ownerIdDocCid": "bafkreifxmuv6lhpf7dclr5o4ciiisza3sk7p3vdmeoztqfexfqibb5c42q", "ownerIdDocPath": "/app/backend/uploads/document-1769279273971-542114240.jpg", "orCrDocFilename": null, "automationPhase1": {"completed": true, "completedAt": "2026-01-24T18:27:55.154Z", "databaseChecked": true}, "hpgDatabaseCheck": {"status": "CLEAN", "details": "Vehicle not found in HPG hot list", "checkedAt": "2026-01-24T18:27:55.146Z", "matchedRecords": [], "recommendation": "PROCEED"}, "hpgClearanceDocId": "14710582-fce2-4be5-9162-26e08cbe4d93", "hpgClearanceDocCid": "bafkreiddkkpjuy2md5zlam6apfgqqejipwiyrekbrr777t6pqbi4n65w3q", "ownerIdDocFilename": "download (3).jpg", "hpgClearanceDocPath": "/app/backend/uploads/document-1769279273847-858662969.pdf", "registrationCertDocId": null, "registrationCertDocCid": null, "hpgClearanceDocFilename": "HPG_Clearance_HPG-2026-YGAJX8.pdf"}	2026-01-24 18:27:55.119226	2026-01-24 18:27:55.154996	MANUAL
b0e304da-150b-440f-bfa4-897b77e28503	e302a557-2f17-4c3d-9630-f859b8404327	insurance	PENDING	1b76c49c-b8d7-4c10-84aa-6b2bfd1c3fbc	2026-01-24 18:27:55.33322	73477102-f36b-448a-89d4-9dc3e93466f8	\N	\N	Initial Vehicle Registration - Insurance Verification	Automatically sent upon vehicle registration submission	{"documents": [{"id": "7e6351fa-7836-4c0d-8f18-2ea61a168455", "cid": "bafkreihpcouha67uwphr3tipoo36sddtq5srpg2uxt6xplrvbt37oed4om", "path": "/app/backend/uploads/document-1769279273967-229167351.pdf", "type": "insurance_cert", "filename": "Insurance_Certificate_CTPL-2026-CGYUF2.pdf"}], "ownerName": "Joshua Ivan Latag", "documentId": "7e6351fa-7836-4c0d-8f18-2ea61a168455", "ownerEmail": "latagjoshuaivan@gmail.com", "vehicleVin": "DV347804YE0WXGRSK", "verifiedAt": null, "verifiedBy": "system", "documentCid": "bafkreihpcouha67uwphr3tipoo36sddtq5srpg2uxt6xplrvbt37oed4om", "vehicleMake": "Toyota", "vehicleYear": 2026, "autoVerified": true, "documentPath": "/app/backend/uploads/document-1769279273967-229167351.pdf", "documentType": "insurance_cert", "vehicleModel": "HiAce", "vehiclePlate": "ACA-3346", "documentFilename": "Insurance_Certificate_CTPL-2026-CGYUF2.pdf", "autoVerificationResult": {"basis": {"hashUnique": true, "notExpired": true, "patternValid": true}, "score": 100, "reason": "Certificate authenticity failed: Error checking authenticity: syntax error at or near \\"from\\"", "status": "PENDING", "ocrData": {"insuranceExpiry": "24-Jan-2027", "insuranceCompany": "Details\\nCompany Name", "insurancePolicyNumber": "CTPL-2026-CGYUF2"}, "automated": true, "hashCheck": {"exists": false, "source": "database"}, "confidence": 1, "flagReasons": ["Certificate authenticity failed: Error checking authenticity: syntax error at or near \\"from\\""], "patternCheck": {"valid": true, "reason": "Format matches expected pattern", "pattern": "CTPL-YYYY-XXXXXX (e.g., CTPL-2026-C9P5EX)", "confidence": 100, "normalized": "CTPL-2026-CGYUF2"}, "authenticityCheck": {"error": "syntax error at or near \\"from\\"", "reason": "Error checking authenticity: syntax error at or near \\"from\\"", "authentic": false, "authenticityScore": 0}, "verificationResult": "FAILED"}}	2026-01-24 18:27:55.33322	2026-01-24 18:27:55.33322	MANUAL
16caad41-a335-422d-8bf2-654f0a009abd	858a20ac-2371-40ee-95b0-8f54bdc06db3	hpg	PENDING	1b76c49c-b8d7-4c10-84aa-6b2bfd1c3fbc	2026-01-24 18:44:16.406477	5eff4107-d246-4f21-b8f4-9f9e7e5b64a9	\N	\N	Initial Vehicle Registration - HPG Clearance	Automatically sent upon vehicle registration submission	{"documents": [{"id": "c212d8d0-87da-4b3b-8d56-4b931b226ec7", "cid": "bafkreifxmuv6lhpf7dclr5o4ciiisza3sk7p3vdmeoztqfexfqibb5c42q", "path": "/app/backend/uploads/document-1769280254751-804250307.jpg", "type": "owner_id", "filename": "download (3).jpg"}, {"id": "f2c14a7f-fa02-4434-af10-7124fa7c624a", "cid": "bafkreicxuzzb2cg4lobqxuivhnqqpsilui5hpody7rajbu2kjallnr3tiy", "path": "/app/backend/uploads/document-1769280254692-479549361.pdf", "type": "hpg_clearance", "filename": "HPG_Clearance_HPG-2026-UF3UX4.pdf"}], "orCrDocId": null, "ownerName": "Joshua Ivan Latag", "orCrDocCid": null, "ownerEmail": "latagjoshuaivan@gmail.com", "vehicleVin": "NT226TR0SBTNX8H0C", "orCrDocPath": null, "vehicleMake": "Isuzu", "vehicleYear": 2026, "engineNumber": "2NR-CE157181", "ownerIdDocId": "c212d8d0-87da-4b3b-8d56-4b931b226ec7", "vehicleColor": "White", "vehicleModel": "N-Series", "vehiclePlate": "DNY-7331", "chassisNumber": "NT226TR0SBTNX8H0C", "extractedData": {"vin": "NT226TR0SBTNX8H0C", "source": "vehicle_metadata", "plateNumber": "DNY-7331", "engineNumber": "2NR-CE157181", "ocrExtracted": false, "chassisNumber": "NT226TR0SBTNX8H0C"}, "ownerIdDocCid": "bafkreifxmuv6lhpf7dclr5o4ciiisza3sk7p3vdmeoztqfexfqibb5c42q", "ownerIdDocPath": "/app/backend/uploads/document-1769280254751-804250307.jpg", "orCrDocFilename": null, "automationPhase1": {"completed": true, "completedAt": "2026-01-24T18:44:16.444Z", "databaseChecked": true}, "hpgDatabaseCheck": {"status": "CLEAN", "details": "Vehicle not found in HPG hot list", "checkedAt": "2026-01-24T18:44:16.436Z", "matchedRecords": [], "recommendation": "PROCEED"}, "hpgClearanceDocId": "f2c14a7f-fa02-4434-af10-7124fa7c624a", "hpgClearanceDocCid": "bafkreicxuzzb2cg4lobqxuivhnqqpsilui5hpody7rajbu2kjallnr3tiy", "ownerIdDocFilename": "download (3).jpg", "hpgClearanceDocPath": "/app/backend/uploads/document-1769280254692-479549361.pdf", "registrationCertDocId": null, "registrationCertDocCid": null, "hpgClearanceDocFilename": "HPG_Clearance_HPG-2026-UF3UX4.pdf"}	2026-01-24 18:44:16.406477	2026-01-24 18:44:16.444878	MANUAL
8850ed98-c835-461b-834d-7833165909a4	858a20ac-2371-40ee-95b0-8f54bdc06db3	insurance	PENDING	1b76c49c-b8d7-4c10-84aa-6b2bfd1c3fbc	2026-01-24 18:44:16.628337	73477102-f36b-448a-89d4-9dc3e93466f8	\N	\N	Initial Vehicle Registration - Insurance Verification	Automatically sent upon vehicle registration submission	{"documents": [{"id": "59072c45-2f26-406c-b340-ca410ec7ab29", "cid": "bafkreidlxxblj3y7dixtjvcueubjs7rhdv7mf4w2syipeerlkns3e4pngi", "path": "/app/backend/uploads/document-1769280254912-412105518.pdf", "type": "insurance_cert", "filename": "Insurance_Certificate_CTPL-2026-8TVPD4.pdf"}], "ownerName": "Joshua Ivan Latag", "documentId": "59072c45-2f26-406c-b340-ca410ec7ab29", "ownerEmail": "latagjoshuaivan@gmail.com", "vehicleVin": "NT226TR0SBTNX8H0C", "verifiedAt": null, "verifiedBy": "system", "documentCid": "bafkreidlxxblj3y7dixtjvcueubjs7rhdv7mf4w2syipeerlkns3e4pngi", "vehicleMake": "Isuzu", "vehicleYear": 2026, "autoVerified": true, "documentPath": "/app/backend/uploads/document-1769280254912-412105518.pdf", "documentType": "insurance_cert", "vehicleModel": "N-Series", "vehiclePlate": "DNY-7331", "documentFilename": "Insurance_Certificate_CTPL-2026-8TVPD4.pdf", "autoVerificationResult": {"basis": {"hashUnique": true, "notExpired": true, "patternValid": true}, "score": 100, "reason": "Certificate authenticity failed: Error checking authenticity: syntax error at or near \\"from\\"", "status": "PENDING", "ocrData": {"insuranceExpiry": "24-Jan-2027", "insuranceCompany": "Details\\nCompany Name", "insurancePolicyNumber": "CTPL-2026-8TVPD4"}, "automated": true, "hashCheck": {"exists": false, "source": "database"}, "confidence": 1, "flagReasons": ["Certificate authenticity failed: Error checking authenticity: syntax error at or near \\"from\\""], "patternCheck": {"valid": true, "reason": "Format matches expected pattern", "pattern": "CTPL-YYYY-XXXXXX (e.g., CTPL-2026-C9P5EX)", "confidence": 100, "normalized": "CTPL-2026-8TVPD4"}, "authenticityCheck": {"error": "syntax error at or near \\"from\\"", "reason": "Error checking authenticity: syntax error at or near \\"from\\"", "authentic": false, "authenticityScore": 0}, "verificationResult": "FAILED"}}	2026-01-24 18:44:16.628337	2026-01-24 18:44:16.628337	MANUAL
9b51d8c0-574c-4d41-b30c-c829e4ca4c1a	f0350d21-a03c-465f-a536-6d8038b4c100	hpg	PENDING	1b76c49c-b8d7-4c10-84aa-6b2bfd1c3fbc	2026-01-24 18:57:01.015735	5eff4107-d246-4f21-b8f4-9f9e7e5b64a9	\N	\N	Initial Vehicle Registration - HPG Clearance	Automatically sent upon vehicle registration submission	{"documents": [{"id": "00e57665-ee91-43ff-8437-919d13629f9a", "cid": "bafkreib67a5ce7zh4rzqcb4nhtfpnive6ketri2k44bc7imt5e2xcgf3sm", "path": "/app/backend/uploads/document-1769281019733-883163292.pdf", "type": "hpg_clearance", "filename": "HPG_Clearance_HPG-2026-FSVWKD.pdf"}, {"id": "dd1af224-3f76-4fb6-8aef-92a0a9216929", "cid": "bafkreifxmuv6lhpf7dclr5o4ciiisza3sk7p3vdmeoztqfexfqibb5c42q", "path": "/app/backend/uploads/document-1769281019622-687243055.jpg", "type": "owner_id", "filename": "download (3).jpg"}], "orCrDocId": null, "ownerName": "Joshua Ivan Latag", "orCrDocCid": null, "ownerEmail": "latagjoshuaivan@gmail.com", "vehicleVin": "U198H0VR10TT2RS6E", "orCrDocPath": null, "vehicleMake": "KTM", "vehicleYear": 2026, "engineNumber": "2NR-FE645151", "ownerIdDocId": "dd1af224-3f76-4fb6-8aef-92a0a9216929", "vehicleColor": "White", "vehicleModel": "Duke 200", "vehiclePlate": "VNA-5740", "chassisNumber": "U198H0VR10TT2RS6E", "extractedData": {"vin": "U198H0VR10TT2RS6E", "source": "vehicle_metadata", "plateNumber": "VNA-5740", "engineNumber": "2NR-FE645151", "ocrExtracted": false, "chassisNumber": "U198H0VR10TT2RS6E"}, "ownerIdDocCid": "bafkreifxmuv6lhpf7dclr5o4ciiisza3sk7p3vdmeoztqfexfqibb5c42q", "ownerIdDocPath": "/app/backend/uploads/document-1769281019622-687243055.jpg", "orCrDocFilename": null, "automationPhase1": {"completed": true, "completedAt": "2026-01-24T18:57:01.069Z", "databaseChecked": true}, "hpgDatabaseCheck": {"status": "CLEAN", "details": "Vehicle not found in HPG hot list", "checkedAt": "2026-01-24T18:57:01.056Z", "matchedRecords": [], "recommendation": "PROCEED"}, "hpgClearanceDocId": "00e57665-ee91-43ff-8437-919d13629f9a", "hpgClearanceDocCid": "bafkreib67a5ce7zh4rzqcb4nhtfpnive6ketri2k44bc7imt5e2xcgf3sm", "ownerIdDocFilename": "download (3).jpg", "hpgClearanceDocPath": "/app/backend/uploads/document-1769281019733-883163292.pdf", "registrationCertDocId": null, "registrationCertDocCid": null, "hpgClearanceDocFilename": "HPG_Clearance_HPG-2026-FSVWKD.pdf"}	2026-01-24 18:57:01.015735	2026-01-24 18:57:01.070899	MANUAL
ea52e5ce-a4ef-4309-a186-610d07fc1fc4	f0350d21-a03c-465f-a536-6d8038b4c100	insurance	PENDING	1b76c49c-b8d7-4c10-84aa-6b2bfd1c3fbc	2026-01-24 18:57:01.329751	73477102-f36b-448a-89d4-9dc3e93466f8	\N	\N	Initial Vehicle Registration - Insurance Verification	Automatically sent upon vehicle registration submission	{"documents": [{"id": "872dbaa8-6444-4058-887e-476708e61259", "cid": "bafkreifzsgdkci5c4ckiynu4zqu7xmvcgyejsy3snb5blsantmoexoegxi", "path": "/app/backend/uploads/document-1769281019559-490683150.pdf", "type": "insurance_cert", "filename": "Insurance_Certificate_CTPL-2026-583PRU.pdf"}], "ownerName": "Joshua Ivan Latag", "documentId": "872dbaa8-6444-4058-887e-476708e61259", "ownerEmail": "latagjoshuaivan@gmail.com", "vehicleVin": "U198H0VR10TT2RS6E", "verifiedAt": null, "verifiedBy": "system", "documentCid": "bafkreifzsgdkci5c4ckiynu4zqu7xmvcgyejsy3snb5blsantmoexoegxi", "vehicleMake": "KTM", "vehicleYear": 2026, "autoVerified": true, "documentPath": "/app/backend/uploads/document-1769281019559-490683150.pdf", "documentType": "insurance_cert", "vehicleModel": "Duke 200", "vehiclePlate": "VNA-5740", "documentFilename": "Insurance_Certificate_CTPL-2026-583PRU.pdf", "autoVerificationResult": {"basis": {"hashUnique": true, "notExpired": true, "patternValid": true}, "score": 100, "reason": "Certificate authenticity failed: No original certificate found with matching file hash in issued_certificates or certificates tables", "status": "PENDING", "ocrData": {"insuranceExpiry": "24-Jan-2027", "insuranceCompany": "Details\\nCompany Name", "insurancePolicyNumber": "CTPL-2026-583PRU"}, "automated": true, "hashCheck": {"exists": false, "source": "database"}, "confidence": 1, "flagReasons": ["Certificate authenticity failed: No original certificate found with matching file hash in issued_certificates or certificates tables"], "patternCheck": {"valid": true, "reason": "Format matches expected pattern", "pattern": "CTPL-YYYY-XXXXXX (e.g., CTPL-2026-C9P5EX)", "confidence": 100, "normalized": "CTPL-2026-583PRU"}, "authenticityCheck": {"reason": "No original certificate found with matching file hash in issued_certificates or certificates tables", "source": "none", "authentic": false, "debugInfo": {"certificateType": "insurance", "searchedFileHash": "b99186a123a2e0948c369ccc29fbb2a2...", "totalCertificatesChecked": 0}, "authenticityScore": 0, "originalCertificateFound": false}, "verificationResult": "FAILED"}}	2026-01-24 18:57:01.329751	2026-01-24 18:57:01.329751	MANUAL
ea8b9833-c571-402d-9280-e120dc224886	6dd179cd-2f50-4833-82ed-003f34fa817d	insurance	APPROVED	1b76c49c-b8d7-4c10-84aa-6b2bfd1c3fbc	2026-01-24 19:19:07.265414	73477102-f36b-448a-89d4-9dc3e93466f8	2026-01-24 19:19:07.271419	\N	Initial Vehicle Registration - Insurance Verification	Automatically sent upon vehicle registration submission	{"notes": "Auto-verified and approved. Score: 100%", "documents": [{"id": "f68a8a3d-5cc9-4d19-9788-7dcbb56c1c7c", "cid": "bafkreiddi36epm6clhoowbxctbuhma7bplbbu5aj22fgdlccr2knvenilm", "path": "/app/backend/uploads/document-1769282346028-43989520.pdf", "type": "insurance_cert", "filename": "Insurance_Certificate_CTPL-2026-JTMM87.pdf"}], "ownerName": "Joshua Ivan Latag", "documentId": "f68a8a3d-5cc9-4d19-9788-7dcbb56c1c7c", "ownerEmail": "latagjoshuaivan@gmail.com", "vehicleVin": "F5TFNJM7BDH13S38W", "verifiedAt": "2026-01-24T19:19:07.270Z", "verifiedBy": "system", "documentCid": "bafkreiddi36epm6clhoowbxctbuhma7bplbbu5aj22fgdlccr2knvenilm", "vehicleMake": "Honda", "vehicleYear": 2026, "autoVerified": true, "documentPath": "/app/backend/uploads/document-1769282346028-43989520.pdf", "documentType": "insurance_cert", "vehicleModel": "Civic", "vehiclePlate": "XSX-7285", "documentFilename": "Insurance_Certificate_CTPL-2026-JTMM87.pdf", "autoVerificationResult": {"basis": {"hashUnique": true, "notExpired": true, "patternValid": true}, "score": 100, "status": "APPROVED", "ocrData": {"insuranceExpiry": "24-Jan-2027", "insuranceCompany": "Details\\nCompany Name", "insurancePolicyNumber": "CTPL-2026-JTMM87"}, "automated": true, "hashCheck": {"exists": false, "source": "database"}, "confidence": 1, "patternCheck": {"valid": true, "reason": "Format matches expected pattern", "pattern": "CTPL-YYYY-XXXXXX (e.g., CTPL-2026-C9P5EX)", "confidence": 100, "normalized": "CTPL-2026-JTMM87"}, "compositeHash": "d65e8bc04ebb05e8a36c6f293e00f231caa369a5f410f446a1d662e258fe4ee1", "blockchainTxId": null, "authenticityCheck": {"reason": "Certificate file hash matches original certificate from certificate-generator (issuer verified)", "source": "issued_certificates", "authentic": true, "matchType": "file_hash", "blockchainTxId": null, "certificateData": {"coverageType": "CTPL", "coverageAmount": "PHP 200,000 / PHP 50,000"}, "originalFileHash": "6346fc47b3c259dceb06e298687603e17ac21a7409d68a61ac428e94da91a85b", "authenticityScore": 100, "originalVehicleVin": "F5TFNJM7BDH13S38W", "originalCertificateId": "f4bc48bc-db4d-4b45-89f8-2a548b7c7419", "originalCompositeHash": "319533584cecfaab6af455e3bba1f53db8ef403c289b96aed1a103418383c704", "originalCertificateFound": true, "originalCertificateNumber": "CTPL-2026-JTMM87"}}}	2026-01-24 19:19:07.265414	2026-01-24 19:19:07.271419	MANUAL
b3c41178-8e9c-4191-bc02-f49bf3e9168e	6dd179cd-2f50-4833-82ed-003f34fa817d	hpg	APPROVED	1b76c49c-b8d7-4c10-84aa-6b2bfd1c3fbc	2026-01-24 19:19:07.090433	5eff4107-d246-4f21-b8f4-9f9e7e5b64a9	2026-01-24 19:20:06.389993	\N	Initial Vehicle Registration - HPG Clearance	Automatically sent upon vehicle registration submission	{"photos": [], "remarks": null, "stencil": null, "documents": [{"id": "a30ed4d5-a0c1-4b31-b4e5-b21b6834a8ac", "cid": "bafkreifxmuv6lhpf7dclr5o4ciiisza3sk7p3vdmeoztqfexfqibb5c42q", "path": "/app/backend/uploads/document-1769282345920-890960249.jpg", "type": "owner_id", "filename": "download (3).jpg"}, {"id": "8289f146-e47d-4bfb-85ce-da8b4971c193", "cid": "bafkreigh7hkwuppb326csdkhwmprqi5xysn5lonjeff7iurufo3aeujije", "path": "/app/backend/uploads/document-1769282345848-755618587.pdf", "type": "hpg_clearance", "filename": "HPG_Clearance_HPG-2026-179TCA.pdf"}], "orCrDocId": null, "ownerName": "Joshua Ivan Latag", "autoVerify": {"completed": true, "hashCheck": {"exists": false, "source": "database"}, "completedAt": "2026-01-24T19:19:54.300Z", "completedBy": "654bb34d-fec4-458c-94bc-2223d885a6d7", "compositeHash": "604a67a78ac1be2eb5e41c6b9694d34767850efa3457b6c581e29db79d9d267a", "preFilledData": {"engineNumber": "3UR-DE884077", "chassisNumber": "F5TFNJM7BDH13S38W"}, "recommendation": "AUTO_APPROVE", "scoreBreakdown": {"total": 100, "dataMatch": 5, "dataExtraction": 30, "hashUniqueness": 20, "documentCompleteness": 15, "certificateAuthenticity": 30}, "confidenceScore": 100, "authenticityCheck": {"reason": "Certificate file hash matches original certificate from certificate-generator (issuer verified)", "source": "issued_certificates", "authentic": true, "matchType": "file_hash", "blockchainTxId": null, "certificateData": {"vehiclePlate": "XSX-7285", "verificationDetails": {"engine_condition": "Good", "chassis_condition": "Good"}}, "originalFileHash": "c7f9d56a3de1debc290d47b31f1823b7c49bd5b9a9214bf452342bb602512849", "authenticityScore": 100, "originalVehicleVin": "F5TFNJM7BDH13S38W", "originalCertificateId": "295c2cf7-edc6-4c2a-8a33-fd435386c4b9", "originalCompositeHash": "52037fce3b0a1b78809ecfba74865ebe1fd79f13ac10ecc4650e6cde1730c6ef", "originalCertificateFound": true, "originalCertificateNumber": "HPG-2026-179TCA"}, "recommendationReason": "High confidence score. Certificate authenticated via blockchain. All checks passed. Manual physical inspection still required."}, "orCrDocCid": null, "ownerEmail": "latagjoshuaivan@gmail.com", "vehicleVin": "F5TFNJM7BDH13S38W", "verifiedAt": "2026-01-24T19:20:06.389Z", "verifiedBy": "654bb34d-fec4-458c-94bc-2223d885a6d7", "orCrDocPath": null, "vehicleMake": "Honda", "vehicleYear": 2026, "engineNumber": "3UR-DE884077", "macroEtching": false, "ownerIdDocId": "a30ed4d5-a0c1-4b31-b4e5-b21b6834a8ac", "vehicleColor": "White", "vehicleModel": "Civic", "vehiclePlate": "XSX-7285", "chassisNumber": "F5TFNJM7BDH13S38W", "extractedData": {"vin": "F5TFNJM7BDH13S38W", "source": "vehicle_metadata", "plateNumber": "XSX-7285", "engineNumber": "3UR-DE884077", "ocrExtracted": false, "chassisNumber": "F5TFNJM7BDH13S38W"}, "ownerIdDocCid": "bafkreifxmuv6lhpf7dclr5o4ciiisza3sk7p3vdmeoztqfexfqibb5c42q", "ownerIdDocPath": "/app/backend/uploads/document-1769282345920-890960249.jpg", "orCrDocFilename": null, "automationPhase1": {"completed": true, "completedAt": "2026-01-24T19:19:07.126Z", "databaseChecked": true}, "hpgDatabaseCheck": {"status": "CLEAN", "details": "Vehicle not found in HPG hot list", "checkedAt": "2026-01-24T19:19:07.116Z", "matchedRecords": [], "recommendation": "PROCEED"}, "hpgClearanceDocId": "8289f146-e47d-4bfb-85ce-da8b4971c193", "hpgClearanceDocCid": "bafkreigh7hkwuppb326csdkhwmprqi5xysn5lonjeff7iurufo3aeujije", "ownerIdDocFilename": "download (3).jpg", "hpgClearanceDocPath": "/app/backend/uploads/document-1769282345848-755618587.pdf", "registrationCertDocId": null, "registrationCertDocCid": null, "hpgClearanceDocFilename": "HPG_Clearance_HPG-2026-179TCA.pdf"}	2026-01-24 19:19:07.090433	2026-01-24 19:20:06.389993	MANUAL
e7761434-defb-44cc-839b-2a0ba0e63504	c23351bd-e788-4dad-9fff-d7afb25adee9	hpg	APPROVED	1b76c49c-b8d7-4c10-84aa-6b2bfd1c3fbc	2026-01-25 03:45:44.869996	654bb34d-fec4-458c-94bc-2223d885a6d7	2026-01-25 03:46:25.778009	\N	Initial Vehicle Registration - HPG Clearance	Automatically sent upon vehicle registration submission	{"photos": [], "remarks": null, "stencil": null, "documents": [{"id": "4b239054-6bad-44f7-aa96-dfae74eeaed2", "cid": "bafkreifxmuv6lhpf7dclr5o4ciiisza3sk7p3vdmeoztqfexfqibb5c42q", "path": "/app/backend/uploads/document-1769312743749-731730055.jpg", "type": "owner_id", "filename": "download (3).jpg"}, {"id": "4713925e-7798-433e-a4b2-f0f74e15be25", "cid": "bafkreihrrp7ejl5racghri4idpsr7oy4olhp5dty47an73pl2xvsdsrcw4", "path": "/app/backend/uploads/document-1769312743546-376316449.pdf", "type": "hpg_clearance", "filename": "HPG_Clearance_HPG-2026-8B3Q7M.pdf"}], "orCrDocId": null, "ownerName": "Joshua Ivan Latag", "autoVerify": {"completed": true, "hashCheck": {"exists": false, "source": "database"}, "completedAt": "2026-01-25T03:46:13.506Z", "completedBy": "654bb34d-fec4-458c-94bc-2223d885a6d7", "compositeHash": "51767ae1ee39f1bab01cb3f6799dc0ba7375ba59db636bba16477b5bb2636bcb", "preFilledData": {"engineNumber": "3UR-GE380290", "chassisNumber": "C591CULJ8VVZDWSAN"}, "recommendation": "AUTO_APPROVE", "scoreBreakdown": {"total": 100, "dataMatch": 5, "dataExtraction": 30, "hashUniqueness": 20, "documentCompleteness": 15, "certificateAuthenticity": 30}, "confidenceScore": 100, "authenticityCheck": {"reason": "Certificate file hash matches original certificate from certificate-generator (issuer verified)", "source": "issued_certificates", "authentic": true, "matchType": "file_hash", "blockchainTxId": null, "certificateData": {"vehiclePlate": "NKZ-2698", "verificationDetails": {"engine_condition": "Good", "chassis_condition": "Good"}}, "originalFileHash": "f18bfe44afb1008c78a3881be51fbb1c72cefe8e78e7c0dfedebd5eb21ca22b7", "authenticityScore": 100, "originalVehicleVin": "C591CULJ8VVZDWSAN", "originalCertificateId": "6b27b60c-1421-4854-b9d1-d6de82fa25e1", "originalCompositeHash": "20c0f99a77c11a491ffd267251e47ca2a7b7cdb0d8ea8b05c022250043351899", "originalCertificateFound": true, "originalCertificateNumber": "HPG-2026-8B3Q7M"}, "recommendationReason": "High confidence score. Certificate authenticated via blockchain. All checks passed. Manual physical inspection still required."}, "orCrDocCid": null, "ownerEmail": "latagjoshuaivan@gmail.com", "vehicleVin": "C591CULJ8VVZDWSAN", "verifiedAt": "2026-01-25T03:46:25.777Z", "verifiedBy": "654bb34d-fec4-458c-94bc-2223d885a6d7", "orCrDocPath": null, "vehicleMake": "Hyundai", "vehicleYear": 2026, "engineNumber": "3UR-GE380290", "macroEtching": false, "ownerIdDocId": "4b239054-6bad-44f7-aa96-dfae74eeaed2", "vehicleColor": "White", "vehicleModel": "Tucson", "vehiclePlate": "NKZ-2698", "chassisNumber": "C591CULJ8VVZDWSAN", "extractedData": {"vin": "C591CULJ8VVZDWSAN", "source": "vehicle_metadata", "plateNumber": "NKZ-2698", "engineNumber": "3UR-GE380290", "ocrExtracted": false, "chassisNumber": "C591CULJ8VVZDWSAN"}, "ownerIdDocCid": "bafkreifxmuv6lhpf7dclr5o4ciiisza3sk7p3vdmeoztqfexfqibb5c42q", "ownerIdDocPath": "/app/backend/uploads/document-1769312743749-731730055.jpg", "orCrDocFilename": null, "automationPhase1": {"completed": true, "completedAt": "2026-01-25T03:45:44.898Z", "databaseChecked": true}, "hpgDatabaseCheck": {"status": "CLEAN", "details": "Vehicle not found in HPG hot list", "checkedAt": "2026-01-25T03:45:44.893Z", "matchedRecords": [], "recommendation": "PROCEED"}, "hpgClearanceDocId": "4713925e-7798-433e-a4b2-f0f74e15be25", "hpgClearanceDocCid": "bafkreihrrp7ejl5racghri4idpsr7oy4olhp5dty47an73pl2xvsdsrcw4", "ownerIdDocFilename": "download (3).jpg", "hpgClearanceDocPath": "/app/backend/uploads/document-1769312743546-376316449.pdf", "registrationCertDocId": null, "registrationCertDocCid": null, "hpgClearanceDocFilename": "HPG_Clearance_HPG-2026-8B3Q7M.pdf"}	2026-01-25 03:45:44.869996	2026-01-25 03:46:25.778009	MANUAL
b18cbe33-97f8-4486-a5b8-1e4096782a2a	6c141f8b-ca45-479a-8fb2-5e92ef6e8ed3	hpg	PENDING	5a672d9b-dabc-4778-b380-7587dadab040	2026-01-25 08:41:59.937386	5eff4107-d246-4f21-b8f4-9f9e7e5b64a9	\N	\N	Initial Vehicle Registration - HPG Clearance	Automatically sent upon vehicle registration submission	{"documents": [{"id": "fc295c09-feef-4209-9a7f-d0c5d8103b69", "cid": "bafkreihi7lbt5vpgtnfnyi632uinzvrp7jsgqx7qv2zebiwq76p3cqshiy", "path": "/app/backend/uploads/document-1769330518293-349271160.jpg", "type": "owner_id", "filename": "e8eda5ed-8394-4083-81b0-3b570f3a9561.jpg"}, {"id": "ae6fcfc6-f83e-4602-86d2-5591d06687d5", "cid": "bafkreiaptbe464htaa7tflzn5scsvlgke427xcibz5bfbjsvaall5kup2e", "path": "/app/backend/uploads/document-1769330517911-439145240.pdf", "type": "hpg_clearance", "filename": "HPG_Clearance_HPG-2026-6L3NE4.pdf"}], "orCrDocId": null, "ownerName": "Jasper Dulla", "orCrDocCid": null, "ownerEmail": "dullajasperdave@gmail.com", "vehicleVin": "KFB5A57GS16JU3P6M", "orCrDocPath": null, "vehicleMake": "Honda", "vehicleYear": 2026, "engineNumber": "2NR-FE818323", "ownerIdDocId": "fc295c09-feef-4209-9a7f-d0c5d8103b69", "vehicleColor": "White", "vehicleModel": "ADV 160", "vehiclePlate": "RCP-2196", "chassisNumber": "KFB5A57GS16JU3P6M", "extractedData": {"vin": "KFB5A57GS16JU3P6M", "source": "vehicle_metadata", "plateNumber": "RCP-2196", "engineNumber": "2NR-FE818323", "ocrExtracted": false, "chassisNumber": "KFB5A57GS16JU3P6M"}, "ownerIdDocCid": "bafkreihi7lbt5vpgtnfnyi632uinzvrp7jsgqx7qv2zebiwq76p3cqshiy", "ownerIdDocPath": "/app/backend/uploads/document-1769330518293-349271160.jpg", "orCrDocFilename": null, "automationPhase1": {"completed": true, "completedAt": "2026-01-25T08:41:59.972Z", "databaseChecked": true}, "hpgDatabaseCheck": {"status": "CLEAN", "details": "Vehicle not found in HPG hot list", "checkedAt": "2026-01-25T08:41:59.965Z", "matchedRecords": [], "recommendation": "PROCEED"}, "hpgClearanceDocId": "ae6fcfc6-f83e-4602-86d2-5591d06687d5", "hpgClearanceDocCid": "bafkreiaptbe464htaa7tflzn5scsvlgke427xcibz5bfbjsvaall5kup2e", "ownerIdDocFilename": "e8eda5ed-8394-4083-81b0-3b570f3a9561.jpg", "hpgClearanceDocPath": "/app/backend/uploads/document-1769330517911-439145240.pdf", "registrationCertDocId": null, "registrationCertDocCid": null, "hpgClearanceDocFilename": "HPG_Clearance_HPG-2026-6L3NE4.pdf"}	2026-01-25 08:41:59.937386	2026-01-25 08:41:59.974963	MANUAL
be2c52cf-7728-43fd-9615-ad1b272ba762	e8949d82-01b3-49ef-af1a-9380edb2c3e4	hpg	APPROVED	1b76c49c-b8d7-4c10-84aa-6b2bfd1c3fbc	2026-01-25 03:03:53.44909	654bb34d-fec4-458c-94bc-2223d885a6d7	2026-01-25 03:05:07.44923	\N	Initial Vehicle Registration - HPG Clearance	Automatically sent upon vehicle registration submission	{"photos": [], "remarks": null, "stencil": null, "documents": [{"id": "a68ee8d1-d355-4118-b081-3dc897f59ade", "cid": "bafkreifxmuv6lhpf7dclr5o4ciiisza3sk7p3vdmeoztqfexfqibb5c42q", "path": "/app/backend/uploads/document-1769310232363-822146025.jpg", "type": "owner_id", "filename": "download (3).jpg"}, {"id": "dd2303d1-00ac-4ede-b45f-967ced96cc5a", "cid": "bafkreifgh6pljkt6eysbartbrja56axwcxnrjaac2twrtw6mhk4lctwqwq", "path": "/app/backend/uploads/document-1769310232193-604689196.pdf", "type": "hpg_clearance", "filename": "HPG_Clearance_HPG-2026-D56E86.pdf"}], "orCrDocId": null, "ownerName": "Joshua Ivan Latag", "autoVerify": {"completed": true, "hashCheck": {"exists": false, "source": "database"}, "completedAt": "2026-01-25T03:04:45.042Z", "completedBy": "654bb34d-fec4-458c-94bc-2223d885a6d7", "compositeHash": "0de0392654d9136d90472fdfceeb55198aeca013631f2085a66ee7d3b6097845", "preFilledData": {"engineNumber": "5VZ-CE476535", "chassisNumber": "BX0SDRHABB4GG71DE"}, "recommendation": "AUTO_APPROVE", "scoreBreakdown": {"total": 100, "dataMatch": 5, "dataExtraction": 30, "hashUniqueness": 20, "documentCompleteness": 15, "certificateAuthenticity": 30}, "confidenceScore": 100, "authenticityCheck": {"reason": "Certificate file hash matches original certificate from certificate-generator (issuer verified)", "source": "issued_certificates", "authentic": true, "matchType": "file_hash", "blockchainTxId": null, "certificateData": {"vehiclePlate": "KKT-4961", "verificationDetails": {"engine_condition": "Good", "chassis_condition": "Good"}}, "originalFileHash": "a63f9eb4aa7e26241046618a41df02f615db148002d4ed19dbcc3ab8b14ed0b4", "authenticityScore": 100, "originalVehicleVin": "BX0SDRHABB4GG71DE", "originalCertificateId": "a7b70159-3ec5-4309-a365-e6ead467a5fe", "originalCompositeHash": "b7ea6b3680b0d0b1011cc4268ec2f372941ead4165519bb1bbe94240aac4a030", "originalCertificateFound": true, "originalCertificateNumber": "HPG-2026-D56E86"}, "recommendationReason": "High confidence score. Certificate authenticated via blockchain. All checks passed. Manual physical inspection still required."}, "orCrDocCid": null, "ownerEmail": "latagjoshuaivan@gmail.com", "vehicleVin": "BX0SDRHABB4GG71DE", "verifiedAt": "2026-01-25T03:05:07.448Z", "verifiedBy": "654bb34d-fec4-458c-94bc-2223d885a6d7", "orCrDocPath": null, "vehicleMake": "Honda", "vehicleYear": 2026, "engineNumber": "5VZ-CE476535", "macroEtching": false, "ownerIdDocId": "a68ee8d1-d355-4118-b081-3dc897f59ade", "vehicleColor": "White", "vehicleModel": "City", "vehiclePlate": "KKT-4961", "chassisNumber": "BX0SDRHABB4GG71DE", "extractedData": {"vin": "BX0SDRHABB4GG71DE", "source": "vehicle_metadata", "plateNumber": "KKT-4961", "engineNumber": "5VZ-CE476535", "ocrExtracted": false, "chassisNumber": "BX0SDRHABB4GG71DE"}, "ownerIdDocCid": "bafkreifxmuv6lhpf7dclr5o4ciiisza3sk7p3vdmeoztqfexfqibb5c42q", "ownerIdDocPath": "/app/backend/uploads/document-1769310232363-822146025.jpg", "orCrDocFilename": null, "automationPhase1": {"completed": true, "completedAt": "2026-01-25T03:03:53.473Z", "databaseChecked": true}, "hpgDatabaseCheck": {"status": "CLEAN", "details": "Vehicle not found in HPG hot list", "checkedAt": "2026-01-25T03:03:53.468Z", "matchedRecords": [], "recommendation": "PROCEED"}, "hpgClearanceDocId": "dd2303d1-00ac-4ede-b45f-967ced96cc5a", "hpgClearanceDocCid": "bafkreifgh6pljkt6eysbartbrja56axwcxnrjaac2twrtw6mhk4lctwqwq", "ownerIdDocFilename": "download (3).jpg", "hpgClearanceDocPath": "/app/backend/uploads/document-1769310232193-604689196.pdf", "registrationCertDocId": null, "registrationCertDocCid": null, "hpgClearanceDocFilename": "HPG_Clearance_HPG-2026-D56E86.pdf"}	2026-01-25 03:03:53.44909	2026-01-25 03:05:07.44923	MANUAL
84e3baee-45d8-4520-9d87-7163451dc603	c23351bd-e788-4dad-9fff-d7afb25adee9	insurance	APPROVED	1b76c49c-b8d7-4c10-84aa-6b2bfd1c3fbc	2026-01-25 03:45:45.023044	73477102-f36b-448a-89d4-9dc3e93466f8	2026-01-25 03:45:45.027747	\N	Initial Vehicle Registration - Insurance Verification	Automatically sent upon vehicle registration submission	{"notes": "Auto-verified and approved. Score: 100%", "documents": [{"id": "7b4b78d4-c9d6-4687-bfeb-28be5c316f28", "cid": "bafkreiei4rfxs7c3d5zuha3ob2a7sakrbzv7tuid5w3sj6ege6hn7hewai", "path": "/app/backend/uploads/document-1769312743718-275605198.pdf", "type": "insurance_cert", "filename": "Insurance_Certificate_CTPL-2026-17JGAL.pdf"}], "ownerName": "Joshua Ivan Latag", "documentId": "7b4b78d4-c9d6-4687-bfeb-28be5c316f28", "ownerEmail": "latagjoshuaivan@gmail.com", "vehicleVin": "C591CULJ8VVZDWSAN", "verifiedAt": "2026-01-25T03:45:45.026Z", "verifiedBy": "system", "documentCid": "bafkreiei4rfxs7c3d5zuha3ob2a7sakrbzv7tuid5w3sj6ege6hn7hewai", "vehicleMake": "Hyundai", "vehicleYear": 2026, "autoVerified": true, "documentPath": "/app/backend/uploads/document-1769312743718-275605198.pdf", "documentType": "insurance_cert", "vehicleModel": "Tucson", "vehiclePlate": "NKZ-2698", "documentFilename": "Insurance_Certificate_CTPL-2026-17JGAL.pdf", "autoVerificationResult": {"basis": {"hashUnique": true, "notExpired": true, "patternValid": true}, "score": 100, "status": "APPROVED", "ocrData": {"insuranceExpiry": "25-Jan-2027", "insuranceCompany": "Details\\nCompany Name", "insurancePolicyNumber": "CTPL-2026-17JGAL"}, "automated": true, "hashCheck": {"exists": false, "source": "database"}, "confidence": 1, "patternCheck": {"valid": true, "reason": "Format matches expected pattern", "pattern": "CTPL-YYYY-XXXXXX (e.g., CTPL-2026-C9P5EX)", "confidence": 100, "normalized": "CTPL-2026-17JGAL"}, "compositeHash": "944c8848b6ab989fb2df712397e5bcf01ad82ce97386be9b679a91387e8ffa57", "blockchainTxId": null, "authenticityCheck": {"reason": "Certificate file hash matches original certificate from certificate-generator (issuer verified)", "source": "issued_certificates", "authentic": true, "matchType": "file_hash", "blockchainTxId": null, "certificateData": {"coverageType": "CTPL", "coverageAmount": "PHP 200,000 / PHP 50,000"}, "originalFileHash": "88e44b797c5b1f7343836e0e81f901510e6bf9d103edb724f886278edf9c9602", "authenticityScore": 100, "originalVehicleVin": "C591CULJ8VVZDWSAN", "originalCertificateId": "5ffc9171-6411-4999-b2dc-00e496c1dd06", "originalCompositeHash": "6f68fc59318399177403cccd912502c1ab656a2e21a21beacee98123a7df5531", "originalCertificateFound": true, "originalCertificateNumber": "CTPL-2026-17JGAL"}}}	2026-01-25 03:45:45.023044	2026-01-25 03:45:45.027747	MANUAL
769de1a0-fb9a-47c0-b346-968088172ce2	6c141f8b-ca45-479a-8fb2-5e92ef6e8ed3	insurance	APPROVED	5a672d9b-dabc-4778-b380-7587dadab040	2026-01-25 08:42:00.142187	73477102-f36b-448a-89d4-9dc3e93466f8	2026-01-25 08:42:00.148358	\N	Initial Vehicle Registration - Insurance Verification	Automatically sent upon vehicle registration submission	{"notes": "Auto-verified and approved. Score: 100%", "documents": [{"id": "10a82e1b-3b54-4eca-8974-aebcd16b0fcc", "cid": "bafkreifyjnams5gzp2vd7rfwmzt22rhwm45slwequmk7at3dthq47ckjni", "path": "/app/backend/uploads/document-1769330517664-497672307.pdf", "type": "insurance_cert", "filename": "Insurance_Certificate_CTPL-2026-QPN0R0.pdf"}], "ownerName": "Jasper Dulla", "documentId": "10a82e1b-3b54-4eca-8974-aebcd16b0fcc", "ownerEmail": "dullajasperdave@gmail.com", "vehicleVin": "KFB5A57GS16JU3P6M", "verifiedAt": "2026-01-25T08:42:00.147Z", "verifiedBy": "system", "documentCid": "bafkreifyjnams5gzp2vd7rfwmzt22rhwm45slwequmk7at3dthq47ckjni", "vehicleMake": "Honda", "vehicleYear": 2026, "autoVerified": true, "documentPath": "/app/backend/uploads/document-1769330517664-497672307.pdf", "documentType": "insurance_cert", "vehicleModel": "ADV 160", "vehiclePlate": "RCP-2196", "documentFilename": "Insurance_Certificate_CTPL-2026-QPN0R0.pdf", "autoVerificationResult": {"basis": {"hashUnique": true, "notExpired": true, "patternValid": true}, "score": 100, "status": "APPROVED", "ocrData": {"insuranceExpiry": "25-Jan-2027", "insuranceCompany": "Details\\nCompany Name", "insurancePolicyNumber": "CTPL-2026-QPN0R0"}, "automated": true, "hashCheck": {"exists": false, "source": "database"}, "confidence": 1, "patternCheck": {"valid": true, "reason": "Format matches expected pattern", "pattern": "CTPL-YYYY-XXXXXX (e.g., CTPL-2026-C9P5EX)", "confidence": 100, "normalized": "CTPL-2026-QPN0R0"}, "compositeHash": "3c0eea06e472cc0fe8935368c5730362658ed5527664f1ea9ef5709fa1bbf777", "blockchainTxId": null, "authenticityCheck": {"reason": "Certificate file hash matches original certificate from certificate-generator (issuer verified)", "source": "issued_certificates", "authentic": true, "matchType": "file_hash", "blockchainTxId": null, "certificateData": {"coverageType": "CTPL", "coverageAmount": "PHP 200,000 / PHP 50,000"}, "originalFileHash": "b84b40c974d97eaa3fc4b66667ad44f6673b25d890a315f04f6399e1cf89496a", "authenticityScore": 100, "originalVehicleVin": "KFB5A57GS16JU3P6M", "originalCertificateId": "32f2b735-0428-468f-a011-7c1960fdc442", "originalCompositeHash": "df493866d3abeee4348979444e2a5ac9c5201c5ef66067be5091128019b6f5c6", "originalCertificateFound": true, "originalCertificateNumber": "CTPL-2026-QPN0R0"}}}	2026-01-25 08:42:00.142187	2026-01-25 08:42:00.148358	MANUAL
ec7e5e26-98a1-4243-a65a-4e0d2dabe41e	e8949d82-01b3-49ef-af1a-9380edb2c3e4	insurance	APPROVED	1b76c49c-b8d7-4c10-84aa-6b2bfd1c3fbc	2026-01-25 03:03:53.606629	73477102-f36b-448a-89d4-9dc3e93466f8	2026-01-25 03:03:53.611953	\N	Initial Vehicle Registration - Insurance Verification	Automatically sent upon vehicle registration submission	{"notes": "Auto-verified and approved. Score: 100%", "documents": [{"id": "ff22de10-909f-40d6-9b63-01df57b68b0d", "cid": "bafkreiaauikegrhsoqd3ghyelbnwjiwn475xiho2udf25hrvkntbitbsw4", "path": "/app/backend/uploads/document-1769310232364-59805865.pdf", "type": "insurance_cert", "filename": "Insurance_Certificate_CTPL-2026-54OZ2O.pdf"}], "ownerName": "Joshua Ivan Latag", "documentId": "ff22de10-909f-40d6-9b63-01df57b68b0d", "ownerEmail": "latagjoshuaivan@gmail.com", "vehicleVin": "BX0SDRHABB4GG71DE", "verifiedAt": "2026-01-25T03:03:53.610Z", "verifiedBy": "system", "documentCid": "bafkreiaauikegrhsoqd3ghyelbnwjiwn475xiho2udf25hrvkntbitbsw4", "vehicleMake": "Honda", "vehicleYear": 2026, "autoVerified": true, "documentPath": "/app/backend/uploads/document-1769310232364-59805865.pdf", "documentType": "insurance_cert", "vehicleModel": "City", "vehiclePlate": "KKT-4961", "documentFilename": "Insurance_Certificate_CTPL-2026-54OZ2O.pdf", "autoVerificationResult": {"basis": {"hashUnique": true, "notExpired": true, "patternValid": true}, "score": 100, "status": "APPROVED", "ocrData": {"insuranceExpiry": "25-Jan-2027", "insuranceCompany": "Details\\nCompany Name", "insurancePolicyNumber": "CTPL-2026-54OZ2O"}, "automated": true, "hashCheck": {"exists": false, "source": "database"}, "confidence": 1, "patternCheck": {"valid": true, "reason": "Format matches expected pattern", "pattern": "CTPL-YYYY-XXXXXX (e.g., CTPL-2026-C9P5EX)", "confidence": 100, "normalized": "CTPL-2026-54OZ2O"}, "compositeHash": "0fb269b02aa1ba830617dd6846f6c8a7be67aa80419c279f57852c0ea538234d", "blockchainTxId": null, "authenticityCheck": {"reason": "Certificate file hash matches original certificate from certificate-generator (issuer verified)", "source": "issued_certificates", "authentic": true, "matchType": "file_hash", "blockchainTxId": null, "certificateData": {"coverageType": "CTPL", "coverageAmount": "PHP 200,000 / PHP 50,000"}, "originalFileHash": "00a2144344f27407b31f04585b64a2cde7fb741ddaa0cbae9e355366144c32b7", "authenticityScore": 100, "originalVehicleVin": "BX0SDRHABB4GG71DE", "originalCertificateId": "221541f6-9fa3-45dd-8e4f-3db13103015c", "originalCompositeHash": "db4452a158aa7dc4679cfffe224eeef73742f8d0554f0da04ec19148fcd92206", "originalCertificateFound": true, "originalCertificateNumber": "CTPL-2026-54OZ2O"}}}	2026-01-25 03:03:53.606629	2026-01-25 03:03:53.611953	MANUAL
7fea730e-f42a-497a-97cb-845410482666	8f16185b-84a1-4e4f-b3d0-b267326e02d4	hpg	APPROVED	1b76c49c-b8d7-4c10-84aa-6b2bfd1c3fbc	2026-01-25 03:17:54.832581	5eff4107-d246-4f21-b8f4-9f9e7e5b64a9	2026-01-25 03:18:56.322088	\N	Initial Vehicle Registration - HPG Clearance	Automatically sent upon vehicle registration submission	{"photos": [], "remarks": null, "stencil": null, "documents": [{"id": "3126ab5e-26cc-4dc3-bc9d-d4ae0c8d0f5e", "cid": "bafkreifxmuv6lhpf7dclr5o4ciiisza3sk7p3vdmeoztqfexfqibb5c42q", "path": "/app/backend/uploads/document-1769311073397-187084887.jpg", "type": "owner_id", "filename": "download (3).jpg"}, {"id": "c88f927f-dd27-4622-94dc-838831998548", "cid": "bafkreiaxnol5wojisoxhjfstrnp2fq27hczvcdwjo4olz7ysnanerxkzru", "path": "/app/backend/uploads/document-1769311073244-669940607.pdf", "type": "hpg_clearance", "filename": "HPG_Clearance_HPG-2026-NHL9GZ.pdf"}], "orCrDocId": null, "ownerName": "Joshua Ivan Latag", "autoVerify": {"completed": true, "hashCheck": {"exists": false, "source": "database"}, "completedAt": "2026-01-25T03:18:51.272Z", "completedBy": "654bb34d-fec4-458c-94bc-2223d885a6d7", "compositeHash": "f1280a7caf1c03f8cbae80ecad0e259f4991218568612e7aa672742fd9055c65", "preFilledData": {"engineNumber": "4GR-DE868125", "chassisNumber": "TVL7CSH7AASKK8ADX"}, "recommendation": "AUTO_APPROVE", "scoreBreakdown": {"total": 100, "dataMatch": 5, "dataExtraction": 30, "hashUniqueness": 20, "documentCompleteness": 15, "certificateAuthenticity": 30}, "confidenceScore": 100, "authenticityCheck": {"reason": "Certificate file hash matches original certificate from certificate-generator (issuer verified)", "source": "issued_certificates", "authentic": true, "matchType": "file_hash", "blockchainTxId": null, "certificateData": {"vehiclePlate": "VZL-7845", "verificationDetails": {"engine_condition": "Good", "chassis_condition": "Good"}}, "originalFileHash": "176b97db392893ae7496538b5fa2c35f38b3510ec9771cbcff12681a48dd598d", "authenticityScore": 100, "originalVehicleVin": "TVL7CSH7AASKK8ADX", "originalCertificateId": "2bc898e3-b3f1-4649-9de6-bfb809354fcd", "originalCompositeHash": "de5c087a8933936d2ac97e4925b28f3f9a5613bb1f54d7359212ac86e99f11d2", "originalCertificateFound": true, "originalCertificateNumber": "HPG-2026-NHL9GZ"}, "recommendationReason": "High confidence score. Certificate authenticated via blockchain. All checks passed. Manual physical inspection still required."}, "orCrDocCid": null, "ownerEmail": "latagjoshuaivan@gmail.com", "vehicleVin": "TVL7CSH7AASKK8ADX", "verifiedAt": "2026-01-25T03:18:56.321Z", "verifiedBy": "654bb34d-fec4-458c-94bc-2223d885a6d7", "orCrDocPath": null, "vehicleMake": "Kia", "vehicleYear": 2026, "engineNumber": "4GR-DE868125", "macroEtching": false, "ownerIdDocId": "3126ab5e-26cc-4dc3-bc9d-d4ae0c8d0f5e", "vehicleColor": "White", "vehicleModel": "Rio", "vehiclePlate": "VZL-7845", "chassisNumber": "TVL7CSH7AASKK8ADX", "extractedData": {"vin": "TVL7CSH7AASKK8ADX", "source": "vehicle_metadata", "plateNumber": "VZL-7845", "engineNumber": "4GR-DE868125", "ocrExtracted": false, "chassisNumber": "TVL7CSH7AASKK8ADX"}, "ownerIdDocCid": "bafkreifxmuv6lhpf7dclr5o4ciiisza3sk7p3vdmeoztqfexfqibb5c42q", "ownerIdDocPath": "/app/backend/uploads/document-1769311073397-187084887.jpg", "orCrDocFilename": null, "automationPhase1": {"completed": true, "completedAt": "2026-01-25T03:17:54.857Z", "databaseChecked": true}, "hpgDatabaseCheck": {"status": "CLEAN", "details": "Vehicle not found in HPG hot list", "checkedAt": "2026-01-25T03:17:54.851Z", "matchedRecords": [], "recommendation": "PROCEED"}, "hpgClearanceDocId": "c88f927f-dd27-4622-94dc-838831998548", "hpgClearanceDocCid": "bafkreiaxnol5wojisoxhjfstrnp2fq27hczvcdwjo4olz7ysnanerxkzru", "ownerIdDocFilename": "download (3).jpg", "hpgClearanceDocPath": "/app/backend/uploads/document-1769311073244-669940607.pdf", "registrationCertDocId": null, "registrationCertDocCid": null, "hpgClearanceDocFilename": "HPG_Clearance_HPG-2026-NHL9GZ.pdf"}	2026-01-25 03:17:54.832581	2026-01-25 03:18:56.322088	MANUAL
e3f3fbb3-7638-41a9-9185-481ffada3440	8f16185b-84a1-4e4f-b3d0-b267326e02d4	insurance	APPROVED	1b76c49c-b8d7-4c10-84aa-6b2bfd1c3fbc	2026-01-25 03:17:54.973748	73477102-f36b-448a-89d4-9dc3e93466f8	2026-01-25 03:17:54.978563	\N	Initial Vehicle Registration - Insurance Verification	Automatically sent upon vehicle registration submission	{"notes": "Auto-verified and approved. Score: 100%", "documents": [{"id": "fb9aaabe-cd7e-42d7-a71a-624b6a8b686d", "cid": "bafkreibk524hfbfi4mygwfzexnvtsopsm3uekmu6utlwolfu5ljqkxhwcy", "path": "/app/backend/uploads/document-1769311073387-225285048.pdf", "type": "insurance_cert", "filename": "Insurance_Certificate_CTPL-2026-0EWVYC.pdf"}], "ownerName": "Joshua Ivan Latag", "documentId": "fb9aaabe-cd7e-42d7-a71a-624b6a8b686d", "ownerEmail": "latagjoshuaivan@gmail.com", "vehicleVin": "TVL7CSH7AASKK8ADX", "verifiedAt": "2026-01-25T03:17:54.977Z", "verifiedBy": "system", "documentCid": "bafkreibk524hfbfi4mygwfzexnvtsopsm3uekmu6utlwolfu5ljqkxhwcy", "vehicleMake": "Kia", "vehicleYear": 2026, "autoVerified": true, "documentPath": "/app/backend/uploads/document-1769311073387-225285048.pdf", "documentType": "insurance_cert", "vehicleModel": "Rio", "vehiclePlate": "VZL-7845", "documentFilename": "Insurance_Certificate_CTPL-2026-0EWVYC.pdf", "autoVerificationResult": {"basis": {"hashUnique": true, "notExpired": true, "patternValid": true}, "score": 100, "status": "APPROVED", "ocrData": {"insuranceExpiry": "25-Jan-2027", "insuranceCompany": "Details\\nCompany Name", "insurancePolicyNumber": "CTPL-2026-0EWVYC"}, "automated": true, "hashCheck": {"exists": false, "source": "database"}, "confidence": 1, "patternCheck": {"valid": true, "reason": "Format matches expected pattern", "pattern": "CTPL-YYYY-XXXXXX (e.g., CTPL-2026-C9P5EX)", "confidence": 100, "normalized": "CTPL-2026-0EWVYC"}, "compositeHash": "5d6beefdeb690d4d4ec09f76718a343f6d8e934e25d7affa7de82863d49b9ba8", "blockchainTxId": null, "authenticityCheck": {"reason": "Certificate file hash matches original certificate from certificate-generator (issuer verified)", "source": "issued_certificates", "authentic": true, "matchType": "file_hash", "blockchainTxId": null, "certificateData": {"coverageType": "CTPL", "coverageAmount": "PHP 200,000 / PHP 50,000"}, "originalFileHash": "2aeeb87284a8e3306b1724bb6b3939f266e845329ea4d7672cb4ead3055cf616", "authenticityScore": 100, "originalVehicleVin": "TVL7CSH7AASKK8ADX", "originalCertificateId": "03bbdab6-ffdf-4f7b-8895-a23ee0132a13", "originalCompositeHash": "b1a433e9ee9805006dc8d404a52b5fbc0dc484b8c619867f6e6188b2e22b3baa", "originalCertificateFound": true, "originalCertificateNumber": "CTPL-2026-0EWVYC"}}}	2026-01-25 03:17:54.973748	2026-01-25 03:17:54.978563	MANUAL
bb641db8-bc9e-4d17-9e08-671bf4b14bb7	98306c80-511b-4126-a27f-85cad274594a	hpg	APPROVED	36b86e7e-7668-49dc-8dd6-6610ce092a73	2026-01-25 08:39:19.15548	654bb34d-fec4-458c-94bc-2223d885a6d7	2026-01-25 08:40:44.090276	\N	Initial Vehicle Registration - HPG Clearance	Automatically sent upon vehicle registration submission	{"photos": [], "remarks": null, "stencil": null, "documents": [{"id": "85c8feea-5f0c-4ae7-a1c6-03de415fbe69", "cid": "bafkreidvgpvbqvirmke4pqhgb6a54mvqkwuatrjr3n7pvmgm72mt5qxlrm", "path": "/app/backend/uploads/document-1769330358049-491213574.jpg", "type": "owner_id", "filename": "driver.jpg"}, {"id": "4ebc4541-c9d0-45c1-b9ed-163ddf881af9", "cid": "bafkreiamv7zwc65mpp63dbewv3xepfibscbgk2b7uq3lqmzyuktwdbudf4", "path": "/app/backend/uploads/document-1769330358004-694387211.pdf", "type": "hpg_clearance", "filename": "HPG_Clearance_HPG-2026-YW6JP4.pdf"}], "orCrDocId": null, "ownerName": "Kim Andrei Besmar", "autoVerify": {"completed": true, "hashCheck": {"exists": false, "source": "database"}, "completedAt": "2026-01-25T08:40:37.451Z", "completedBy": "654bb34d-fec4-458c-94bc-2223d885a6d7", "compositeHash": "dad23266162b929965f569944fb85944b559f2997bf26c287d34701d1e7d23e5", "preFilledData": {"engineNumber": "4GR-CE103258", "chassisNumber": "1UEDTAW9H0WB8FM8W"}, "recommendation": "AUTO_APPROVE", "scoreBreakdown": {"total": 100, "dataMatch": 5, "dataExtraction": 30, "hashUniqueness": 20, "documentCompleteness": 15, "certificateAuthenticity": 30}, "confidenceScore": 100, "authenticityCheck": {"reason": "Certificate file hash matches original certificate from certificate-generator (issuer verified)", "source": "issued_certificates", "authentic": true, "matchType": "file_hash", "blockchainTxId": null, "certificateData": {"vehiclePlate": "LLE-2077", "verificationDetails": {"engine_condition": "Good", "chassis_condition": "Good"}}, "originalFileHash": "0caff3617bac7bfdb18496aeee479501908265683fa436b83338a2a76186832f", "authenticityScore": 100, "originalVehicleVin": "1UEDTAW9H0WB8FM8W", "originalCertificateId": "f692159e-c6ed-4d1a-a5e6-09ad8698a3ba", "originalCompositeHash": "70f2a89ed2e92f397dcb2ad350db479ecea6e4ab2b2af261daba76940b8f125a", "originalCertificateFound": true, "originalCertificateNumber": "HPG-2026-YW6JP4"}, "recommendationReason": "High confidence score. Certificate authenticated via blockchain. All checks passed. Manual physical inspection still required."}, "orCrDocCid": null, "ownerEmail": "kimandrei012@gmail.com", "vehicleVin": "1UEDTAW9H0WB8FM8W", "verifiedAt": "2026-01-25T08:40:44.089Z", "verifiedBy": "654bb34d-fec4-458c-94bc-2223d885a6d7", "orCrDocPath": null, "vehicleMake": "Royal", "vehicleYear": 2026, "engineNumber": "4GR-CE103258", "macroEtching": false, "ownerIdDocId": "85c8feea-5f0c-4ae7-a1c6-03de415fbe69", "vehicleColor": "White", "vehicleModel": "Classic 350", "vehiclePlate": "LLE-2077", "chassisNumber": "1UEDTAW9H0WB8FM8W", "extractedData": {"vin": "1UEDTAW9H0WB8FM8W", "source": "vehicle_metadata", "plateNumber": "LLE-2077", "engineNumber": "4GR-CE103258", "ocrExtracted": false, "chassisNumber": "1UEDTAW9H0WB8FM8W"}, "ownerIdDocCid": "bafkreidvgpvbqvirmke4pqhgb6a54mvqkwuatrjr3n7pvmgm72mt5qxlrm", "ownerIdDocPath": "/app/backend/uploads/document-1769330358049-491213574.jpg", "orCrDocFilename": null, "automationPhase1": {"completed": true, "completedAt": "2026-01-25T08:39:19.185Z", "databaseChecked": true}, "hpgDatabaseCheck": {"status": "CLEAN", "details": "Vehicle not found in HPG hot list", "checkedAt": "2026-01-25T08:39:19.178Z", "matchedRecords": [], "recommendation": "PROCEED"}, "hpgClearanceDocId": "4ebc4541-c9d0-45c1-b9ed-163ddf881af9", "hpgClearanceDocCid": "bafkreiamv7zwc65mpp63dbewv3xepfibscbgk2b7uq3lqmzyuktwdbudf4", "ownerIdDocFilename": "driver.jpg", "hpgClearanceDocPath": "/app/backend/uploads/document-1769330358004-694387211.pdf", "registrationCertDocId": null, "registrationCertDocCid": null, "hpgClearanceDocFilename": "HPG_Clearance_HPG-2026-YW6JP4.pdf"}	2026-01-25 08:39:19.15548	2026-01-25 08:40:44.090276	MANUAL
2d5c0635-7a72-414b-96c7-53c73fa57d0b	98306c80-511b-4126-a27f-85cad274594a	insurance	APPROVED	36b86e7e-7668-49dc-8dd6-6610ce092a73	2026-01-25 08:39:19.374399	73477102-f36b-448a-89d4-9dc3e93466f8	2026-01-25 08:39:19.379852	\N	Initial Vehicle Registration - Insurance Verification	Automatically sent upon vehicle registration submission	{"notes": "Auto-verified and approved. Score: 100%", "documents": [{"id": "0f276036-2c5b-45aa-9549-0282ecb4d753", "cid": "bafkreihsypleqhip3umtfyv6u6stnb2js5tv5d7cy53l2h3mtb6mfmpylm", "path": "/app/backend/uploads/document-1769330357866-773517161.pdf", "type": "insurance_cert", "filename": "Insurance_Certificate_CTPL-2026-C9EAZQ.pdf"}], "ownerName": "Kim Andrei Besmar", "documentId": "0f276036-2c5b-45aa-9549-0282ecb4d753", "ownerEmail": "kimandrei012@gmail.com", "vehicleVin": "1UEDTAW9H0WB8FM8W", "verifiedAt": "2026-01-25T08:39:19.378Z", "verifiedBy": "system", "documentCid": "bafkreihsypleqhip3umtfyv6u6stnb2js5tv5d7cy53l2h3mtb6mfmpylm", "vehicleMake": "Royal", "vehicleYear": 2026, "autoVerified": true, "documentPath": "/app/backend/uploads/document-1769330357866-773517161.pdf", "documentType": "insurance_cert", "vehicleModel": "Classic 350", "vehiclePlate": "LLE-2077", "documentFilename": "Insurance_Certificate_CTPL-2026-C9EAZQ.pdf", "autoVerificationResult": {"basis": {"hashUnique": true, "notExpired": true, "patternValid": true}, "score": 100, "status": "APPROVED", "ocrData": {"insuranceExpiry": "25-Jan-2027", "insuranceCompany": "Details\\nCompany Name", "insurancePolicyNumber": "CTPL-2026-C9EAZQ"}, "automated": true, "hashCheck": {"exists": false, "source": "database"}, "confidence": 1, "patternCheck": {"valid": true, "reason": "Format matches expected pattern", "pattern": "CTPL-YYYY-XXXXXX (e.g., CTPL-2026-C9P5EX)", "confidence": 100, "normalized": "CTPL-2026-C9EAZQ"}, "compositeHash": "2c6cc0b31f05ee6d1fb190c17a318309a570efc598955e38404d1d75c2bffcea", "blockchainTxId": null, "authenticityCheck": {"reason": "Certificate file hash matches original certificate from certificate-generator (issuer verified)", "source": "issued_certificates", "authentic": true, "matchType": "file_hash", "blockchainTxId": null, "certificateData": {"coverageType": "CTPL", "coverageAmount": "PHP 200,000 / PHP 50,000"}, "originalFileHash": "f2c3d6481d0fdd1932e2bea7a536874997675e8fe2c776bd1f6c987cc2b1f85b", "authenticityScore": 100, "originalVehicleVin": "1UEDTAW9H0WB8FM8W", "originalCertificateId": "cfd9f91d-850b-4258-a094-abd19af2ea71", "originalCompositeHash": "e17b751a2f855cd4d9ce1dcbc00dc906ce4f79207a5a803533aaf0de7b080268", "originalCertificateFound": true, "originalCertificateNumber": "CTPL-2026-C9EAZQ"}}}	2026-01-25 08:39:19.374399	2026-01-25 08:39:19.379852	MANUAL
cdc207be-39e0-46e1-99db-af94ae48165e	98306c80-511b-4126-a27f-85cad274594a	insurance	APPROVED	1b76c49c-b8d7-4c10-84aa-6b2bfd1c3fbc	2026-01-25 09:53:58.340184	\N	2026-01-25 09:53:58.53933	\N	Vehicle ownership transfer clearance	Auto-forwarded on buyer acceptance	{"notes": "Auto-verified and approved. Score: 100%", "documents": [{"id": "fa1df1d5-5dcf-4c35-9b94-0525da9518de", "cid": "bafkreifekpbzrnuuzgfbbr7e4hutwverltijljglm4hif2dgjvl3iumr3u", "path": "/app/backend/uploads/document-1769334833508-248507388.pdf", "type": "insurance_cert", "filename": "CTPL_Insurance_98306c80-511b-4126-a27f-85cad274594a.pdf"}], "documentId": "fa1df1d5-5dcf-4c35-9b94-0525da9518de", "vehicleVin": "1UEDTAW9H0WB8FM8W", "verifiedAt": "2026-01-25T09:53:58.538Z", "verifiedBy": "system", "documentCid": "bafkreifekpbzrnuuzgfbbr7e4hutwverltijljglm4hif2dgjvl3iumr3u", "autoVerified": true, "documentPath": "/app/backend/uploads/document-1769334833508-248507388.pdf", "documentType": "insurance_cert", "vehiclePlate": "LLE-2077", "autoTriggered": true, "documentFilename": "CTPL_Insurance_98306c80-511b-4126-a27f-85cad274594a.pdf", "transferRequestId": "0f63c604-950e-4fa8-9616-d34014bef14e", "autoVerificationResult": {"basis": {"hashUnique": true, "notExpired": true, "patternValid": true}, "score": 100, "status": "APPROVED", "ocrData": {"insuranceExpiry": "25-Jan-2027", "insuranceCompany": "Details\\nCompany Name", "insurancePolicyNumber": "CTPL-2026-QDBVZF"}, "automated": true, "hashCheck": {"exists": false, "source": "database"}, "confidence": 1, "patternCheck": {"valid": true, "reason": "Format matches expected pattern", "pattern": "CTPL-YYYY-XXXXXX (e.g., CTPL-2026-C9P5EX)", "confidence": 100, "normalized": "CTPL-2026-QDBVZF"}, "compositeHash": "f50105bc6c1c1141f7207f9410e31fb32778fcdf4594bcdaf69455640a4b01a4", "blockchainTxId": null, "authenticityCheck": {"reason": "Certificate file hash matches original certificate from certificate-generator (issuer verified)", "source": "issued_certificates", "authentic": true, "matchType": "file_hash", "blockchainTxId": null, "certificateData": {"coverageType": "CTPL", "coverageAmount": "PHP 200,000 / PHP 50,000", "transferRequestId": null, "originalCertificateType": "insurance"}, "originalFileHash": "a453c398b694c98a10c7e4e1e93b54915cd095a4cb670e82e8664d57b45191dd", "authenticityScore": 100, "originalVehicleVin": "1UEDTAW9H0WB8FM8W", "originalCertificateId": "62b76030-408c-4156-8a69-0b1188465e78", "originalCompositeHash": "9fed2baefba5feef1c1b26285573f8339d276785d5d7b4962104b7081389ae86", "originalCertificateFound": true, "originalCertificateNumber": "CTPL-2026-QDBVZF"}}}	2026-01-25 09:53:58.340184	2026-01-25 09:53:58.53933	MANUAL
abf8aa59-e3c7-47e9-a268-6eaebb7befec	98306c80-511b-4126-a27f-85cad274594a	hpg	APPROVED	1b76c49c-b8d7-4c10-84aa-6b2bfd1c3fbc	2026-01-25 09:53:57.764706	654bb34d-fec4-458c-94bc-2223d885a6d7	2026-01-25 10:13:52.635342	\N	Vehicle ownership transfer clearance	Auto-forwarded on buyer acceptance	{"photos": [], "remarks": null, "stencil": null, "documents": [{"id": "85c8feea-5f0c-4ae7-a1c6-03de415fbe69", "cid": "bafkreidvgpvbqvirmke4pqhgb6a54mvqkwuatrjr3n7pvmgm72mt5qxlrm", "path": "/app/backend/uploads/document-1769330358049-491213574.jpg", "type": "owner_id", "filename": "driver.jpg"}, {"id": "71dff601-122d-4b64-a27b-8b2fbb616810", "cid": "bafkreidv4iw5quz43rzjxnmcsrgtk3prwsklmpiog2mocd7npvv5cwxtgu", "path": "/app/backend/uploads/document-1769334835847-771026627.pdf", "type": "buyer_hpg_clearance", "filename": "HPG_Clearance_98306c80-511b-4126-a27f-85cad274594a.pdf"}], "orCrDocId": null, "autoVerify": {"completed": true, "hashCheck": {"exists": false, "source": "database"}, "completedAt": "2026-01-25T10:13:46.833Z", "completedBy": "654bb34d-fec4-458c-94bc-2223d885a6d7", "compositeHash": "e3e161366891ac9a7672adffc5983cfda70a1efd50b7aeaca84a4b2814c16b6f", "preFilledData": {"engineNumber": "4GR-CE103258", "chassisNumber": "1UEDTAW9H0WB8FM8W"}, "recommendation": "AUTO_APPROVE", "scoreBreakdown": {"total": 100, "dataMatch": 5, "dataExtraction": 30, "hashUniqueness": 20, "documentCompleteness": 15, "certificateAuthenticity": 30}, "confidenceScore": 100, "authenticityCheck": {"reason": "Certificate file hash matches original certificate from certificate-generator (issuer verified)", "source": "issued_certificates", "authentic": true, "matchType": "file_hash", "blockchainTxId": null, "certificateData": {"vehiclePlate": "LLE-2077", "transferRequestId": null, "verificationDetails": "No adverse record found. Vehicle cleared for registration.", "originalCertificateType": "hpg_clearance"}, "originalFileHash": "75e22dd8533cdc729bb582944d356df1b494b63d0e3698e10fed7d6bd15af335", "authenticityScore": 100, "originalVehicleVin": "1UEDTAW9H0WB8FM8W", "originalCertificateId": "ef4f8114-fa84-4d16-add9-89833ac1f4b6", "originalCompositeHash": "ade49b57d0c6a6b72f4a65b555d1fb47b1441059261887cf993062a72d1d322e", "originalCertificateFound": true, "originalCertificateNumber": "HPG-2026-QUQGX0"}, "recommendationReason": "High confidence score. Certificate authenticated via blockchain. All checks passed. Manual physical inspection still required."}, "orCrDocCid": null, "vehicleVin": "1UEDTAW9H0WB8FM8W", "verifiedAt": "2026-01-25T10:13:52.634Z", "verifiedBy": "654bb34d-fec4-458c-94bc-2223d885a6d7", "orCrDocPath": null, "vehicleMake": "Royal", "vehicleYear": 2026, "engineNumber": "4GR-CE103258", "macroEtching": false, "ownerIdDocId": "85c8feea-5f0c-4ae7-a1c6-03de415fbe69", "vehicleColor": "White", "vehicleModel": "Classic 350", "vehiclePlate": "LLE-2077", "autoTriggered": true, "buyerHpgDocId": "71dff601-122d-4b64-a27b-8b2fbb616810", "chassisNumber": "1UEDTAW9H0WB8FM8W", "ownerIdDocCid": "bafkreidvgpvbqvirmke4pqhgb6a54mvqkwuatrjr3n7pvmgm72mt5qxlrm", "buyerHpgDocCid": "bafkreidv4iw5quz43rzjxnmcsrgtk3prwsklmpiog2mocd7npvv5cwxtgu", "ownerIdDocPath": "/app/backend/uploads/document-1769330358049-491213574.jpg", "buyerHpgDocPath": "/app/backend/uploads/document-1769334835847-771026627.pdf", "orCrDocFilename": null, "transferRequestId": "0f63c604-950e-4fa8-9616-d34014bef14e", "ownerIdDocFilename": "driver.jpg", "buyerHpgDocFilename": "HPG_Clearance_98306c80-511b-4126-a27f-85cad274594a.pdf"}	2026-01-25 09:53:57.764706	2026-01-25 10:13:52.639819	MANUAL
07feb258-1a82-4c72-9dcd-9c95e9caee9b	047cad0d-57fc-4a82-85cc-2eed577a56f8	hpg	APPROVED	36b86e7e-7668-49dc-8dd6-6610ce092a73	2026-01-26 07:31:58.744061	654bb34d-fec4-458c-94bc-2223d885a6d7	2026-01-26 07:35:06.261097	\N	Initial Vehicle Registration - HPG Clearance	Automatically sent upon vehicle registration submission	{"photos": [], "remarks": null, "stencil": null, "documents": [{"id": "03ae930d-311c-4a69-9289-e44affd75a4d", "cid": "bafkreidvgpvbqvirmke4pqhgb6a54mvqkwuatrjr3n7pvmgm72mt5qxlrm", "path": "/app/backend/uploads/document-1769412716527-943100879.jpg", "type": "owner_id", "filename": "driver.jpg"}, {"id": "57ea86bf-9b5d-4a28-bbc4-5f70537d4a85", "cid": "bafkreib4a722flxjhkzlh22bodh5wccxgsapfye7ehiev2tnjqvz3gijam", "path": "/app/backend/uploads/document-1769412713746-877434331.pdf", "type": "hpg_clearance", "filename": "HPG_Clearance_HPG-2026-TIR609.pdf"}], "orCrDocId": null, "ownerName": "Kim Andrei Besmar", "autoVerify": {"completed": true, "hashCheck": {"exists": false, "source": "database"}, "completedAt": "2026-01-26T07:33:23.573Z", "completedBy": "654bb34d-fec4-458c-94bc-2223d885a6d7", "compositeHash": "9e907de8b3b67a8c18ebf70914fab18bf525e157880cfc8dca42dc5f23fd0c45", "preFilledData": {"engineNumber": "1GR-CE361136", "chassisNumber": "4NHY0RU1LP7T93D20"}, "recommendation": "AUTO_APPROVE", "scoreBreakdown": {"total": 100, "dataMatch": 5, "dataExtraction": 30, "hashUniqueness": 20, "documentCompleteness": 15, "certificateAuthenticity": 30}, "confidenceScore": 100, "authenticityCheck": {"reason": "Certificate file hash matches original certificate from certificate-generator (issuer verified)", "source": "issued_certificates", "authentic": true, "matchType": "file_hash", "blockchainTxId": null, "certificateData": {"vehiclePlate": "KDS-4361", "verificationDetails": {"engine_condition": "Good", "chassis_condition": "Good"}}, "originalFileHash": "3c07f5a2aee93ab2b3eb4170cfdb08573480f2e09f21d04aea6d4c2b9d990903", "authenticityScore": 100, "originalVehicleVin": "4NHY0RU1LP7T93D20", "originalCertificateId": "bf2dc7c4-c1dc-4b62-adf4-1b96e92423de", "originalCompositeHash": "ab431bed6d20376ab19f942e17c9b5c7bf70fc007fdaf3ccab2199ab166e54bf", "originalCertificateFound": true, "originalCertificateNumber": "HPG-2026-TIR609"}, "recommendationReason": "High confidence score. Certificate authenticated via blockchain. All checks passed. Manual physical inspection still required."}, "orCrDocCid": null, "ownerEmail": "kimandrei012@gmail.com", "vehicleVin": "4NHY0RU1LP7T93D20", "verifiedAt": "2026-01-26T07:35:06.260Z", "verifiedBy": "654bb34d-fec4-458c-94bc-2223d885a6d7", "orCrDocPath": null, "vehicleMake": "Ford", "vehicleYear": 2026, "engineNumber": "1GR-CE361136", "macroEtching": false, "ownerIdDocId": "03ae930d-311c-4a69-9289-e44affd75a4d", "vehicleColor": "White", "vehicleModel": "Ranger", "vehiclePlate": "KDS-4361", "chassisNumber": "4NHY0RU1LP7T93D20", "extractedData": {"vin": "4NHY0RU1LP7T93D20", "source": "vehicle_metadata", "plateNumber": "KDS-4361", "engineNumber": "1GR-CE361136", "ocrExtracted": false, "chassisNumber": "4NHY0RU1LP7T93D20"}, "ownerIdDocCid": "bafkreidvgpvbqvirmke4pqhgb6a54mvqkwuatrjr3n7pvmgm72mt5qxlrm", "ownerIdDocPath": "/app/backend/uploads/document-1769412716527-943100879.jpg", "orCrDocFilename": null, "automationPhase1": {"completed": true, "completedAt": "2026-01-26T07:31:58.798Z", "databaseChecked": true}, "hpgDatabaseCheck": {"status": "CLEAN", "details": "Vehicle not found in HPG hot list", "checkedAt": "2026-01-26T07:31:58.787Z", "matchedRecords": [], "recommendation": "PROCEED"}, "hpgClearanceDocId": "57ea86bf-9b5d-4a28-bbc4-5f70537d4a85", "hpgClearanceDocCid": "bafkreib4a722flxjhkzlh22bodh5wccxgsapfye7ehiev2tnjqvz3gijam", "ownerIdDocFilename": "driver.jpg", "hpgClearanceDocPath": "/app/backend/uploads/document-1769412713746-877434331.pdf", "registrationCertDocId": null, "registrationCertDocCid": null, "hpgClearanceDocFilename": "HPG_Clearance_HPG-2026-TIR609.pdf"}	2026-01-26 07:31:58.744061	2026-01-26 07:35:06.261097	MANUAL
f04843ad-e200-4945-b3c5-868f37037da0	047cad0d-57fc-4a82-85cc-2eed577a56f8	insurance	APPROVED	36b86e7e-7668-49dc-8dd6-6610ce092a73	2026-01-26 07:31:59.031544	73477102-f36b-448a-89d4-9dc3e93466f8	2026-01-26 07:31:59.039839	\N	Initial Vehicle Registration - Insurance Verification	Automatically sent upon vehicle registration submission	{"notes": "Auto-verified and approved. Score: 100%", "documents": [{"id": "53767c53-fcc2-478e-ba4f-e7f806ee50ba", "cid": "bafkreihogoln4uqrxqmq6u3uimze2rltxpanw5kfrmlnfc74uern6vz4ie", "path": "/app/backend/uploads/document-1769412714375-446811020.pdf", "type": "insurance_cert", "filename": "Insurance_Certificate_CTPL-2026-3U1RM5.pdf"}], "ownerName": "Kim Andrei Besmar", "documentId": "53767c53-fcc2-478e-ba4f-e7f806ee50ba", "ownerEmail": "kimandrei012@gmail.com", "vehicleVin": "4NHY0RU1LP7T93D20", "verifiedAt": "2026-01-26T07:31:59.038Z", "verifiedBy": "system", "documentCid": "bafkreihogoln4uqrxqmq6u3uimze2rltxpanw5kfrmlnfc74uern6vz4ie", "vehicleMake": "Ford", "vehicleYear": 2026, "autoVerified": true, "documentPath": "/app/backend/uploads/document-1769412714375-446811020.pdf", "documentType": "insurance_cert", "vehicleModel": "Ranger", "vehiclePlate": "KDS-4361", "documentFilename": "Insurance_Certificate_CTPL-2026-3U1RM5.pdf", "autoVerificationResult": {"basis": {"hashUnique": true, "notExpired": true, "patternValid": true}, "score": 100, "status": "APPROVED", "ocrData": {"insuranceExpiry": "26-Jan-2027", "insuranceCompany": "Details\\nCompany Name", "insurancePolicyNumber": "CTPL-2026-3U1RM5"}, "automated": true, "hashCheck": {"exists": false, "source": "database"}, "confidence": 1, "patternCheck": {"valid": true, "reason": "Format matches expected pattern", "pattern": "CTPL-YYYY-XXXXXX (e.g., CTPL-2026-C9P5EX)", "confidence": 100, "normalized": "CTPL-2026-3U1RM5"}, "compositeHash": "12aa4227111e45db504caaf4f4134693d4cd8974738cf1d59e2a7fda2d467015", "blockchainTxId": null, "authenticityCheck": {"reason": "Certificate file hash matches original certificate from certificate-generator (issuer verified)", "source": "issued_certificates", "authentic": true, "matchType": "file_hash", "blockchainTxId": null, "certificateData": {"coverageType": "CTPL", "coverageAmount": "PHP 200,000 / PHP 50,000"}, "originalFileHash": "ee3396de5211bc190f537443324d4573bbc0db75458b16d28bfca122df573c41", "authenticityScore": 100, "originalVehicleVin": "4NHY0RU1LP7T93D20", "originalCertificateId": "06faedf7-9131-493f-8a53-04a384662d4e", "originalCompositeHash": "6b8b539aa21f6de190093e999000dd8422597844ff7bc21bb4c8de114123fffe", "originalCertificateFound": true, "originalCertificateNumber": "CTPL-2026-3U1RM5"}}}	2026-01-26 07:31:59.031544	2026-01-26 07:31:59.039839	MANUAL
70f506c8-a05a-4fce-bb1e-5f8f8a4cd7db	98306c80-511b-4126-a27f-85cad274594a	hpg	PENDING	36b86e7e-7668-49dc-8dd6-6610ce092a73	2026-01-26 07:45:43.440735	\N	\N	\N	Vehicle ownership transfer clearance	Auto-forwarded on buyer acceptance	{"documents": [{"id": "4fd685df-1f1b-40e2-8c6d-415079c33ade", "cid": "bafkreidvgpvbqvirmke4pqhgb6a54mvqkwuatrjr3n7pvmgm72mt5qxlrm", "path": "/app/backend/uploads/document-1769413464049-454494926.jpg", "type": "seller_id", "filename": "driver.jpg"}, {"id": "86c0bd3e-3418-4ecb-96c3-152cc63ab6e3", "cid": "bafkreib4a722flxjhkzlh22bodh5wccxgsapfye7ehiev2tnjqvz3gijam", "path": "/app/backend/uploads/document-1769413540652-570257838.pdf", "type": "buyer_hpg_clearance", "filename": "HPG_Clearance_HPG-2026-TIR609.pdf"}], "orCrDocId": null, "autoVerify": {"completed": true, "completedAt": "2026-01-26T07:45:43.588Z", "completedBy": "system", "recommendation": "AUTO_APPROVE", "confidenceScore": 93, "authenticityCheck": {"reason": "Certificate file hash matches original certificate from certificate-generator (issuer verified)", "source": "issued_certificates", "authentic": true, "matchType": "file_hash", "blockchainTxId": null, "certificateData": {"vehiclePlate": "KDS-4361", "verificationDetails": {"engine_condition": "Good", "chassis_condition": "Good"}}, "originalFileHash": "3c07f5a2aee93ab2b3eb4170cfdb08573480f2e09f21d04aea6d4c2b9d990903", "authenticityScore": 100, "originalVehicleVin": "4NHY0RU1LP7T93D20", "originalCertificateId": "bf2dc7c4-c1dc-4b62-adf4-1b96e92423de", "originalCompositeHash": "ab431bed6d20376ab19f942e17c9b5c7bf70fc007fdaf3ccab2199ab166e54bf", "originalCertificateFound": true, "originalCertificateNumber": "HPG-2026-TIR609"}}, "orCrDocCid": null, "vehicleVin": "1UEDTAW9H0WB8FM8W", "orCrDocPath": null, "vehicleMake": "Royal", "vehicleYear": 2026, "engineNumber": "4GR-CE103258", "ownerIdDocId": "4fd685df-1f1b-40e2-8c6d-415079c33ade", "vehicleColor": "White", "vehicleModel": "Classic 350", "vehiclePlate": "LLE-2077", "autoTriggered": true, "buyerHpgDocId": "86c0bd3e-3418-4ecb-96c3-152cc63ab6e3", "chassisNumber": "1UEDTAW9H0WB8FM8W", "ownerIdDocCid": "bafkreidvgpvbqvirmke4pqhgb6a54mvqkwuatrjr3n7pvmgm72mt5qxlrm", "buyerHpgDocCid": "bafkreib4a722flxjhkzlh22bodh5wccxgsapfye7ehiev2tnjqvz3gijam", "ownerIdDocPath": "/app/backend/uploads/document-1769413464049-454494926.jpg", "buyerHpgDocPath": "/app/backend/uploads/document-1769413540652-570257838.pdf", "orCrDocFilename": null, "transferRequestId": "c8856697-7c27-4946-9c73-9f210b4da45b", "ownerIdDocFilename": "driver.jpg", "buyerHpgDocFilename": "HPG_Clearance_HPG-2026-TIR609.pdf"}	2026-01-26 07:45:43.440735	2026-01-26 07:45:43.58913	MANUAL
8c281dfe-239b-498d-a383-51ec5893fa4e	98306c80-511b-4126-a27f-85cad274594a	insurance	APPROVED	36b86e7e-7668-49dc-8dd6-6610ce092a73	2026-01-26 07:45:43.61075	\N	2026-01-26 07:45:43.70264	\N	Vehicle ownership transfer clearance	Auto-forwarded on buyer acceptance	{"notes": "Auto-verified and approved. Score: 100%", "documents": [{"id": "35942fa3-a535-447b-8fca-07452cf7e4e5", "cid": "bafkreihogoln4uqrxqmq6u3uimze2rltxpanw5kfrmlnfc74uern6vz4ie", "path": "/app/backend/uploads/document-1769413535014-106633082.pdf", "type": "insurance_cert", "filename": "Insurance_Certificate_CTPL-2026-3U1RM5.pdf"}], "documentId": "35942fa3-a535-447b-8fca-07452cf7e4e5", "vehicleVin": "1UEDTAW9H0WB8FM8W", "verifiedAt": "2026-01-26T07:45:43.702Z", "verifiedBy": "system", "documentCid": "bafkreihogoln4uqrxqmq6u3uimze2rltxpanw5kfrmlnfc74uern6vz4ie", "autoVerified": true, "documentPath": "/app/backend/uploads/document-1769413535014-106633082.pdf", "documentType": "insurance_cert", "vehiclePlate": "LLE-2077", "autoTriggered": true, "documentFilename": "Insurance_Certificate_CTPL-2026-3U1RM5.pdf", "transferRequestId": "c8856697-7c27-4946-9c73-9f210b4da45b", "autoVerificationResult": {"basis": {"hashUnique": true, "notExpired": true, "patternValid": true}, "score": 100, "status": "APPROVED", "ocrData": {"insuranceExpiry": "26-Jan-2027", "insuranceCompany": "Details\\nCompany Name", "insurancePolicyNumber": "CTPL-2026-3U1RM5"}, "automated": true, "hashCheck": {"exists": false, "source": "database"}, "confidence": 1, "patternCheck": {"valid": true, "reason": "Format matches expected pattern", "pattern": "CTPL-YYYY-XXXXXX (e.g., CTPL-2026-C9P5EX)", "confidence": 100, "normalized": "CTPL-2026-3U1RM5"}, "compositeHash": "b3c9ffdda29a15b89bb0e872bc2b49190967569c5a51db99eee4eddd224bd9a5", "blockchainTxId": null, "authenticityCheck": {"reason": "Certificate file hash matches original certificate from certificate-generator (issuer verified)", "source": "issued_certificates", "authentic": true, "matchType": "file_hash", "blockchainTxId": null, "certificateData": {"coverageType": "CTPL", "coverageAmount": "PHP 200,000 / PHP 50,000"}, "originalFileHash": "ee3396de5211bc190f537443324d4573bbc0db75458b16d28bfca122df573c41", "authenticityScore": 100, "originalVehicleVin": "4NHY0RU1LP7T93D20", "originalCertificateId": "06faedf7-9131-493f-8a53-04a384662d4e", "originalCompositeHash": "6b8b539aa21f6de190093e999000dd8422597844ff7bc21bb4c8de114123fffe", "originalCertificateFound": true, "originalCertificateNumber": "CTPL-2026-3U1RM5"}}}	2026-01-26 07:45:43.61075	2026-01-26 07:45:43.70264	MANUAL
\.


--
-- TOC entry 3846 (class 0 OID 16595)
-- Dependencies: 219
-- Data for Name: documents; Type: TABLE DATA; Schema: public; Owner: lto_user
--

COPY public.documents (id, vehicle_id, document_type, filename, original_name, file_path, file_size, mime_type, file_hash, uploaded_by, uploaded_at, verified, verified_at, verified_by, is_inspection_document, inspection_document_type, ipfs_cid) FROM stdin;
e0fa1f29-d275-498a-87b4-c60ab5c0ad18	2b072bb7-913e-4ea0-9347-f36ccf8d044b	hpg_clearance	document-1769273555678-353057282.pdf	HPG_Clearance_HPG-2026-DO6EYY.pdf	/app/backend/uploads/document-1769273555678-353057282.pdf	57238	application/pdf	425b477c13924442ce4f110281559cb1895a8d1edadcdc94935ea836d5643049	1b76c49c-b8d7-4c10-84aa-6b2bfd1c3fbc	2026-01-24 16:52:35.767113	f	\N	\N	f	\N	bafkreicclndxye4sirbm4tyrakavlhfrrfni2hw23tojje26va3nkzbqje
ad7338ae-5338-449c-a854-1fdecf1f968b	2b072bb7-913e-4ea0-9347-f36ccf8d044b	csr	document-1769273555742-555162006.pdf	CSR_CSR-2026-JN86NT.pdf	/app/backend/uploads/document-1769273555742-555162006.pdf	149368	application/pdf	ac8475f1631657d83cec51e1985b117102b712467595676e3940ff48f14ea2c6	1b76c49c-b8d7-4c10-84aa-6b2bfd1c3fbc	2026-01-24 16:52:35.840962	f	\N	\N	f	\N	bafkreifmqr27cyywk7mdz3cr4gmfwelrak3rertvsvtw4oka75epctvcyy
b5e027bb-8e10-45f8-a289-44bc634e0c96	2b072bb7-913e-4ea0-9347-f36ccf8d044b	sales_invoice	document-1769273555761-509711513.pdf	Sales_Invoice_INV-20260124-PKFAA9.pdf	/app/backend/uploads/document-1769273555761-509711513.pdf	104794	application/pdf	81a64554f384eda4b90d86b9459c5c4d80c3943274026f33074dd1150416c2fd	1b76c49c-b8d7-4c10-84aa-6b2bfd1c3fbc	2026-01-24 16:52:35.899768	f	\N	\N	f	\N	bafkreiebuzcvj44e5wslsdmgxfczyxcnqdbzimtuajxtgb2n2ekqifwc7u
23de4345-7dbf-4a66-8bac-7da1d452c190	2b072bb7-913e-4ea0-9347-f36ccf8d044b	insurance_cert	document-1769273555830-106792479.pdf	Insurance_Certificate_CTPL-2026-IQR4QU.pdf	/app/backend/uploads/document-1769273555830-106792479.pdf	68946	application/pdf	2bc461b07240a444c98a09c4a1ce7f1fe748d83b82f3bc7e8b7cf8bc38b05b95	1b76c49c-b8d7-4c10-84aa-6b2bfd1c3fbc	2026-01-24 16:52:35.912235	f	\N	\N	f	\N	bafkreiblyrq3a4saurcmtcqjysq447y745enqo4c6o6h5c347c6drmc3su
fa3d7a70-4213-4656-80aa-35a0c61ad173	2b072bb7-913e-4ea0-9347-f36ccf8d044b	owner_id	document-1769273555832-506991773.jpg	download (3).jpg	/app/backend/uploads/document-1769273555832-506991773.jpg	88117	image/jpeg	b7652be59de5f8c4b8f5dc121089641b92befdd46c23b33814972c1010f45cd4	1b76c49c-b8d7-4c10-84aa-6b2bfd1c3fbc	2026-01-24 16:52:36.000759	f	\N	\N	f	\N	bafkreifxmuv6lhpf7dclr5o4ciiisza3sk7p3vdmeoztqfexfqibb5c42q
e4cd9252-54dc-45f3-a45e-4e4b0b81fad5	\N	hpg_clearance	document-1769276541637-380952222.pdf	HPG_Clearance_HPG-2026-EF95HY.pdf	/app/backend/uploads/document-1769276541637-380952222.pdf	57537	application/pdf	fa67d93be2a40f0dd32d94410ed4fd353708c2e18c66931b0f3d75c3b354a4bf	\N	2026-01-24 17:42:21.757924	f	\N	\N	f	\N	bafkreih2m7mtxyveb4g5glmuiehnj7jvg4emfymmm2jrwdz5oxb3gvfex4
588a7c02-1c62-4671-9e00-6d2a0ece87da	\N	csr	document-1769276541720-157773491.pdf	CSR_CSR-2026-IHE9HV.pdf	/app/backend/uploads/document-1769276541720-157773491.pdf	150292	application/pdf	5a1b334097b26b85866290424ee9db7e57b6697c87a0efecc319b8e5d0d39285	\N	2026-01-24 17:42:21.860703	f	\N	\N	f	\N	bafkreic2dmzubf5snocymyuqijhotw36k63gs7ehudx6zqyzxds5bu4squ
041b5aee-6b3a-41be-80f6-48bafb87ce71	\N	insurance_cert	document-1769276541800-446597668.pdf	Insurance_Certificate_CTPL-2026-P3NQ6U.pdf	/app/backend/uploads/document-1769276541800-446597668.pdf	70337	application/pdf	d80f38e4ed6d260f070e8f1db8504d7a66968e92d9437f409138532de6b0587c	\N	2026-01-24 17:42:21.923884	f	\N	\N	f	\N	bafkreigyb44oj3lneyhqodupdw4fatl2m2li5ewzin7ubejykmw6nmcypq
4a739035-68d5-4629-bc93-89db9f2732ce	\N	owner_id	document-1769276541807-71398950.jpg	download (3).jpg	/app/backend/uploads/document-1769276541807-71398950.jpg	88117	image/jpeg	b7652be59de5f8c4b8f5dc121089641b92befdd46c23b33814972c1010f45cd4	\N	2026-01-24 17:42:22.097292	f	\N	\N	f	\N	bafkreifxmuv6lhpf7dclr5o4ciiisza3sk7p3vdmeoztqfexfqibb5c42q
178b24f4-82bb-407c-902e-4179730a1e01	\N	sales_invoice	document-1769276541805-678183586.pdf	Sales_Invoice_INV-20260124-0VZ6PX.pdf	/app/backend/uploads/document-1769276541805-678183586.pdf	104635	application/pdf	b65e0401b13e4e6d3efc150122f12daef2e85adefaea96906257820c58d97ac2	\N	2026-01-24 17:42:22.204504	f	\N	\N	f	\N	bafkreifwlycadmj6jzwt57avaerpclno6lufvxx25kljaysxqigfrwl2yi
76a50fe5-7f9f-4a12-ba1f-ae431f78e47a	\N	hpg_clearance	document-1769276961039-410041691.pdf	HPG_Clearance_HPG-2026-EF95HY.pdf	/app/backend/uploads/document-1769276961039-410041691.pdf	57537	application/pdf	fa67d93be2a40f0dd32d94410ed4fd353708c2e18c66931b0f3d75c3b354a4bf	\N	2026-01-24 17:49:21.115743	f	\N	\N	f	\N	bafkreih2m7mtxyveb4g5glmuiehnj7jvg4emfymmm2jrwdz5oxb3gvfex4
b30d4b60-4d64-4adb-93f7-fc7236ed6f19	\N	insurance_cert	document-1769276961103-132411907.pdf	Insurance_Certificate_CTPL-2026-P3NQ6U.pdf	/app/backend/uploads/document-1769276961103-132411907.pdf	70337	application/pdf	d80f38e4ed6d260f070e8f1db8504d7a66968e92d9437f409138532de6b0587c	\N	2026-01-24 17:49:21.228764	f	\N	\N	f	\N	bafkreigyb44oj3lneyhqodupdw4fatl2m2li5ewzin7ubejykmw6nmcypq
6124e2cb-4f5f-426a-a574-17cbd46d2341	\N	csr	document-1769276961102-718647941.pdf	CSR_CSR-2026-IHE9HV.pdf	/app/backend/uploads/document-1769276961102-718647941.pdf	150292	application/pdf	5a1b334097b26b85866290424ee9db7e57b6697c87a0efecc319b8e5d0d39285	\N	2026-01-24 17:49:21.246061	f	\N	\N	f	\N	bafkreic2dmzubf5snocymyuqijhotw36k63gs7ehudx6zqyzxds5bu4squ
dadea97e-8540-49ef-ae07-dae0e9db6263	\N	owner_id	document-1769276961117-427906511.jpg	download (3).jpg	/app/backend/uploads/document-1769276961117-427906511.jpg	88117	image/jpeg	b7652be59de5f8c4b8f5dc121089641b92befdd46c23b33814972c1010f45cd4	\N	2026-01-24 17:49:21.248975	f	\N	\N	f	\N	bafkreifxmuv6lhpf7dclr5o4ciiisza3sk7p3vdmeoztqfexfqibb5c42q
7047e2c6-e019-4f4e-84c2-00c870f762c2	\N	sales_invoice	document-1769276961195-69691930.pdf	Sales_Invoice_INV-20260124-0VZ6PX.pdf	/app/backend/uploads/document-1769276961195-69691930.pdf	104635	application/pdf	b65e0401b13e4e6d3efc150122f12daef2e85adefaea96906257820c58d97ac2	\N	2026-01-24 17:49:21.307988	f	\N	\N	f	\N	bafkreifwlycadmj6jzwt57avaerpclno6lufvxx25kljaysxqigfrwl2yi
ceb4ca02-9113-4e51-9429-dbb19cc1d99b	\N	hpg_clearance	document-1769277114565-99675270.pdf	HPG_Clearance_HPG-2026-EF95HY.pdf	/app/backend/uploads/document-1769277114565-99675270.pdf	57537	application/pdf	fa67d93be2a40f0dd32d94410ed4fd353708c2e18c66931b0f3d75c3b354a4bf	\N	2026-01-24 17:51:54.706609	f	\N	\N	f	\N	bafkreih2m7mtxyveb4g5glmuiehnj7jvg4emfymmm2jrwdz5oxb3gvfex4
01ac851b-a152-4114-ac87-a97a68a4a621	\N	csr	document-1769277114676-329622368.pdf	CSR_CSR-2026-IHE9HV.pdf	/app/backend/uploads/document-1769277114676-329622368.pdf	150292	application/pdf	5a1b334097b26b85866290424ee9db7e57b6697c87a0efecc319b8e5d0d39285	\N	2026-01-24 17:51:54.817786	f	\N	\N	f	\N	bafkreic2dmzubf5snocymyuqijhotw36k63gs7ehudx6zqyzxds5bu4squ
849ce809-478f-4afb-adc5-bc4ba6c7818a	\N	owner_id	document-1769277114841-41272696.jpg	download (3).jpg	/app/backend/uploads/document-1769277114841-41272696.jpg	88117	image/jpeg	b7652be59de5f8c4b8f5dc121089641b92befdd46c23b33814972c1010f45cd4	\N	2026-01-24 17:51:54.909068	f	\N	\N	f	\N	bafkreifxmuv6lhpf7dclr5o4ciiisza3sk7p3vdmeoztqfexfqibb5c42q
08c2a531-4189-4508-ba6b-b098aa011c71	\N	sales_invoice	document-1769277114839-614249172.pdf	Sales_Invoice_INV-20260124-0VZ6PX.pdf	/app/backend/uploads/document-1769277114839-614249172.pdf	104635	application/pdf	b65e0401b13e4e6d3efc150122f12daef2e85adefaea96906257820c58d97ac2	\N	2026-01-24 17:51:55.006036	f	\N	\N	f	\N	bafkreifwlycadmj6jzwt57avaerpclno6lufvxx25kljaysxqigfrwl2yi
8a264408-12f0-42c7-a100-b189fac404e5	\N	insurance_cert	document-1769277114854-515164146.pdf	Insurance_Certificate_CTPL-2026-P3NQ6U.pdf	/app/backend/uploads/document-1769277114854-515164146.pdf	70337	application/pdf	d80f38e4ed6d260f070e8f1db8504d7a66968e92d9437f409138532de6b0587c	\N	2026-01-24 17:51:55.10909	f	\N	\N	f	\N	bafkreigyb44oj3lneyhqodupdw4fatl2m2li5ewzin7ubejykmw6nmcypq
607fa392-054f-4c19-8f03-5fe9ffe5cc6e	0f9d0224-8f13-4c9f-ba41-f23d0c10506e	insurance_cert	document-1769277409274-79279697.pdf	Insurance_Certificate_CTPL-2026-P3NQ6U.pdf	/app/backend/uploads/document-1769277409274-79279697.pdf	70337	application/pdf	d80f38e4ed6d260f070e8f1db8504d7a66968e92d9437f409138532de6b0587c	1b76c49c-b8d7-4c10-84aa-6b2bfd1c3fbc	2026-01-24 17:56:49.45627	f	\N	\N	f	\N	bafkreigyb44oj3lneyhqodupdw4fatl2m2li5ewzin7ubejykmw6nmcypq
71cf692f-43f4-4c12-b2fd-3dd8add406d9	0f9d0224-8f13-4c9f-ba41-f23d0c10506e	hpg_clearance	document-1769277409337-100025145.pdf	HPG_Clearance_HPG-2026-EF95HY.pdf	/app/backend/uploads/document-1769277409337-100025145.pdf	57537	application/pdf	fa67d93be2a40f0dd32d94410ed4fd353708c2e18c66931b0f3d75c3b354a4bf	1b76c49c-b8d7-4c10-84aa-6b2bfd1c3fbc	2026-01-24 17:56:49.511882	f	\N	\N	f	\N	bafkreih2m7mtxyveb4g5glmuiehnj7jvg4emfymmm2jrwdz5oxb3gvfex4
e7fbc179-941f-4ba0-b7d0-9026c39e3ed2	0f9d0224-8f13-4c9f-ba41-f23d0c10506e	csr	document-1769277409371-648543557.pdf	CSR_CSR-2026-IHE9HV.pdf	/app/backend/uploads/document-1769277409371-648543557.pdf	150292	application/pdf	5a1b334097b26b85866290424ee9db7e57b6697c87a0efecc319b8e5d0d39285	1b76c49c-b8d7-4c10-84aa-6b2bfd1c3fbc	2026-01-24 17:56:49.555117	f	\N	\N	f	\N	bafkreic2dmzubf5snocymyuqijhotw36k63gs7ehudx6zqyzxds5bu4squ
3346cb22-2846-4862-b6ec-cb41c385f950	0f9d0224-8f13-4c9f-ba41-f23d0c10506e	owner_id	document-1769277409481-423935907.jpg	download (3).jpg	/app/backend/uploads/document-1769277409481-423935907.jpg	88117	image/jpeg	b7652be59de5f8c4b8f5dc121089641b92befdd46c23b33814972c1010f45cd4	1b76c49c-b8d7-4c10-84aa-6b2bfd1c3fbc	2026-01-24 17:56:49.615157	f	\N	\N	f	\N	bafkreifxmuv6lhpf7dclr5o4ciiisza3sk7p3vdmeoztqfexfqibb5c42q
f0ecea95-45a2-4be3-a841-9200e9357aea	0f9d0224-8f13-4c9f-ba41-f23d0c10506e	sales_invoice	document-1769277409493-213935926.pdf	Sales_Invoice_INV-20260124-0VZ6PX.pdf	/app/backend/uploads/document-1769277409493-213935926.pdf	104635	application/pdf	b65e0401b13e4e6d3efc150122f12daef2e85adefaea96906257820c58d97ac2	1b76c49c-b8d7-4c10-84aa-6b2bfd1c3fbc	2026-01-24 17:56:49.702391	f	\N	\N	f	\N	bafkreifwlycadmj6jzwt57avaerpclno6lufvxx25kljaysxqigfrwl2yi
a4206d28-c907-48a2-8378-bdf39715453d	\N	hpg_clearance	document-1769278613964-918669019.pdf	HPG_Clearance_HPG-2026-DO6EYY.pdf	/app/backend/uploads/document-1769278613964-918669019.pdf	57238	application/pdf	425b477c13924442ce4f110281559cb1895a8d1edadcdc94935ea836d5643049	\N	2026-01-24 18:16:54.055205	f	\N	\N	f	\N	bafkreicclndxye4sirbm4tyrakavlhfrrfni2hw23tojje26va3nkzbqje
7dd937ca-5c49-4def-b602-4d42bc2193be	\N	sales_invoice	document-1769278614046-181808743.pdf	Sales_Invoice_INV-20260124-PKFAA9.pdf	/app/backend/uploads/document-1769278614046-181808743.pdf	104794	application/pdf	81a64554f384eda4b90d86b9459c5c4d80c3943274026f33074dd1150416c2fd	\N	2026-01-24 18:16:54.136345	f	\N	\N	f	\N	bafkreiebuzcvj44e5wslsdmgxfczyxcnqdbzimtuajxtgb2n2ekqifwc7u
6d99b1c7-af99-47a0-ae5d-47a65b1d40b5	\N	csr	document-1769278614020-265948907.pdf	CSR_CSR-2026-JN86NT.pdf	/app/backend/uploads/document-1769278614020-265948907.pdf	149368	application/pdf	ac8475f1631657d83cec51e1985b117102b712467595676e3940ff48f14ea2c6	\N	2026-01-24 18:16:54.191785	f	\N	\N	f	\N	bafkreifmqr27cyywk7mdz3cr4gmfwelrak3rertvsvtw4oka75epctvcyy
704e6ec0-ffca-4c27-83ff-1f9bf4184e27	\N	owner_id	document-1769278614151-960145984.jpg	download (3).jpg	/app/backend/uploads/document-1769278614151-960145984.jpg	88117	image/jpeg	b7652be59de5f8c4b8f5dc121089641b92befdd46c23b33814972c1010f45cd4	\N	2026-01-24 18:16:54.19655	f	\N	\N	f	\N	bafkreifxmuv6lhpf7dclr5o4ciiisza3sk7p3vdmeoztqfexfqibb5c42q
80f7a02d-827c-4205-9e89-82bf878bcf87	\N	insurance_cert	document-1769278614154-440638107.pdf	Insurance_Certificate_CTPL-2026-IQR4QU.pdf	/app/backend/uploads/document-1769278614154-440638107.pdf	68946	application/pdf	2bc461b07240a444c98a09c4a1ce7f1fe748d83b82f3bc7e8b7cf8bc38b05b95	\N	2026-01-24 18:16:54.213034	f	\N	\N	f	\N	bafkreiblyrq3a4saurcmtcqjysq447y745enqo4c6o6h5c347c6drmc3su
14710582-fce2-4be5-9162-26e08cbe4d93	e302a557-2f17-4c3d-9630-f859b8404327	hpg_clearance	document-1769279273847-858662969.pdf	HPG_Clearance_HPG-2026-YGAJX8.pdf	/app/backend/uploads/document-1769279273847-858662969.pdf	56735	application/pdf	63529e9a634c1f72b033c0794d0811287d918891418c7fffcfcf8051c6fbb6dc	1b76c49c-b8d7-4c10-84aa-6b2bfd1c3fbc	2026-01-24 18:27:53.945582	f	\N	\N	f	\N	bafkreiddkkpjuy2md5zlam6apfgqqejipwiyrekbrr777t6pqbi4n65w3q
fc35ff25-e2da-45c3-856e-01cac71b37f2	e302a557-2f17-4c3d-9630-f859b8404327	sales_invoice	document-1769279273918-253102541.pdf	Sales_Invoice_INV-20260124-GVHOV5.pdf	/app/backend/uploads/document-1769279273918-253102541.pdf	104033	application/pdf	77906a6193cb2bb1459d1bb8a9b83c5fb9b16547898cadbcb1e2cf54036657fa	1b76c49c-b8d7-4c10-84aa-6b2bfd1c3fbc	2026-01-24 18:27:54.039899	f	\N	\N	f	\N	bafkreidxsbvgde6lfoyulhi3xcu3qpc7xgywkr4jrsw3zmpcz5kagzsx7i
fcf9dc2d-1db0-4f7f-beb3-7e0c5fb8c8b5	e302a557-2f17-4c3d-9630-f859b8404327	csr	document-1769279273886-607354682.pdf	CSR_CSR-2026-VKJ8KB.pdf	/app/backend/uploads/document-1769279273886-607354682.pdf	149281	application/pdf	05c2a8b415b9a0a302b206a4f089debfa7849dc80819ec628fda86ddd687b4c9	1b76c49c-b8d7-4c10-84aa-6b2bfd1c3fbc	2026-01-24 18:27:54.041734	f	\N	\N	f	\N	bafkreiafykulifnzucrqfmqgutyitxv7u6cj3saidhwgfd62q3o5nb5uze
3a15de3f-b9ca-41c9-b932-90be648ef686	e302a557-2f17-4c3d-9630-f859b8404327	owner_id	document-1769279273971-542114240.jpg	download (3).jpg	/app/backend/uploads/document-1769279273971-542114240.jpg	88117	image/jpeg	b7652be59de5f8c4b8f5dc121089641b92befdd46c23b33814972c1010f45cd4	1b76c49c-b8d7-4c10-84aa-6b2bfd1c3fbc	2026-01-24 18:27:54.214165	f	\N	\N	f	\N	bafkreifxmuv6lhpf7dclr5o4ciiisza3sk7p3vdmeoztqfexfqibb5c42q
7e6351fa-7836-4c0d-8f18-2ea61a168455	e302a557-2f17-4c3d-9630-f859b8404327	insurance_cert	document-1769279273967-229167351.pdf	Insurance_Certificate_CTPL-2026-CGYUF2.pdf	/app/backend/uploads/document-1769279273967-229167351.pdf	70089	application/pdf	ef13a8707bf4b3cf1dcd0f73b7e90c738765179b54bcfd77ae350cf7f7107c73	1b76c49c-b8d7-4c10-84aa-6b2bfd1c3fbc	2026-01-24 18:27:54.314758	f	\N	\N	f	\N	bafkreihpcouha67uwphr3tipoo36sddtq5srpg2uxt6xplrvbt37oed4om
f2c14a7f-fa02-4434-af10-7124fa7c624a	858a20ac-2371-40ee-95b0-8f54bdc06db3	hpg_clearance	document-1769280254692-479549361.pdf	HPG_Clearance_HPG-2026-UF3UX4.pdf	/app/backend/uploads/document-1769280254692-479549361.pdf	56955	application/pdf	57a6721d08dc5b830bd1153b6107c90ba23a77b878fc4090d34a4816b6c77346	1b76c49c-b8d7-4c10-84aa-6b2bfd1c3fbc	2026-01-24 18:44:14.839977	f	\N	\N	f	\N	bafkreicxuzzb2cg4lobqxuivhnqqpsilui5hpody7rajbu2kjallnr3tiy
b40abda9-df88-4ba0-8659-01e05b4bf9d1	858a20ac-2371-40ee-95b0-8f54bdc06db3	csr	document-1769280254741-221263801.pdf	CSR_CSR-2026-PW1DUZ.pdf	/app/backend/uploads/document-1769280254741-221263801.pdf	149500	application/pdf	9497ff73cdc5489e07fd927ea05ef08bc784097d78fe8d6326953a02d83a5449	1b76c49c-b8d7-4c10-84aa-6b2bfd1c3fbc	2026-01-24 18:44:14.934669	f	\N	\N	f	\N	bafkreieus77xhtofjcpap7msp2qf54ely6cas7ly72gwgjuvhibnqosuje
c212d8d0-87da-4b3b-8d56-4b931b226ec7	858a20ac-2371-40ee-95b0-8f54bdc06db3	owner_id	document-1769280254751-804250307.jpg	download (3).jpg	/app/backend/uploads/document-1769280254751-804250307.jpg	88117	image/jpeg	b7652be59de5f8c4b8f5dc121089641b92befdd46c23b33814972c1010f45cd4	1b76c49c-b8d7-4c10-84aa-6b2bfd1c3fbc	2026-01-24 18:44:15.404077	f	\N	\N	f	\N	bafkreifxmuv6lhpf7dclr5o4ciiisza3sk7p3vdmeoztqfexfqibb5c42q
59072c45-2f26-406c-b340-ca410ec7ab29	858a20ac-2371-40ee-95b0-8f54bdc06db3	insurance_cert	document-1769280254912-412105518.pdf	Insurance_Certificate_CTPL-2026-8TVPD4.pdf	/app/backend/uploads/document-1769280254912-412105518.pdf	68200	application/pdf	6bbdc2b4ef1f1a2f34d4542502997e271d7ec2f2da9610f2122b5365b271ed32	1b76c49c-b8d7-4c10-84aa-6b2bfd1c3fbc	2026-01-24 18:44:15.499432	f	\N	\N	f	\N	bafkreidlxxblj3y7dixtjvcueubjs7rhdv7mf4w2syipeerlkns3e4pngi
e70aec71-dd66-42d3-8061-bacfe2f0c384	858a20ac-2371-40ee-95b0-8f54bdc06db3	sales_invoice	document-1769280254910-209265710.pdf	Sales_Invoice_INV-20260124-R2Z1GZ.pdf	/app/backend/uploads/document-1769280254910-209265710.pdf	104527	application/pdf	0c2088563016598c038698af4bb382d2c4bdef6479388deae4f7433cac5216a3	1b76c49c-b8d7-4c10-84aa-6b2bfd1c3fbc	2026-01-24 18:44:15.614265	f	\N	\N	f	\N	bafkreiamecefmmawlggahbuyv5f3hawsys666zdzhcg6vzhxim6kyuqwum
872dbaa8-6444-4058-887e-476708e61259	f0350d21-a03c-465f-a536-6d8038b4c100	insurance_cert	document-1769281019559-490683150.pdf	Insurance_Certificate_CTPL-2026-583PRU.pdf	/app/backend/uploads/document-1769281019559-490683150.pdf	68712	application/pdf	b99186a123a2e0948c369ccc29fbb2a23608996372687a15c80d9b1c4bb886ba	1b76c49c-b8d7-4c10-84aa-6b2bfd1c3fbc	2026-01-24 18:56:59.701141	f	\N	\N	f	\N	bafkreifzsgdkci5c4ckiynu4zqu7xmvcgyejsy3snb5blsantmoexoegxi
dd1af224-3f76-4fb6-8aef-92a0a9216929	f0350d21-a03c-465f-a536-6d8038b4c100	owner_id	document-1769281019622-687243055.jpg	download (3).jpg	/app/backend/uploads/document-1769281019622-687243055.jpg	88117	image/jpeg	b7652be59de5f8c4b8f5dc121089641b92befdd46c23b33814972c1010f45cd4	1b76c49c-b8d7-4c10-84aa-6b2bfd1c3fbc	2026-01-24 18:56:59.761874	f	\N	\N	f	\N	bafkreifxmuv6lhpf7dclr5o4ciiisza3sk7p3vdmeoztqfexfqibb5c42q
77755c1b-343a-404c-9965-307533bb8cce	f0350d21-a03c-465f-a536-6d8038b4c100	sales_invoice	document-1769281019759-280604324.pdf	Sales_Invoice_INV-20260124-K7KK45.pdf	/app/backend/uploads/document-1769281019759-280604324.pdf	103965	application/pdf	f11b9408d2b14d227e8815341c4cc4fe8da1bebf076155fab09da09b3b63523d	1b76c49c-b8d7-4c10-84aa-6b2bfd1c3fbc	2026-01-24 18:56:59.826146	f	\N	\N	f	\N	bafkreihrdokaruvrjurh5cavgqoezrh6rwq35pyhmfk7vme5ucntwy2shu
3c6a3cf0-8ba4-4bea-821f-2572e342dc16	f0350d21-a03c-465f-a536-6d8038b4c100	csr	document-1769281019728-297759267.pdf	CSR_CSR-2026-ZA90P5.pdf	/app/backend/uploads/document-1769281019728-297759267.pdf	148788	application/pdf	d3cff1fdef08eb4e62c5e76e77818d01a9f100a552fd394adb7ac459ca6aca9a	1b76c49c-b8d7-4c10-84aa-6b2bfd1c3fbc	2026-01-24 18:57:00.018193	f	\N	\N	f	\N	bafkreigtz7y733yi5nhgfrphnz3yddibvhyqbjks7u4uvw32yrm4u2wkti
00e57665-ee91-43ff-8437-919d13629f9a	f0350d21-a03c-465f-a536-6d8038b4c100	hpg_clearance	document-1769281019733-883163292.pdf	HPG_Clearance_HPG-2026-FSVWKD.pdf	/app/backend/uploads/document-1769281019733-883163292.pdf	56569	application/pdf	3ef83a227f27e47301078d3ccaf6a2a4f28938a34ae7022fa193e9357118bb93	1b76c49c-b8d7-4c10-84aa-6b2bfd1c3fbc	2026-01-24 18:57:00.137143	f	\N	\N	f	\N	bafkreib67a5ce7zh4rzqcb4nhtfpnive6ketri2k44bc7imt5e2xcgf3sm
8289f146-e47d-4bfb-85ce-da8b4971c193	6dd179cd-2f50-4833-82ed-003f34fa817d	hpg_clearance	document-1769282345848-755618587.pdf	HPG_Clearance_HPG-2026-179TCA.pdf	/app/backend/uploads/document-1769282345848-755618587.pdf	57239	application/pdf	c7f9d56a3de1debc290d47b31f1823b7c49bd5b9a9214bf452342bb602512849	1b76c49c-b8d7-4c10-84aa-6b2bfd1c3fbc	2026-01-24 19:19:05.994387	f	\N	\N	f	\N	bafkreigh7hkwuppb326csdkhwmprqi5xysn5lonjeff7iurufo3aeujije
fc24db5a-7b21-43ca-81b7-6e987c26fa18	6dd179cd-2f50-4833-82ed-003f34fa817d	csr	document-1769282345907-381277875.pdf	CSR_CSR-2026-4815R0.pdf	/app/backend/uploads/document-1769282345907-381277875.pdf	148531	application/pdf	d5a23a278ecc2313318a87e9499b683a32c35c2b8af76a7bf74f64f93d20af51	1b76c49c-b8d7-4c10-84aa-6b2bfd1c3fbc	2026-01-24 19:19:06.033456	f	\N	\N	f	\N	bafkreigvui5cpdwmemjtdcuh5fezw2b2glbvyk4k65vhx52pmt4t2ifpke
a30ed4d5-a0c1-4b31-b4e5-b21b6834a8ac	6dd179cd-2f50-4833-82ed-003f34fa817d	owner_id	document-1769282345920-890960249.jpg	download (3).jpg	/app/backend/uploads/document-1769282345920-890960249.jpg	88117	image/jpeg	b7652be59de5f8c4b8f5dc121089641b92befdd46c23b33814972c1010f45cd4	1b76c49c-b8d7-4c10-84aa-6b2bfd1c3fbc	2026-01-24 19:19:06.10512	f	\N	\N	f	\N	bafkreifxmuv6lhpf7dclr5o4ciiisza3sk7p3vdmeoztqfexfqibb5c42q
74739c13-c803-465f-98ee-471e3b0db8e2	6dd179cd-2f50-4833-82ed-003f34fa817d	sales_invoice	document-1769282346062-731956710.pdf	Sales_Invoice_INV-20260124-Z6H3TS.pdf	/app/backend/uploads/document-1769282346062-731956710.pdf	104567	application/pdf	8961b1f0d187c2b28a8e58e62d43de6eecbf939af9c40a5222a49a27b6dffa0b	1b76c49c-b8d7-4c10-84aa-6b2bfd1c3fbc	2026-01-24 19:19:06.212755	f	\N	\N	f	\N	bafkreiejmgy7bumhykzivdsy4ywuhxto5s7zhgxzyqffeivetit3nx72bm
f68a8a3d-5cc9-4d19-9788-7dcbb56c1c7c	6dd179cd-2f50-4833-82ed-003f34fa817d	insurance_cert	document-1769282346028-43989520.pdf	Insurance_Certificate_CTPL-2026-JTMM87.pdf	/app/backend/uploads/document-1769282346028-43989520.pdf	68833	application/pdf	6346fc47b3c259dceb06e298687603e17ac21a7409d68a61ac428e94da91a85b	1b76c49c-b8d7-4c10-84aa-6b2bfd1c3fbc	2026-01-24 19:19:06.307045	f	\N	\N	f	\N	bafkreiddi36epm6clhoowbxctbuhma7bplbbu5aj22fgdlccr2knvenilm
dd2303d1-00ac-4ede-b45f-967ced96cc5a	e8949d82-01b3-49ef-af1a-9380edb2c3e4	hpg_clearance	document-1769310232193-604689196.pdf	HPG_Clearance_HPG-2026-D56E86.pdf	/app/backend/uploads/document-1769310232193-604689196.pdf	57205	application/pdf	a63f9eb4aa7e26241046618a41df02f615db148002d4ed19dbcc3ab8b14ed0b4	1b76c49c-b8d7-4c10-84aa-6b2bfd1c3fbc	2026-01-25 03:03:52.292441	f	\N	\N	f	\N	bafkreifgh6pljkt6eysbartbrja56axwcxnrjaac2twrtw6mhk4lctwqwq
210d729d-0637-47d3-82b7-083702c90851	e8949d82-01b3-49ef-af1a-9380edb2c3e4	sales_invoice	document-1769310232286-264384713.pdf	Sales_Invoice_INV-20260125-I56D4L.pdf	/app/backend/uploads/document-1769310232286-264384713.pdf	104639	application/pdf	1faa91a3ce6f229a3b4f3a191c8228484b40f72efa3b435ec18c668a30cec06b	1b76c49c-b8d7-4c10-84aa-6b2bfd1c3fbc	2026-01-25 03:03:52.378045	f	\N	\N	f	\N	bafkreia7vki2httpekndwtz2deoiekcijnapolx2hnbv5qmmm2fdbtwanm
e6a806b3-ee4b-4ddf-8f9c-d18a760129b2	e8949d82-01b3-49ef-af1a-9380edb2c3e4	csr	document-1769310232267-871680741.pdf	CSR_CSR-2026-2FPJAE.pdf	/app/backend/uploads/document-1769310232267-871680741.pdf	149149	application/pdf	db88abcc23d2a3c26f63365fe4acecdd0f859b789ce0969766f3e47611ff2073	1b76c49c-b8d7-4c10-84aa-6b2bfd1c3fbc	2026-01-25 03:03:52.446976	f	\N	\N	f	\N	bafkreig3rcv4yi6supbg6yzwl7skz3g5b6czw6e44cljozxt4r3bd7zaom
ff22de10-909f-40d6-9b63-01df57b68b0d	e8949d82-01b3-49ef-af1a-9380edb2c3e4	insurance_cert	document-1769310232364-59805865.pdf	Insurance_Certificate_CTPL-2026-54OZ2O.pdf	/app/backend/uploads/document-1769310232364-59805865.pdf	69058	application/pdf	00a2144344f27407b31f04585b64a2cde7fb741ddaa0cbae9e355366144c32b7	1b76c49c-b8d7-4c10-84aa-6b2bfd1c3fbc	2026-01-25 03:03:52.654126	f	\N	\N	f	\N	bafkreiaauikegrhsoqd3ghyelbnwjiwn475xiho2udf25hrvkntbitbsw4
a68ee8d1-d355-4118-b081-3dc897f59ade	e8949d82-01b3-49ef-af1a-9380edb2c3e4	owner_id	document-1769310232363-822146025.jpg	download (3).jpg	/app/backend/uploads/document-1769310232363-822146025.jpg	88117	image/jpeg	b7652be59de5f8c4b8f5dc121089641b92befdd46c23b33814972c1010f45cd4	1b76c49c-b8d7-4c10-84aa-6b2bfd1c3fbc	2026-01-25 03:03:52.693167	f	\N	\N	f	\N	bafkreifxmuv6lhpf7dclr5o4ciiisza3sk7p3vdmeoztqfexfqibb5c42q
c88f927f-dd27-4622-94dc-838831998548	8f16185b-84a1-4e4f-b3d0-b267326e02d4	hpg_clearance	document-1769311073244-669940607.pdf	HPG_Clearance_HPG-2026-NHL9GZ.pdf	/app/backend/uploads/document-1769311073244-669940607.pdf	56589	application/pdf	176b97db392893ae7496538b5fa2c35f38b3510ec9771cbcff12681a48dd598d	1b76c49c-b8d7-4c10-84aa-6b2bfd1c3fbc	2026-01-25 03:17:53.342682	f	\N	\N	f	\N	bafkreiaxnol5wojisoxhjfstrnp2fq27hczvcdwjo4olz7ysnanerxkzru
96f25522-f0b2-4021-93a6-9e829b44e68e	8f16185b-84a1-4e4f-b3d0-b267326e02d4	sales_invoice	document-1769311073335-817155089.pdf	Sales_Invoice_INV-20260125-OYV3KH.pdf	/app/backend/uploads/document-1769311073335-817155089.pdf	104886	application/pdf	4f074414adc6c16397c1799b8ffca2f4340d50da6e36b40583abbed30bbaf548	1b76c49c-b8d7-4c10-84aa-6b2bfd1c3fbc	2026-01-25 03:17:53.445524	f	\N	\N	f	\N	bafkreicpa5cbjlogyfrzpqlztoh7zixugqgvbwtog22ala5lx3jqxoxvja
2bb538b6-fed2-45b3-8397-b24be51880d0	8f16185b-84a1-4e4f-b3d0-b267326e02d4	csr	document-1769311073317-447052002.pdf	CSR_CSR-2026-A6WOI6.pdf	/app/backend/uploads/document-1769311073317-447052002.pdf	148076	application/pdf	cf4681103694c9f24abcd2bea1daaad332533cc8f1bbe948a8f95747d1352ac7	1b76c49c-b8d7-4c10-84aa-6b2bfd1c3fbc	2026-01-25 03:17:53.449777	f	\N	\N	f	\N	bafkreigpi2aranuuzhzevpgsx2q5vkwtgjjtzshrxpuurkhzk5d5cnjky4
3126ab5e-26cc-4dc3-bc9d-d4ae0c8d0f5e	8f16185b-84a1-4e4f-b3d0-b267326e02d4	owner_id	document-1769311073397-187084887.jpg	download (3).jpg	/app/backend/uploads/document-1769311073397-187084887.jpg	88117	image/jpeg	b7652be59de5f8c4b8f5dc121089641b92befdd46c23b33814972c1010f45cd4	1b76c49c-b8d7-4c10-84aa-6b2bfd1c3fbc	2026-01-25 03:17:53.536448	f	\N	\N	f	\N	bafkreifxmuv6lhpf7dclr5o4ciiisza3sk7p3vdmeoztqfexfqibb5c42q
fb9aaabe-cd7e-42d7-a71a-624b6a8b686d	8f16185b-84a1-4e4f-b3d0-b267326e02d4	insurance_cert	document-1769311073387-225285048.pdf	Insurance_Certificate_CTPL-2026-0EWVYC.pdf	/app/backend/uploads/document-1769311073387-225285048.pdf	69459	application/pdf	2aeeb87284a8e3306b1724bb6b3939f266e845329ea4d7672cb4ead3055cf616	1b76c49c-b8d7-4c10-84aa-6b2bfd1c3fbc	2026-01-25 03:17:53.605912	f	\N	\N	f	\N	bafkreibk524hfbfi4mygwfzexnvtsopsm3uekmu6utlwolfu5ljqkxhwcy
4713925e-7798-433e-a4b2-f0f74e15be25	c23351bd-e788-4dad-9fff-d7afb25adee9	hpg_clearance	document-1769312743546-376316449.pdf	HPG_Clearance_HPG-2026-8B3Q7M.pdf	/app/backend/uploads/document-1769312743546-376316449.pdf	57146	application/pdf	f18bfe44afb1008c78a3881be51fbb1c72cefe8e78e7c0dfedebd5eb21ca22b7	1b76c49c-b8d7-4c10-84aa-6b2bfd1c3fbc	2026-01-25 03:45:43.657973	f	\N	\N	f	\N	bafkreihrrp7ejl5racghri4idpsr7oy4olhp5dty47an73pl2xvsdsrcw4
8231b244-e603-4805-8638-596e0efe641f	c23351bd-e788-4dad-9fff-d7afb25adee9	csr	document-1769312743586-626026815.pdf	CSR_CSR-2026-Y98VMD.pdf	/app/backend/uploads/document-1769312743586-626026815.pdf	148682	application/pdf	f226186d1b299e9dd7e4d47b42d74b8eb3e8a4fa974dd8f2970ed7866e2704f1	1b76c49c-b8d7-4c10-84aa-6b2bfd1c3fbc	2026-01-25 03:45:43.741937	f	\N	\N	f	\N	bafkreihseymg2gzjt2o5pzgupnbnos4owpukj6uxjxmpffyo26dg4jye6e
66fbe8b5-edf2-478e-8cb1-4cf7e679b78c	c23351bd-e788-4dad-9fff-d7afb25adee9	sales_invoice	document-1769312743639-95115074.pdf	Sales_Invoice_INV-20260125-GWYS2X.pdf	/app/backend/uploads/document-1769312743639-95115074.pdf	104511	application/pdf	ce630e6eafed6c4b239870d6772fc1af80f7e8a35ba16b8bf784a3417045bc35	1b76c49c-b8d7-4c10-84aa-6b2bfd1c3fbc	2026-01-25 03:45:43.822107	f	\N	\N	f	\N	bafkreigommhg5l7nnrfshgdq2z3s7qnpqd36ri23ufvyx54eunaxarn4gu
7b4b78d4-c9d6-4687-bfeb-28be5c316f28	c23351bd-e788-4dad-9fff-d7afb25adee9	insurance_cert	document-1769312743718-275605198.pdf	Insurance_Certificate_CTPL-2026-17JGAL.pdf	/app/backend/uploads/document-1769312743718-275605198.pdf	69341	application/pdf	88e44b797c5b1f7343836e0e81f901510e6bf9d103edb724f886278edf9c9602	1b76c49c-b8d7-4c10-84aa-6b2bfd1c3fbc	2026-01-25 03:45:43.914067	f	\N	\N	f	\N	bafkreiei4rfxs7c3d5zuha3ob2a7sakrbzv7tuid5w3sj6ege6hn7hewai
4b239054-6bad-44f7-aa96-dfae74eeaed2	c23351bd-e788-4dad-9fff-d7afb25adee9	owner_id	document-1769312743749-731730055.jpg	download (3).jpg	/app/backend/uploads/document-1769312743749-731730055.jpg	88117	image/jpeg	b7652be59de5f8c4b8f5dc121089641b92befdd46c23b33814972c1010f45cd4	1b76c49c-b8d7-4c10-84aa-6b2bfd1c3fbc	2026-01-25 03:45:44.101491	f	\N	\N	f	\N	bafkreifxmuv6lhpf7dclr5o4ciiisza3sk7p3vdmeoztqfexfqibb5c42q
257001cc-1eb3-4311-8375-449e041d6aed	c23351bd-e788-4dad-9fff-d7afb25adee9	hpg_clearance	HPG_Clearance_c23351bd-e788-4dad-9fff-d7afb25adee9.pdf	HPG_Clearance_c23351bd-e788-4dad-9fff-d7afb25adee9.pdf	/app/uploads/temp/transfer-cert-1769313385238-qbq72.pdf	56325	application/pdf	25a725622285e007dba4349bba6a6b59848af2958670f1fed82cda9c9a1c365d	a57fd791-bef2-4881-baa9-bfbd1c8b799c	2026-01-25 03:56:25.309453	f	\N	\N	f	\N	bafkreibfu4sweiuf4ad5xjbuto5gu22zqsfpffmgody75wbm3kojuhbwlu
6a5949c0-d328-4c14-9ddb-e5e3bd424dc6	c23351bd-e788-4dad-9fff-d7afb25adee9	hpg_clearance	HPG_Clearance_c23351bd-e788-4dad-9fff-d7afb25adee9.pdf	HPG_Clearance_c23351bd-e788-4dad-9fff-d7afb25adee9.pdf	/app/uploads/temp/transfer-cert-1769314860499-k95u6f.pdf	56338	application/pdf	2337127e233e481f7b7cc3cee985ed6c6eb3c6d07c0f14cd0574a019529ef009	a57fd791-bef2-4881-baa9-bfbd1c8b799c	2026-01-25 04:21:00.568061	f	\N	\N	f	\N	bafkreibdg4jh4iz6japxw7gdz3uyl3lmn2z4nud4b4km2bluuamvfhxqbe
9d0eb9e9-9a54-441a-8342-cbfaf2031557	c23351bd-e788-4dad-9fff-d7afb25adee9	insurance_cert	CTPL_Insurance_c23351bd-e788-4dad-9fff-d7afb25adee9.pdf	CTPL_Insurance_c23351bd-e788-4dad-9fff-d7afb25adee9.pdf	/app/uploads/temp/transfer-cert-1769314865447-5pjm9.pdf	69349	application/pdf	78d054092dbd7e52ff32be7360df160966e91d1f5f57e760ad3a6e6cee4890f4	a57fd791-bef2-4881-baa9-bfbd1c8b799c	2026-01-25 04:21:05.527518	f	\N	\N	f	\N	bafkreidy2bkasln5pzjp6mv6onqn6fqjm3ur2h27k7twblj2nzwo4seq6q
01d7944d-f14c-44e8-97c2-2dbe6d8176bb	c23351bd-e788-4dad-9fff-d7afb25adee9	deed_of_sale	Deed_of_Sale_c23351bd-e788-4dad-9fff-d7afb25adee9.pdf	Deed_of_Sale_c23351bd-e788-4dad-9fff-d7afb25adee9.pdf	/app/uploads/temp/transfer-cert-1769319473457-np5t8.pdf	84481	application/pdf	eb90e2cae9c1c8dbadebc2247a475175cceaee9c8e7d4f65ade01f3240fff783	a57fd791-bef2-4881-baa9-bfbd1c8b799c	2026-01-25 05:37:53.524994	f	\N	\N	f	\N	bafkreihlsdrmv2obzdn2326cer5eoulvztvo5heopvhwllpad4zeb77xqm
9365f145-3713-493f-87c6-d3a673869962	c23351bd-e788-4dad-9fff-d7afb25adee9	hpg_clearance	HPG_Clearance_c23351bd-e788-4dad-9fff-d7afb25adee9.pdf	HPG_Clearance_c23351bd-e788-4dad-9fff-d7afb25adee9.pdf	/app/uploads/temp/transfer-cert-1769319477797-31s1d.pdf	56978	application/pdf	916906e5d58243f79dfca8b14e7bdbfb70d26c90ee7b6d06ad2f0424e3e0133d	a57fd791-bef2-4881-baa9-bfbd1c8b799c	2026-01-25 05:37:57.849856	f	\N	\N	f	\N	bafkreiernedolvmcip3z37fiwfhhxw73odjgzehopnwqnljpaqsohyathu
354ade2f-4b1c-400b-af8f-cbf8fa48abca	c23351bd-e788-4dad-9fff-d7afb25adee9	insurance_cert	CTPL_Insurance_c23351bd-e788-4dad-9fff-d7afb25adee9.pdf	CTPL_Insurance_c23351bd-e788-4dad-9fff-d7afb25adee9.pdf	/app/uploads/temp/transfer-cert-1769319482673-afl3uf.pdf	70034	application/pdf	60bb2d0254de9163d4e0c642aabb67a01a57bc889af96c917efdce87bec63ee2	a57fd791-bef2-4881-baa9-bfbd1c8b799c	2026-01-25 05:38:02.723158	f	\N	\N	f	\N	bafkreidaxmwqevg6sfr5jyggikvlwz5adjl3zce27fwjc7x5z2d35rr64i
1f2c68bd-8a06-4214-a142-0a127b65c991	c23351bd-e788-4dad-9fff-d7afb25adee9	deed_of_sale	document-1769319597813-791931903.pdf	Deed_of_Sale_c23351bd-e788-4dad-9fff-d7afb25adee9.pdf	/app/backend/uploads/document-1769319597813-791931903.pdf	84481	application/pdf	eb90e2cae9c1c8dbadebc2247a475175cceaee9c8e7d4f65ade01f3240fff783	\N	2026-01-25 05:39:57.867351	f	\N	\N	f	\N	bafkreihlsdrmv2obzdn2326cer5eoulvztvo5heopvhwllpad4zeb77xqm
6ff15d0c-ff11-42f2-8158-15eb09e4eff7	c23351bd-e788-4dad-9fff-d7afb25adee9	seller_id	document-1769319603001-538830323.jpg	download (3).jpg	/app/backend/uploads/document-1769319603001-538830323.jpg	88117	image/jpeg	b7652be59de5f8c4b8f5dc121089641b92befdd46c23b33814972c1010f45cd4	\N	2026-01-25 05:40:03.047976	f	\N	\N	f	\N	bafkreifxmuv6lhpf7dclr5o4ciiisza3sk7p3vdmeoztqfexfqibb5c42q
615efd95-f0f6-4238-a993-fa02bbce491a	c23351bd-e788-4dad-9fff-d7afb25adee9	hpg_clearance	document-1769319717116-884509717.pdf	HPG_Clearance_c23351bd-e788-4dad-9fff-d7afb25adee9.pdf	/app/backend/uploads/document-1769319717116-884509717.pdf	56978	application/pdf	916906e5d58243f79dfca8b14e7bdbfb70d26c90ee7b6d06ad2f0424e3e0133d	\N	2026-01-25 05:41:57.142474	f	\N	\N	f	\N	bafkreiernedolvmcip3z37fiwfhhxw73odjgzehopnwqnljpaqsohyathu
69bc7f91-1723-4f47-9393-050a000cce84	c23351bd-e788-4dad-9fff-d7afb25adee9	insurance_cert	document-1769319721178-458998772.pdf	CTPL_Insurance_c23351bd-e788-4dad-9fff-d7afb25adee9.pdf	/app/backend/uploads/document-1769319721178-458998772.pdf	70034	application/pdf	60bb2d0254de9163d4e0c642aabb67a01a57bc889af96c917efdce87bec63ee2	\N	2026-01-25 05:42:01.218007	f	\N	\N	f	\N	bafkreidaxmwqevg6sfr5jyggikvlwz5adjl3zce27fwjc7x5z2d35rr64i
982d6600-115e-46b4-ac76-0838f1a2fc07	c23351bd-e788-4dad-9fff-d7afb25adee9	buyer_id	document-1769319710349-444339915.jpg	driver.jpg	/app/backend/uploads/document-1769319710349-444339915.jpg	204486	image/jpeg	7533ea1855116289c7c0e60f81de32b055a809c531db7efab0ccfe993ec2eb8b	\N	2026-01-25 05:41:50.39556	t	2026-01-25 07:32:24.482266	a57fd791-bef2-4881-baa9-bfbd1c8b799c	f	\N	bafkreidvgpvbqvirmke4pqhgb6a54mvqkwuatrjr3n7pvmgm72mt5qxlrm
0f276036-2c5b-45aa-9549-0282ecb4d753	98306c80-511b-4126-a27f-85cad274594a	insurance_cert	document-1769330357866-773517161.pdf	Insurance_Certificate_CTPL-2026-C9EAZQ.pdf	/app/backend/uploads/document-1769330357866-773517161.pdf	69665	application/pdf	f2c3d6481d0fdd1932e2bea7a536874997675e8fe2c776bd1f6c987cc2b1f85b	36b86e7e-7668-49dc-8dd6-6610ce092a73	2026-01-25 08:39:17.979659	f	\N	\N	f	\N	bafkreihsypleqhip3umtfyv6u6stnb2js5tv5d7cy53l2h3mtb6mfmpylm
d6322f28-d151-4c86-908a-ab06d9f48c37	98306c80-511b-4126-a27f-85cad274594a	csr	document-1769330357962-494243672.pdf	CSR_CSR-2026-3HPL3J.pdf	/app/backend/uploads/document-1769330357962-494243672.pdf	148696	application/pdf	3ad1fdc12b017c2a7361db225831514188f6b40ffc882fc39d3a10641080dcef	36b86e7e-7668-49dc-8dd6-6610ce092a73	2026-01-25 08:39:18.058789	f	\N	\N	f	\N	bafkreib22h64ckybpqvhgyo3ejmdcukbrd3lid74rax4hhj2cbsbbag454
4ebc4541-c9d0-45c1-b9ed-163ddf881af9	98306c80-511b-4126-a27f-85cad274594a	hpg_clearance	document-1769330358004-694387211.pdf	HPG_Clearance_HPG-2026-YW6JP4.pdf	/app/backend/uploads/document-1769330358004-694387211.pdf	57633	application/pdf	0caff3617bac7bfdb18496aeee479501908265683fa436b83338a2a76186832f	36b86e7e-7668-49dc-8dd6-6610ce092a73	2026-01-25 08:39:18.128499	f	\N	\N	f	\N	bafkreiamv7zwc65mpp63dbewv3xepfibscbgk2b7uq3lqmzyuktwdbudf4
d4f043c2-d466-4656-8d75-31f64328bd09	98306c80-511b-4126-a27f-85cad274594a	sales_invoice	document-1769330358032-539801630.pdf	Sales_Invoice_INV-20260125-6GZ7WU.pdf	/app/backend/uploads/document-1769330358032-539801630.pdf	104236	application/pdf	c018daa9d11e1f24b862b2cb8399816bed90d34b18ad5125a54f7baa62c29164	36b86e7e-7668-49dc-8dd6-6610ce092a73	2026-01-25 08:39:18.206028	f	\N	\N	f	\N	bafkreigaddnktui6d4slqyvszobztall5wingsyyvvisljkppovgfqurmq
85c8feea-5f0c-4ae7-a1c6-03de415fbe69	98306c80-511b-4126-a27f-85cad274594a	owner_id	document-1769330358049-491213574.jpg	driver.jpg	/app/backend/uploads/document-1769330358049-491213574.jpg	204486	image/jpeg	7533ea1855116289c7c0e60f81de32b055a809c531db7efab0ccfe993ec2eb8b	36b86e7e-7668-49dc-8dd6-6610ce092a73	2026-01-25 08:39:18.304896	f	\N	\N	f	\N	bafkreidvgpvbqvirmke4pqhgb6a54mvqkwuatrjr3n7pvmgm72mt5qxlrm
10a82e1b-3b54-4eca-8974-aebcd16b0fcc	6c141f8b-ca45-479a-8fb2-5e92ef6e8ed3	insurance_cert	document-1769330517664-497672307.pdf	Insurance_Certificate_CTPL-2026-QPN0R0.pdf	/app/backend/uploads/document-1769330517664-497672307.pdf	69027	application/pdf	b84b40c974d97eaa3fc4b66667ad44f6673b25d890a315f04f6399e1cf89496a	5a672d9b-dabc-4778-b380-7587dadab040	2026-01-25 08:41:57.898838	f	\N	\N	f	\N	bafkreifyjnams5gzp2vd7rfwmzt22rhwm45slwequmk7at3dthq47ckjni
ae6fcfc6-f83e-4602-86d2-5591d06687d5	6c141f8b-ca45-479a-8fb2-5e92ef6e8ed3	hpg_clearance	document-1769330517911-439145240.pdf	HPG_Clearance_HPG-2026-6L3NE4.pdf	/app/backend/uploads/document-1769330517911-439145240.pdf	57194	application/pdf	0f9849cf70f3003f32af2dec852aacca2735fb8901cf4250a6550016beaa8fd1	5a672d9b-dabc-4778-b380-7587dadab040	2026-01-25 08:41:58.0132	f	\N	\N	f	\N	bafkreiaptbe464htaa7tflzn5scsvlgke427xcibz5bfbjsvaall5kup2e
8f3a18e4-188a-4516-86b0-e3817a34419b	6c141f8b-ca45-479a-8fb2-5e92ef6e8ed3	sales_invoice	document-1769330518206-449805161.pdf	Sales_Invoice_INV-20260125-E4O7AZ.pdf	/app/backend/uploads/document-1769330518206-449805161.pdf	104323	application/pdf	2e29fffcc517ca5c1e61a423ef65a366d596776bf597211c6f865eb5a69afab8	5a672d9b-dabc-4778-b380-7587dadab040	2026-01-25 08:41:58.913326	f	\N	\N	f	\N	bafkreibofh77zrixzjob4yneepxwli3g2wlho27vs4qry34gl222ngx2xa
d298ec61-18ce-4ccb-90ab-6b42f1ca33cd	6c141f8b-ca45-479a-8fb2-5e92ef6e8ed3	csr	document-1769330518099-946943540.pdf	CSR_CSR-2026-LFR7B0.pdf	/app/backend/uploads/document-1769330518099-946943540.pdf	148950	application/pdf	c15dc0071394f57be46ba688a644bad6408fcec46aaf2d0128e94e862a2e0d06	5a672d9b-dabc-4778-b380-7587dadab040	2026-01-25 08:41:59.111541	f	\N	\N	f	\N	bafkreigblxaaoe4u6v56i25grctejowwich45rdkv4wqckhjj2dculqnay
fc295c09-feef-4209-9a7f-d0c5d8103b69	6c141f8b-ca45-479a-8fb2-5e92ef6e8ed3	owner_id	document-1769330518293-349271160.jpg	e8eda5ed-8394-4083-81b0-3b570f3a9561.jpg	/app/backend/uploads/document-1769330518293-349271160.jpg	141782	image/jpeg	e8fac33ed5e69b4adc23dbd510dcd62ffa64685ff0aeb240a2d0ff9fb1424746	5a672d9b-dabc-4778-b380-7587dadab040	2026-01-25 08:41:59.124637	f	\N	\N	f	\N	bafkreihi7lbt5vpgtnfnyi632uinzvrp7jsgqx7qv2zebiwq76p3cqshiy
f67e1d02-10fe-4add-ae24-f41c330586b2	98306c80-511b-4126-a27f-85cad274594a	deed_of_sale	Deed_of_Sale_98306c80-511b-4126-a27f-85cad274594a.pdf	Deed_of_Sale_98306c80-511b-4126-a27f-85cad274594a.pdf	/app/uploads/temp/transfer-cert-1769330692400-1ki6ev.pdf	84397	application/pdf	81ad3a92e16d4465bf206aa8d9fc6e9e0e3d054e29d0e0d4839ae46103e70e88	a57fd791-bef2-4881-baa9-bfbd1c8b799c	2026-01-25 08:44:52.436047	f	\N	\N	f	\N	bafkreiebvu5jfylnirs36idkvdm7y3u6by6qktrj2dqnja424rqqhzyora
a6a344f5-3189-4c37-b9c2-e40e11a13a7d	98306c80-511b-4126-a27f-85cad274594a	hpg_clearance	HPG_Clearance_98306c80-511b-4126-a27f-85cad274594a.pdf	HPG_Clearance_98306c80-511b-4126-a27f-85cad274594a.pdf	/app/uploads/temp/transfer-cert-1769330696403-1exnwc.pdf	56605	application/pdf	75e22dd8533cdc729bb582944d356df1b494b63d0e3698e10fed7d6bd15af335	a57fd791-bef2-4881-baa9-bfbd1c8b799c	2026-01-25 08:44:56.450755	f	\N	\N	f	\N	bafkreidv4iw5quz43rzjxnmcsrgtk3prwsklmpiog2mocd7npvv5cwxtgu
060ecc08-dba1-4727-93ba-19590deed495	98306c80-511b-4126-a27f-85cad274594a	insurance_cert	CTPL_Insurance_98306c80-511b-4126-a27f-85cad274594a.pdf	CTPL_Insurance_98306c80-511b-4126-a27f-85cad274594a.pdf	/app/uploads/temp/transfer-cert-1769330701102-qrgcpp.pdf	69287	application/pdf	a453c398b694c98a10c7e4e1e93b54915cd095a4cb670e82e8664d57b45191dd	a57fd791-bef2-4881-baa9-bfbd1c8b799c	2026-01-25 08:45:01.143284	f	\N	\N	f	\N	bafkreifekpbzrnuuzgfbbr7e4hutwverltijljglm4hif2dgjvl3iumr3u
7a24f54a-9c8b-4aa5-98d9-3053390da913	98306c80-511b-4126-a27f-85cad274594a	deed_of_sale	document-1769330751481-625347687.pdf	Deed_of_Sale_98306c80-511b-4126-a27f-85cad274594a.pdf	/app/backend/uploads/document-1769330751481-625347687.pdf	84397	application/pdf	81ad3a92e16d4465bf206aa8d9fc6e9e0e3d054e29d0e0d4839ae46103e70e88	\N	2026-01-25 08:45:51.517773	f	\N	\N	f	\N	bafkreiebvu5jfylnirs36idkvdm7y3u6by6qktrj2dqnja424rqqhzyora
410f0b0c-f15b-43f4-a99a-238cecc87dcf	98306c80-511b-4126-a27f-85cad274594a	seller_id	document-1769330757462-371946430.jpg	driver.jpg	/app/backend/uploads/document-1769330757462-371946430.jpg	204486	image/jpeg	7533ea1855116289c7c0e60f81de32b055a809c531db7efab0ccfe993ec2eb8b	\N	2026-01-25 08:45:57.511233	f	\N	\N	f	\N	bafkreidvgpvbqvirmke4pqhgb6a54mvqkwuatrjr3n7pvmgm72mt5qxlrm
f9aa5fa8-e62c-4cd4-938b-36a8f641131b	\N	buyer_id	document-1769330834851-25824584.jpg	download (3).jpg	/app/backend/uploads/document-1769330834851-25824584.jpg	88117	image/jpeg	b7652be59de5f8c4b8f5dc121089641b92befdd46c23b33814972c1010f45cd4	\N	2026-01-25 08:47:14.881304	f	\N	\N	f	\N	bafkreifxmuv6lhpf7dclr5o4ciiisza3sk7p3vdmeoztqfexfqibb5c42q
6c4c28a3-44dd-4904-ab75-99e6ae95f7ac	\N	insurance_cert	document-1769330875338-1858308.pdf	CTPL_Insurance_98306c80-511b-4126-a27f-85cad274594a.pdf	/app/backend/uploads/document-1769330875338-1858308.pdf	69287	application/pdf	a453c398b694c98a10c7e4e1e93b54915cd095a4cb670e82e8664d57b45191dd	\N	2026-01-25 08:47:55.367904	f	\N	\N	f	\N	bafkreifekpbzrnuuzgfbbr7e4hutwverltijljglm4hif2dgjvl3iumr3u
50b11330-aa58-4628-b08d-441f48a760be	\N	hpg_clearance	document-1769330879717-574255750.pdf	HPG_Clearance_98306c80-511b-4126-a27f-85cad274594a.pdf	/app/backend/uploads/document-1769330879717-574255750.pdf	56605	application/pdf	75e22dd8533cdc729bb582944d356df1b494b63d0e3698e10fed7d6bd15af335	\N	2026-01-25 08:47:59.756952	f	\N	\N	f	\N	bafkreidv4iw5quz43rzjxnmcsrgtk3prwsklmpiog2mocd7npvv5cwxtgu
e80c109f-261f-46af-b710-7553038e5650	\N	insurance_cert	document-1769331673733-179017625.pdf	CTPL_Insurance_98306c80-511b-4126-a27f-85cad274594a.pdf	/app/backend/uploads/document-1769331673733-179017625.pdf	69287	application/pdf	a453c398b694c98a10c7e4e1e93b54915cd095a4cb670e82e8664d57b45191dd	\N	2026-01-25 09:01:13.777984	f	\N	\N	f	\N	bafkreifekpbzrnuuzgfbbr7e4hutwverltijljglm4hif2dgjvl3iumr3u
b651b41c-57b9-4fa2-b91b-dd334a0efa92	\N	hpg_clearance	document-1769331676120-285502699.pdf	HPG_Clearance_98306c80-511b-4126-a27f-85cad274594a.pdf	/app/backend/uploads/document-1769331676120-285502699.pdf	56605	application/pdf	75e22dd8533cdc729bb582944d356df1b494b63d0e3698e10fed7d6bd15af335	\N	2026-01-25 09:01:16.175188	f	\N	\N	f	\N	bafkreidv4iw5quz43rzjxnmcsrgtk3prwsklmpiog2mocd7npvv5cwxtgu
381aed97-84df-4c4b-9859-db0ede02e6d2	8f16185b-84a1-4e4f-b3d0-b267326e02d4	deed_of_sale	Deed_of_Sale_8f16185b-84a1-4e4f-b3d0-b267326e02d4.pdf	Deed_of_Sale_8f16185b-84a1-4e4f-b3d0-b267326e02d4.pdf	/app/uploads/temp/transfer-cert-1769331844790-1kgkw.pdf	84891	application/pdf	60b9775cca77e0e29616dda81cf82e3b5baa20594f0dbafd9e2a5cc58b338192	a57fd791-bef2-4881-baa9-bfbd1c8b799c	2026-01-25 09:04:04.825876	f	\N	\N	f	\N	bafkreidaxf3vzstx4drjmfw5vaopqlr3lovcawkpbw5p3hrkltcywm4bsi
c1fc9c4e-d888-4738-9868-1e676b447b94	8f16185b-84a1-4e4f-b3d0-b267326e02d4	hpg_clearance	HPG_Clearance_8f16185b-84a1-4e4f-b3d0-b267326e02d4.pdf	HPG_Clearance_8f16185b-84a1-4e4f-b3d0-b267326e02d4.pdf	/app/uploads/temp/transfer-cert-1769331848793-bnoudc.pdf	56277	application/pdf	c8b9d735d2559bd44b849e836d47049b45d0630a6e4cd3016f3f56c55e5b2716	a57fd791-bef2-4881-baa9-bfbd1c8b799c	2026-01-25 09:04:08.827997	f	\N	\N	f	\N	bafkreigixhltlusvtpkexbe6qnwuobe3ixiggctojtjqc3z7k3cv4wzhcy
40e4e151-af38-4852-837a-168da521b303	8f16185b-84a1-4e4f-b3d0-b267326e02d4	insurance_cert	CTPL_Insurance_8f16185b-84a1-4e4f-b3d0-b267326e02d4.pdf	CTPL_Insurance_8f16185b-84a1-4e4f-b3d0-b267326e02d4.pdf	/app/uploads/temp/transfer-cert-1769331853406-u8ay5q.pdf	69144	application/pdf	f8fad97030ca2da9f3c87d7e3954b834461d1c2f7fe97cebe6404fc238d62104	a57fd791-bef2-4881-baa9-bfbd1c8b799c	2026-01-25 09:04:13.432916	f	\N	\N	f	\N	bafkreihy7lmxamgkfwu7hsd5py4vjobuiyoryl375f6oxzsaj7bdrvrbaq
fa061d13-9c47-43fb-b111-f963eb683156	8f16185b-84a1-4e4f-b3d0-b267326e02d4	seller_id	document-1769332015728-409221916.jpg	613253293_2980849395439926_964994104790488228_n.jpg	/app/backend/uploads/document-1769332015728-409221916.jpg	204486	image/jpeg	7533ea1855116289c7c0e60f81de32b055a809c531db7efab0ccfe993ec2eb8b	\N	2026-01-25 09:06:55.770643	f	\N	\N	f	\N	bafkreidvgpvbqvirmke4pqhgb6a54mvqkwuatrjr3n7pvmgm72mt5qxlrm
d4082f21-3e31-46d3-94d0-50cbbab9dc13	\N	buyer_id	document-1769332245757-153804412.jpg	613253293_2980849395439926_964994104790488228_n.jpg	/app/backend/uploads/document-1769332245757-153804412.jpg	204486	image/jpeg	7533ea1855116289c7c0e60f81de32b055a809c531db7efab0ccfe993ec2eb8b	\N	2026-01-25 09:10:45.808239	f	\N	\N	f	\N	bafkreidvgpvbqvirmke4pqhgb6a54mvqkwuatrjr3n7pvmgm72mt5qxlrm
56230211-2bfa-4e1d-bc96-410c40dc2e25	8f16185b-84a1-4e4f-b3d0-b267326e02d4	deed_of_sale	document-1769332553578-962417194.pdf	Deed_of_Sale_8f16185b-84a1-4e4f-b3d0-b267326e02d4.pdf	/app/backend/uploads/document-1769332553578-962417194.pdf	84891	application/pdf	60b9775cca77e0e29616dda81cf82e3b5baa20594f0dbafd9e2a5cc58b338192	\N	2026-01-25 09:15:53.671009	f	\N	\N	f	\N	bafkreidaxf3vzstx4drjmfw5vaopqlr3lovcawkpbw5p3hrkltcywm4bsi
fcc39d6b-faf9-4dba-9bba-ae7bd2c9ca52	8f16185b-84a1-4e4f-b3d0-b267326e02d4	seller_id	document-1769332557798-833198962.jpg	download (3).jpg	/app/backend/uploads/document-1769332557798-833198962.jpg	88117	image/jpeg	b7652be59de5f8c4b8f5dc121089641b92befdd46c23b33814972c1010f45cd4	\N	2026-01-25 09:15:57.839077	f	\N	\N	f	\N	bafkreifxmuv6lhpf7dclr5o4ciiisza3sk7p3vdmeoztqfexfqibb5c42q
59d4157c-caad-411c-b8d8-75bac5fb9662	\N	buyer_id	document-1769332785165-666978061.jpg	e8eda5ed-8394-4083-81b0-3b570f3a9561.jpg	/app/backend/uploads/document-1769332785165-666978061.jpg	141782	image/jpeg	e8fac33ed5e69b4adc23dbd510dcd62ffa64685ff0aeb240a2d0ff9fb1424746	\N	2026-01-25 09:19:45.232785	f	\N	\N	f	\N	bafkreihi7lbt5vpgtnfnyi632uinzvrp7jsgqx7qv2zebiwq76p3cqshiy
50859669-c902-4f92-a60d-e4a563c188d8	\N	tin_id	document-1769332790186-566955945.jpg	f4ea392e-4bfa-4c45-bc20-556e27f87449.jpg	/app/backend/uploads/document-1769332790186-566955945.jpg	103743	image/jpeg	21d67f39668f92421288bd994a5a7f0675a63957081b13b8c8483ab672781f71	\N	2026-01-25 09:19:50.221327	f	\N	\N	f	\N	bafkreibb2z7tszupsjbbfcf5tfffu7ygowtdsvyidmj3rscihk3he6a7oe
09cb8c49-41d7-4c76-8141-3769b5b6f817	\N	buyer_id	document-1769333432376-598913577.jpg	e8eda5ed-8394-4083-81b0-3b570f3a9561.jpg	/app/backend/uploads/document-1769333432376-598913577.jpg	141782	image/jpeg	e8fac33ed5e69b4adc23dbd510dcd62ffa64685ff0aeb240a2d0ff9fb1424746	\N	2026-01-25 09:30:32.429637	f	\N	\N	f	\N	bafkreihi7lbt5vpgtnfnyi632uinzvrp7jsgqx7qv2zebiwq76p3cqshiy
067e4948-9a98-499f-bcee-417c420c01bc	\N	tin_id	document-1769333435307-519231126.jpg	f4ea392e-4bfa-4c45-bc20-556e27f87449.jpg	/app/backend/uploads/document-1769333435307-519231126.jpg	103743	image/jpeg	21d67f39668f92421288bd994a5a7f0675a63957081b13b8c8483ab672781f71	\N	2026-01-25 09:30:35.333172	f	\N	\N	f	\N	bafkreibb2z7tszupsjbbfcf5tfffu7ygowtdsvyidmj3rscihk3he6a7oe
84ea1ab9-dd95-4868-9611-8c99cff5a774	\N	insurance_cert	document-1769333446459-31585066.pdf	CTPL_Insurance_8f16185b-84a1-4e4f-b3d0-b267326e02d4.pdf	/app/backend/uploads/document-1769333446459-31585066.pdf	69144	application/pdf	f8fad97030ca2da9f3c87d7e3954b834461d1c2f7fe97cebe6404fc238d62104	\N	2026-01-25 09:30:46.509816	f	\N	\N	f	\N	bafkreihy7lmxamgkfwu7hsd5py4vjobuiyoryl375f6oxzsaj7bdrvrbaq
73c3748d-ec07-444e-b440-cda238f67140	\N	hpg_clearance	document-1769333449488-426715089.pdf	HPG_Clearance_8f16185b-84a1-4e4f-b3d0-b267326e02d4.pdf	/app/backend/uploads/document-1769333449488-426715089.pdf	56277	application/pdf	c8b9d735d2559bd44b849e836d47049b45d0630a6e4cd3016f3f56c55e5b2716	\N	2026-01-25 09:30:49.520975	f	\N	\N	f	\N	bafkreigixhltlusvtpkexbe6qnwuobe3ixiggctojtjqc3z7k3cv4wzhcy
2e5f9b1e-0010-497a-98cb-354b831ec022	8f16185b-84a1-4e4f-b3d0-b267326e02d4	deed_of_sale	document-1769333997422-479363948.pdf	Deed_of_Sale_8f16185b-84a1-4e4f-b3d0-b267326e02d4.pdf	/app/backend/uploads/document-1769333997422-479363948.pdf	84891	application/pdf	60b9775cca77e0e29616dda81cf82e3b5baa20594f0dbafd9e2a5cc58b338192	\N	2026-01-25 09:39:57.672737	f	\N	\N	f	\N	bafkreidaxf3vzstx4drjmfw5vaopqlr3lovcawkpbw5p3hrkltcywm4bsi
edddd43f-fa88-4ad9-848b-443de52be720	8f16185b-84a1-4e4f-b3d0-b267326e02d4	seller_id	document-1769334003353-405541273.jpg	download (3).jpg	/app/backend/uploads/document-1769334003353-405541273.jpg	88117	image/jpeg	b7652be59de5f8c4b8f5dc121089641b92befdd46c23b33814972c1010f45cd4	\N	2026-01-25 09:40:03.561246	f	\N	\N	f	\N	bafkreifxmuv6lhpf7dclr5o4ciiisza3sk7p3vdmeoztqfexfqibb5c42q
2b818efb-08c1-4b22-980e-b29170bdec29	\N	buyer_id	document-1769334315113-704832335.jpg	e8eda5ed-8394-4083-81b0-3b570f3a9561.jpg	/app/backend/uploads/document-1769334315113-704832335.jpg	141782	image/jpeg	e8fac33ed5e69b4adc23dbd510dcd62ffa64685ff0aeb240a2d0ff9fb1424746	\N	2026-01-25 09:45:15.144022	f	\N	\N	f	\N	bafkreihi7lbt5vpgtnfnyi632uinzvrp7jsgqx7qv2zebiwq76p3cqshiy
94498564-827a-4ae3-b1a6-2677c890e0e4	\N	tin_id	document-1769334318290-818076591.jpg	f4ea392e-4bfa-4c45-bc20-556e27f87449.jpg	/app/backend/uploads/document-1769334318290-818076591.jpg	103743	image/jpeg	21d67f39668f92421288bd994a5a7f0675a63957081b13b8c8483ab672781f71	\N	2026-01-25 09:45:18.329133	f	\N	\N	f	\N	bafkreibb2z7tszupsjbbfcf5tfffu7ygowtdsvyidmj3rscihk3he6a7oe
d75677d7-ce26-4684-8a22-7fff06ab9448	\N	insurance_cert	document-1769334321666-310548802.pdf	CTPL_Insurance_8f16185b-84a1-4e4f-b3d0-b267326e02d4.pdf	/app/backend/uploads/document-1769334321666-310548802.pdf	69144	application/pdf	f8fad97030ca2da9f3c87d7e3954b834461d1c2f7fe97cebe6404fc238d62104	\N	2026-01-25 09:45:21.770628	f	\N	\N	f	\N	bafkreihy7lmxamgkfwu7hsd5py4vjobuiyoryl375f6oxzsaj7bdrvrbaq
48c154b7-9c5c-4237-a76f-6c73e6eaf29a	\N	hpg_clearance	document-1769334324471-61330267.pdf	HPG_Clearance_8f16185b-84a1-4e4f-b3d0-b267326e02d4.pdf	/app/backend/uploads/document-1769334324471-61330267.pdf	56277	application/pdf	c8b9d735d2559bd44b849e836d47049b45d0630a6e4cd3016f3f56c55e5b2716	\N	2026-01-25 09:45:24.494861	f	\N	\N	f	\N	bafkreigixhltlusvtpkexbe6qnwuobe3ixiggctojtjqc3z7k3cv4wzhcy
358e606d-290c-4717-b7b1-a1b066a629c7	98306c80-511b-4126-a27f-85cad274594a	buyer_id	document-1769331670292-264603168.jpg	download (3).jpg	/app/backend/uploads/document-1769331670292-264603168.jpg	88117	image/jpeg	b7652be59de5f8c4b8f5dc121089641b92befdd46c23b33814972c1010f45cd4	\N	2026-01-25 09:01:10.350486	f	\N	\N	f	\N	bafkreifxmuv6lhpf7dclr5o4ciiisza3sk7p3vdmeoztqfexfqibb5c42q
73f0b6ad-069d-4726-9203-a7a2e0f134cc	98306c80-511b-4126-a27f-85cad274594a	buyer_id	document-1769332483707-249308750.jpg	download (3).jpg	/app/backend/uploads/document-1769332483707-249308750.jpg	88117	image/jpeg	b7652be59de5f8c4b8f5dc121089641b92befdd46c23b33814972c1010f45cd4	\N	2026-01-25 09:14:43.759372	f	\N	\N	f	\N	bafkreifxmuv6lhpf7dclr5o4ciiisza3sk7p3vdmeoztqfexfqibb5c42q
1a67ac75-c4e7-44af-ab47-c4904df15a5e	98306c80-511b-4126-a27f-85cad274594a	tin_id	document-1769332488611-209670726.jpg	download (3).jpg	/app/backend/uploads/document-1769332488611-209670726.jpg	88117	image/jpeg	b7652be59de5f8c4b8f5dc121089641b92befdd46c23b33814972c1010f45cd4	\N	2026-01-25 09:14:48.650211	f	\N	\N	f	\N	bafkreifxmuv6lhpf7dclr5o4ciiisza3sk7p3vdmeoztqfexfqibb5c42q
956a0885-2ac7-42f6-a918-12743924e2d3	98306c80-511b-4126-a27f-85cad274594a	insurance_cert	document-1769332490716-748914087.pdf	CTPL_Insurance_98306c80-511b-4126-a27f-85cad274594a.pdf	/app/backend/uploads/document-1769332490716-748914087.pdf	69287	application/pdf	a453c398b694c98a10c7e4e1e93b54915cd095a4cb670e82e8664d57b45191dd	\N	2026-01-25 09:14:50.745256	f	\N	\N	f	\N	bafkreifekpbzrnuuzgfbbr7e4hutwverltijljglm4hif2dgjvl3iumr3u
e77008a9-95d4-4955-958c-a6ccab187d96	98306c80-511b-4126-a27f-85cad274594a	hpg_clearance	document-1769332492487-971061991.pdf	HPG_Clearance_98306c80-511b-4126-a27f-85cad274594a.pdf	/app/backend/uploads/document-1769332492487-971061991.pdf	56605	application/pdf	75e22dd8533cdc729bb582944d356df1b494b63d0e3698e10fed7d6bd15af335	\N	2026-01-25 09:14:52.513039	f	\N	\N	f	\N	bafkreidv4iw5quz43rzjxnmcsrgtk3prwsklmpiog2mocd7npvv5cwxtgu
cdfffe38-ec59-4951-8b53-fe4fa131c312	98306c80-511b-4126-a27f-85cad274594a	buyer_id	document-1769334051718-125733150.jpg	download (3).jpg	/app/backend/uploads/document-1769334051718-125733150.jpg	88117	image/jpeg	b7652be59de5f8c4b8f5dc121089641b92befdd46c23b33814972c1010f45cd4	\N	2026-01-25 09:40:51.855621	f	\N	\N	f	\N	bafkreifxmuv6lhpf7dclr5o4ciiisza3sk7p3vdmeoztqfexfqibb5c42q
d388d30d-a868-4b05-9dce-f30b88d57ba5	98306c80-511b-4126-a27f-85cad274594a	tin_id	document-1769334054590-437435336.jpg	download (3).jpg	/app/backend/uploads/document-1769334054590-437435336.jpg	88117	image/jpeg	b7652be59de5f8c4b8f5dc121089641b92befdd46c23b33814972c1010f45cd4	\N	2026-01-25 09:40:54.859726	f	\N	\N	f	\N	bafkreifxmuv6lhpf7dclr5o4ciiisza3sk7p3vdmeoztqfexfqibb5c42q
6edbd2e3-87e4-488b-8a68-c7c8e2bcca8e	98306c80-511b-4126-a27f-85cad274594a	insurance_cert	document-1769334058886-669316991.pdf	CTPL_Insurance_98306c80-511b-4126-a27f-85cad274594a.pdf	/app/backend/uploads/document-1769334058886-669316991.pdf	69287	application/pdf	a453c398b694c98a10c7e4e1e93b54915cd095a4cb670e82e8664d57b45191dd	\N	2026-01-25 09:40:58.974663	f	\N	\N	f	\N	bafkreifekpbzrnuuzgfbbr7e4hutwverltijljglm4hif2dgjvl3iumr3u
ad0dadfd-8550-4aed-9207-501dffdb4be8	98306c80-511b-4126-a27f-85cad274594a	hpg_clearance	document-1769334061568-595334951.pdf	HPG_Clearance_98306c80-511b-4126-a27f-85cad274594a.pdf	/app/backend/uploads/document-1769334061568-595334951.pdf	56605	application/pdf	75e22dd8533cdc729bb582944d356df1b494b63d0e3698e10fed7d6bd15af335	\N	2026-01-25 09:41:01.610423	f	\N	\N	f	\N	bafkreidv4iw5quz43rzjxnmcsrgtk3prwsklmpiog2mocd7npvv5cwxtgu
152b7c4d-f08c-410b-b2b8-0c340a344614	98306c80-511b-4126-a27f-85cad274594a	buyer_id	document-1769334827868-319306759.jpg	download (3).jpg	/app/backend/uploads/document-1769334827868-319306759.jpg	88117	image/jpeg	b7652be59de5f8c4b8f5dc121089641b92befdd46c23b33814972c1010f45cd4	\N	2026-01-25 09:53:47.919264	f	\N	\N	f	\N	bafkreifxmuv6lhpf7dclr5o4ciiisza3sk7p3vdmeoztqfexfqibb5c42q
7e5399db-0dda-43a6-9433-be7ce3534602	98306c80-511b-4126-a27f-85cad274594a	tin_id	document-1769334830476-934157397.jpg	download (3).jpg	/app/backend/uploads/document-1769334830476-934157397.jpg	88117	image/jpeg	b7652be59de5f8c4b8f5dc121089641b92befdd46c23b33814972c1010f45cd4	\N	2026-01-25 09:53:50.568716	f	\N	\N	f	\N	bafkreifxmuv6lhpf7dclr5o4ciiisza3sk7p3vdmeoztqfexfqibb5c42q
fa1df1d5-5dcf-4c35-9b94-0525da9518de	98306c80-511b-4126-a27f-85cad274594a	insurance_cert	document-1769334833508-248507388.pdf	CTPL_Insurance_98306c80-511b-4126-a27f-85cad274594a.pdf	/app/backend/uploads/document-1769334833508-248507388.pdf	69287	application/pdf	a453c398b694c98a10c7e4e1e93b54915cd095a4cb670e82e8664d57b45191dd	\N	2026-01-25 09:53:53.530485	f	\N	\N	f	\N	bafkreifekpbzrnuuzgfbbr7e4hutwverltijljglm4hif2dgjvl3iumr3u
71dff601-122d-4b64-a27b-8b2fbb616810	98306c80-511b-4126-a27f-85cad274594a	hpg_clearance	document-1769334835847-771026627.pdf	HPG_Clearance_98306c80-511b-4126-a27f-85cad274594a.pdf	/app/backend/uploads/document-1769334835847-771026627.pdf	56605	application/pdf	75e22dd8533cdc729bb582944d356df1b494b63d0e3698e10fed7d6bd15af335	\N	2026-01-25 09:53:55.877303	f	\N	\N	f	\N	bafkreidv4iw5quz43rzjxnmcsrgtk3prwsklmpiog2mocd7npvv5cwxtgu
57ea86bf-9b5d-4a28-bbc4-5f70537d4a85	047cad0d-57fc-4a82-85cc-2eed577a56f8	hpg_clearance	document-1769412713746-877434331.pdf	HPG_Clearance_HPG-2026-TIR609.pdf	/app/backend/uploads/document-1769412713746-877434331.pdf	56858	application/pdf	3c07f5a2aee93ab2b3eb4170cfdb08573480f2e09f21d04aea6d4c2b9d990903	36b86e7e-7668-49dc-8dd6-6610ce092a73	2026-01-26 07:31:53.870125	f	\N	\N	f	\N	bafkreib4a722flxjhkzlh22bodh5wccxgsapfye7ehiev2tnjqvz3gijam
53767c53-fcc2-478e-ba4f-e7f806ee50ba	047cad0d-57fc-4a82-85cc-2eed577a56f8	insurance_cert	document-1769412714375-446811020.pdf	Insurance_Certificate_CTPL-2026-3U1RM5.pdf	/app/backend/uploads/document-1769412714375-446811020.pdf	69355	application/pdf	ee3396de5211bc190f537443324d4573bbc0db75458b16d28bfca122df573c41	36b86e7e-7668-49dc-8dd6-6610ce092a73	2026-01-26 07:31:54.544473	f	\N	\N	f	\N	bafkreihogoln4uqrxqmq6u3uimze2rltxpanw5kfrmlnfc74uern6vz4ie
ec2f3440-6809-4bd9-aad6-f1fc81d6c033	047cad0d-57fc-4a82-85cc-2eed577a56f8	sales_invoice	document-1769412715549-596784358.pdf	Sales_Invoice_INV-20260126-EFSL9F.pdf	/app/backend/uploads/document-1769412715549-596784358.pdf	103950	application/pdf	eb55a58a2c039947ccc4bd03205f8ec8fa6095c4a491e0201143b39d46ec3965	36b86e7e-7668-49dc-8dd6-6610ce092a73	2026-01-26 07:31:55.595062	f	\N	\N	f	\N	bafkreihlkwsyuladtfd4zrf5amqf7dwi7jqjlrfeshqcaekdwooun3bzmu
efbafbdd-f8f9-43b8-bb6d-56ee9424ee8d	047cad0d-57fc-4a82-85cc-2eed577a56f8	csr	document-1769412716163-937180875.pdf	CSR_CSR-2026-W99MAL.pdf	/app/backend/uploads/document-1769412716163-937180875.pdf	148500	application/pdf	50c65117231e058c8357a84c2158d614ddfd469813118ec094c89e12d58d8edc	36b86e7e-7668-49dc-8dd6-6610ce092a73	2026-01-26 07:31:57.649198	f	\N	\N	f	\N	bafkreicqyziroiy6awgigv5ijqqvrvqu3x6ungatcghmbfgityjnldmo3q
03ae930d-311c-4a69-9289-e44affd75a4d	047cad0d-57fc-4a82-85cc-2eed577a56f8	owner_id	document-1769412716527-943100879.jpg	driver.jpg	/app/backend/uploads/document-1769412716527-943100879.jpg	204486	image/jpeg	7533ea1855116289c7c0e60f81de32b055a809c531db7efab0ccfe993ec2eb8b	36b86e7e-7668-49dc-8dd6-6610ce092a73	2026-01-26 07:31:57.743873	f	\N	\N	f	\N	bafkreidvgpvbqvirmke4pqhgb6a54mvqkwuatrjr3n7pvmgm72mt5qxlrm
ea4a41d3-0d85-4d99-b059-77e0c2961504	98306c80-511b-4126-a27f-85cad274594a	deed_of_sale	Deed_of_Sale_98306c80-511b-4126-a27f-85cad274594a.pdf	Deed_of_Sale_98306c80-511b-4126-a27f-85cad274594a.pdf	/app/uploads/temp/transfer-cert-1769413322586-4mzu5a.pdf	84385	application/pdf	81185216f5eb1f3d0a84f3c47cb57c8d2fcdfb6fd20623df0a301edb117a07dd	a57fd791-bef2-4881-baa9-bfbd1c8b799c	2026-01-26 07:42:02.655547	f	\N	\N	f	\N	bafkreiebdbjbn5pld46qvbhtyr6lk7enf7g7w36sayr56crqd3nrc6qh3u
4db3b52c-4b9c-45e1-b97c-29d040ff5438	98306c80-511b-4126-a27f-85cad274594a	hpg_clearance	HPG_Clearance_98306c80-511b-4126-a27f-85cad274594a.pdf	HPG_Clearance_98306c80-511b-4126-a27f-85cad274594a.pdf	/app/uploads/temp/transfer-cert-1769413326654-hvympr.pdf	56956	application/pdf	6ccba22d60d3785c1c3e2cad220c4452feffb85726c96846ec6e01af88004feb	a57fd791-bef2-4881-baa9-bfbd1c8b799c	2026-01-26 07:42:06.69779	f	\N	\N	f	\N	bafkreidmzorc2ygtpbobyprmvurayrcs7373qvzgzfuen3doagxyqacp5m
156f91d6-33b4-4f36-ae2a-663d046d9cc2	98306c80-511b-4126-a27f-85cad274594a	insurance_cert	CTPL_Insurance_98306c80-511b-4126-a27f-85cad274594a.pdf	CTPL_Insurance_98306c80-511b-4126-a27f-85cad274594a.pdf	/app/uploads/temp/transfer-cert-1769413331303-hi7ax.pdf	69410	application/pdf	1498ab725e587fbda1f8fee615e3754c53c4b5cd99eee77e64f475b4a0ffb6ce	a57fd791-bef2-4881-baa9-bfbd1c8b799c	2026-01-26 07:42:11.5434	f	\N	\N	f	\N	bafkreiautcvxexsyp662d6h64yk6g5kmkpclltmz53tx4zhuow2kb75wzy
6fc4311c-5b77-4e2e-9d56-ffc36f90be90	98306c80-511b-4126-a27f-85cad274594a	deed_of_sale	document-1769413456304-347749897.pdf	Deed_of_Sale_98306c80-511b-4126-a27f-85cad274594a.pdf	/app/backend/uploads/document-1769413456304-347749897.pdf	84397	application/pdf	81ad3a92e16d4465bf206aa8d9fc6e9e0e3d054e29d0e0d4839ae46103e70e88	\N	2026-01-26 07:44:16.389606	f	\N	\N	f	\N	bafkreiebvu5jfylnirs36idkvdm7y3u6by6qktrj2dqnja424rqqhzyora
4fd685df-1f1b-40e2-8c6d-415079c33ade	98306c80-511b-4126-a27f-85cad274594a	seller_id	document-1769413464049-454494926.jpg	driver.jpg	/app/backend/uploads/document-1769413464049-454494926.jpg	204486	image/jpeg	7533ea1855116289c7c0e60f81de32b055a809c531db7efab0ccfe993ec2eb8b	\N	2026-01-26 07:44:24.249228	f	\N	\N	f	\N	bafkreidvgpvbqvirmke4pqhgb6a54mvqkwuatrjr3n7pvmgm72mt5qxlrm
dcf4aef2-92be-4858-8040-990612d30dcf	\N	buyer_id	document-1769413522739-177671209.jpg	driver.jpg	/app/backend/uploads/document-1769413522739-177671209.jpg	204486	image/jpeg	7533ea1855116289c7c0e60f81de32b055a809c531db7efab0ccfe993ec2eb8b	\N	2026-01-26 07:45:22.786075	f	\N	\N	f	\N	bafkreidvgpvbqvirmke4pqhgb6a54mvqkwuatrjr3n7pvmgm72mt5qxlrm
d2554f72-2fca-4408-8152-8feb126da8c2	\N	tin_id	document-1769413527150-412518569.jpg	driver.jpg	/app/backend/uploads/document-1769413527150-412518569.jpg	204486	image/jpeg	7533ea1855116289c7c0e60f81de32b055a809c531db7efab0ccfe993ec2eb8b	\N	2026-01-26 07:45:27.191101	f	\N	\N	f	\N	bafkreidvgpvbqvirmke4pqhgb6a54mvqkwuatrjr3n7pvmgm72mt5qxlrm
35942fa3-a535-447b-8fca-07452cf7e4e5	\N	insurance_cert	document-1769413535014-106633082.pdf	Insurance_Certificate_CTPL-2026-3U1RM5.pdf	/app/backend/uploads/document-1769413535014-106633082.pdf	69355	application/pdf	ee3396de5211bc190f537443324d4573bbc0db75458b16d28bfca122df573c41	\N	2026-01-26 07:45:35.053816	f	\N	\N	f	\N	bafkreihogoln4uqrxqmq6u3uimze2rltxpanw5kfrmlnfc74uern6vz4ie
86c0bd3e-3418-4ecb-96c3-152cc63ab6e3	\N	hpg_clearance	document-1769413540652-570257838.pdf	HPG_Clearance_HPG-2026-TIR609.pdf	/app/backend/uploads/document-1769413540652-570257838.pdf	56858	application/pdf	3c07f5a2aee93ab2b3eb4170cfdb08573480f2e09f21d04aea6d4c2b9d990903	\N	2026-01-26 07:45:40.676353	f	\N	\N	f	\N	bafkreib4a722flxjhkzlh22bodh5wccxgsapfye7ehiev2tnjqvz3gijam
\.


--
-- TOC entry 3859 (class 0 OID 16914)
-- Dependencies: 234
-- Data for Name: certificates; Type: TABLE DATA; Schema: public; Owner: lto_user
--

COPY public.certificates (id, clearance_request_id, vehicle_id, certificate_type, certificate_number, file_path, ipfs_cid, issued_by, issued_at, expires_at, status, metadata, created_at, file_hash, composite_hash, blockchain_tx_id, application_status, document_id, verified_at, verified_by, revocation_reason, revoked_at) FROM stdin;
\.


--
-- TOC entry 3853 (class 0 OID 16750)
-- Dependencies: 228
-- Data for Name: email_verification_tokens; Type: TABLE DATA; Schema: public; Owner: lto_user
--

COPY public.email_verification_tokens (id, user_id, token_hash, token_secret, expires_at, created_at, used_at, used_by_ip) FROM stdin;
\.


--
-- TOC entry 3855 (class 0 OID 16787)
-- Dependencies: 230
-- Data for Name: expiry_notifications; Type: TABLE DATA; Schema: public; Owner: lto_user
--

COPY public.expiry_notifications (id, vehicle_id, user_id, notification_type, sent_at, email_sent, sms_sent) FROM stdin;
\.


--
-- TOC entry 3848 (class 0 OID 16646)
-- Dependencies: 221
-- Data for Name: notifications; Type: TABLE DATA; Schema: public; Owner: lto_user
--

COPY public.notifications (id, user_id, title, message, type, read, sent_at, read_at) FROM stdin;
0e9c4355-e97d-49de-b760-99eebb96d28f	5eff4107-d246-4f21-b8f4-9f9e7e5b64a9	New HPG Clearance Request	New clearance request for vehicle LRZ-4414	info	f	2026-01-24 16:52:36.953385	\N
0e6f74f9-3c91-4930-a9a7-7288276ddfb3	21d178c0-37c5-466e-b2eb-560e32981cbd	New Insurance Verification Request	New insurance verification request for vehicle LRZ-4414	info	f	2026-01-24 16:52:36.996825	\N
764215cf-366b-4701-a7aa-a77c5c80257d	5eff4107-d246-4f21-b8f4-9f9e7e5b64a9	New HPG Clearance Request	New clearance request for vehicle ACA-3346	info	f	2026-01-24 18:27:55.139318	\N
29929028-70d8-463b-8d48-4dc01ec6b1a4	73477102-f36b-448a-89d4-9dc3e93466f8	New Insurance Verification Request	New insurance verification request for vehicle ACA-3346	info	f	2026-01-24 18:27:55.367892	\N
420544b4-d28c-47f1-95fb-5394c3076eb8	5eff4107-d246-4f21-b8f4-9f9e7e5b64a9	New HPG Clearance Request	New clearance request for vehicle DNY-7331	info	f	2026-01-24 18:44:16.42764	\N
46613bc7-a583-4434-a288-a6f91ec76f7f	73477102-f36b-448a-89d4-9dc3e93466f8	New Insurance Verification Request	New insurance verification request for vehicle DNY-7331	info	f	2026-01-24 18:44:16.666926	\N
ef61729b-bc00-42bf-946c-550548f2be19	5eff4107-d246-4f21-b8f4-9f9e7e5b64a9	New HPG Clearance Request	New clearance request for vehicle VNA-5740	info	f	2026-01-24 18:57:01.043649	\N
a8084e1a-9ce2-4051-8d77-3c4f913b20de	73477102-f36b-448a-89d4-9dc3e93466f8	New Insurance Verification Request	New insurance verification request for vehicle VNA-5740	info	f	2026-01-24 18:57:01.365482	\N
52e4476c-fe73-44d2-a9e6-d6d9152f3625	5eff4107-d246-4f21-b8f4-9f9e7e5b64a9	New HPG Clearance Request	New clearance request for vehicle XSX-7285	info	f	2026-01-24 19:19:07.109569	\N
a9545012-bba4-4957-944f-1076604dc3eb	73477102-f36b-448a-89d4-9dc3e93466f8	Insurance Auto-Verified and Approved	Insurance for vehicle XSX-7285 was auto-verified and approved. Score: 100%	success	f	2026-01-24 19:19:07.299815	\N
15950782-d810-4e8a-acef-4d35f9c46970	a57fd791-bef2-4881-baa9-bfbd1c8b799c	HPG Verification Approved	HPG verification approved for vehicle XSX-7285	success	f	2026-01-24 19:20:06.501105	\N
5c5f9832-bb17-44cd-90e7-60ffb8eacd3e	1b76c49c-b8d7-4c10-84aa-6b2bfd1c3fbc	Vehicle Registration Approved	Your vehicle registration (XSX-7285) has been approved! OR: OR-2026-000001, CR: CR-2026-000001	success	f	2026-01-24 19:21:27.1809	\N
602713ed-036f-48fb-aba8-fe69b7944d3e	654bb34d-fec4-458c-94bc-2223d885a6d7	New HPG Clearance Request	New clearance request for vehicle KKT-4961	info	f	2026-01-25 03:03:53.463241	\N
9ff9b5b5-6f7c-4d1e-8585-06380e67439f	73477102-f36b-448a-89d4-9dc3e93466f8	Insurance Auto-Verified and Approved	Insurance for vehicle KKT-4961 was auto-verified and approved. Score: 100%	success	f	2026-01-25 03:03:53.642427	\N
5520e879-6c52-4d1b-9906-2004ae02af7a	5eff4107-d246-4f21-b8f4-9f9e7e5b64a9	HPG Verification Approved	HPG verification approved for vehicle KKT-4961	success	f	2026-01-25 03:05:07.593925	\N
ad8f7eba-926b-4942-882b-200a2772fba2	1b76c49c-b8d7-4c10-84aa-6b2bfd1c3fbc	HPG Clearance Approved	Your HPG clearance request for vehicle KKT-4961 has been approved.	success	f	2026-01-25 03:05:07.5962	\N
7fea0287-8217-4e92-b5d7-d5db25132400	5eff4107-d246-4f21-b8f4-9f9e7e5b64a9	New HPG Clearance Request	New clearance request for vehicle VZL-7845	info	f	2026-01-25 03:17:54.845631	\N
e4e9e1d6-b02d-4b39-8e87-87069ad529d6	73477102-f36b-448a-89d4-9dc3e93466f8	Insurance Auto-Verified and Approved	Insurance for vehicle VZL-7845 was auto-verified and approved. Score: 100%	success	f	2026-01-25 03:17:55.003544	\N
a3f55d83-90f3-4914-8b9e-7dd98090bb4a	654bb34d-fec4-458c-94bc-2223d885a6d7	HPG Verification Approved	HPG verification approved for vehicle VZL-7845	success	f	2026-01-25 03:18:56.553482	\N
939118ad-197f-41c8-adc4-0c855b5eb150	1b76c49c-b8d7-4c10-84aa-6b2bfd1c3fbc	HPG Clearance Approved	Your HPG clearance request for vehicle VZL-7845 has been approved.	success	f	2026-01-25 03:18:56.556956	\N
78e5b027-99e9-4067-b4fd-1bd6a0fbe20a	654bb34d-fec4-458c-94bc-2223d885a6d7	New HPG Clearance Request	New clearance request for vehicle NKZ-2698	info	f	2026-01-25 03:45:44.888899	\N
6c00352b-6c23-49c8-aad1-065d4227a252	73477102-f36b-448a-89d4-9dc3e93466f8	Insurance Auto-Verified and Approved	Insurance for vehicle NKZ-2698 was auto-verified and approved. Score: 100%	success	f	2026-01-25 03:45:45.051995	\N
bdeeaf22-53fa-4b3c-bab8-8c232b15fdc0	654bb34d-fec4-458c-94bc-2223d885a6d7	HPG Verification Approved	HPG verification approved for vehicle NKZ-2698	success	f	2026-01-25 03:46:25.888882	\N
0eda3bc2-5c43-4be2-bd59-3d8644c5666f	1b76c49c-b8d7-4c10-84aa-6b2bfd1c3fbc	HPG Clearance Approved	Your HPG clearance request for vehicle NKZ-2698 has been approved.	success	f	2026-01-25 03:46:25.892168	\N
d8d31de8-ba0a-43af-bf86-13519a47bbd0	1b76c49c-b8d7-4c10-84aa-6b2bfd1c3fbc	Vehicle Registration Approved	Your vehicle registration (NKZ-2698) has been approved! OR: OR-2026-000006, CR: CR-2026-000006	success	f	2026-01-25 03:53:47.42384	\N
1cfd3191-3cfd-48f6-ae3a-504621015460	36b86e7e-7668-49dc-8dd6-6610ce092a73	New Transfer Request	Joshua Ivan Latag has requested to transfer vehicle NKZ-2698 to you. Please review and accept or reject the request.	info	f	2026-01-25 05:40:09.153805	\N
b5fd53ba-82ec-46ed-a252-1bf1fa89c2d3	1b76c49c-b8d7-4c10-84aa-6b2bfd1c3fbc	Transfer Request Rejected by Buyer	Kim Andrei Besmar has rejected your transfer request for vehicle NKZ-2698.	error	f	2026-01-25 08:05:07.996256	\N
0ab2daf4-86a4-423d-b0e7-ed465d31d20d	654bb34d-fec4-458c-94bc-2223d885a6d7	New HPG Clearance Request	New clearance request for vehicle LLE-2077	info	f	2026-01-25 08:39:19.171968	\N
df74a605-baaa-4705-8b9b-9be4dbfdab31	73477102-f36b-448a-89d4-9dc3e93466f8	Insurance Auto-Verified and Approved	Insurance for vehicle LLE-2077 was auto-verified and approved. Score: 100%	success	f	2026-01-25 08:39:19.409332	\N
ce1b9183-b2f8-46b2-bd0a-e1963ee68fd8	a57fd791-bef2-4881-baa9-bfbd1c8b799c	HPG Verification Approved	HPG verification approved for vehicle LLE-2077	success	f	2026-01-25 08:40:44.213783	\N
df833647-30ce-4125-b283-3f7b1145f28a	36b86e7e-7668-49dc-8dd6-6610ce092a73	HPG Clearance Approved	Your HPG clearance request for vehicle LLE-2077 has been approved.	success	f	2026-01-25 08:40:44.220203	\N
d38148f9-e496-4b0e-88e0-f9682d2aaf59	5eff4107-d246-4f21-b8f4-9f9e7e5b64a9	New HPG Clearance Request	New clearance request for vehicle RCP-2196	info	f	2026-01-25 08:41:59.961341	\N
536352ea-eae0-4e26-bc74-436411224062	73477102-f36b-448a-89d4-9dc3e93466f8	Insurance Auto-Verified and Approved	Insurance for vehicle RCP-2196 was auto-verified and approved. Score: 100%	success	f	2026-01-25 08:42:00.17478	\N
cf8ceb03-b918-4535-9b59-fb85e6c289b9	36b86e7e-7668-49dc-8dd6-6610ce092a73	Vehicle Registration Approved	Your vehicle registration (LLE-2077) has been approved! OR: OR-2026-000007, CR: CR-2026-000007	success	f	2026-01-25 08:42:19.172684	\N
3bac8811-8711-4ce2-aec4-1206af7a42ed	1b76c49c-b8d7-4c10-84aa-6b2bfd1c3fbc	New Transfer Request	Kim Andrei Besmar has requested to transfer vehicle LLE-2077 to you. Please review and accept or reject the request.	info	f	2026-01-25 08:46:02.955909	\N
ae202c58-699e-40a8-af59-127c015c9ae4	5a672d9b-dabc-4778-b380-7587dadab040	New Transfer Request	Joshua Ivan Latag has requested to transfer vehicle VZL-7845 to you. Please review and accept or reject the request.	info	f	2026-01-25 09:16:02.148353	\N
e056c501-027d-4d20-b254-c950b12cbe10	1b76c49c-b8d7-4c10-84aa-6b2bfd1c3fbc	Transfer Request Rejected by Buyer	Jasper Dulla has rejected your transfer request for vehicle VZL-7845.	error	f	2026-01-25 09:28:38.988373	\N
31352fc2-df5e-4508-932f-3fe84ae2293d	36b86e7e-7668-49dc-8dd6-6610ce092a73	New Transfer Request	Joshua Ivan Latag has requested to transfer vehicle VZL-7845 to you. Please review and accept or reject the request.	info	f	2026-01-25 09:40:06.906664	\N
24af006b-5a56-43d5-a09a-0468ec539044	36b86e7e-7668-49dc-8dd6-6610ce092a73	Transfer Request Accepted by Buyer	Joshua Ivan Latag has accepted your transfer request for vehicle LLE-2077. The request is now under review.	success	f	2026-01-25 09:53:57.743712	\N
21d97249-ff9c-4522-9ec3-1ac82bf2a316	a57fd791-bef2-4881-baa9-bfbd1c8b799c	HPG Verification Approved	HPG verification approved for vehicle LLE-2077	success	f	2026-01-25 10:13:53.147585	\N
04120ae2-3f1a-431c-b03a-2d1d3b0da5f5	36b86e7e-7668-49dc-8dd6-6610ce092a73	HPG Clearance Approved	Your HPG clearance request for vehicle LLE-2077 has been approved.	success	f	2026-01-25 10:13:53.151772	\N
1d21e765-f8da-4394-8798-4b8f01c2233f	36b86e7e-7668-49dc-8dd6-6610ce092a73	Transfer Request Approved	Your transfer request for vehicle LLE-2077 has been approved.	success	f	2026-01-25 10:58:48.466515	\N
eaed6ccb-52dc-4e49-a74c-b01de6060d85	1b76c49c-b8d7-4c10-84aa-6b2bfd1c3fbc	Vehicle Ownership Transferred	You are now the owner of vehicle LLE-2077.	info	f	2026-01-25 10:58:48.474905	\N
a03353c4-e883-487a-9368-e2809305c43d	654bb34d-fec4-458c-94bc-2223d885a6d7	New HPG Clearance Request	New clearance request for vehicle KDS-4361	info	f	2026-01-26 07:31:58.776	\N
acd1f4c9-9943-491a-a4c8-0964ac15aa34	73477102-f36b-448a-89d4-9dc3e93466f8	Insurance Auto-Verified and Approved	Insurance for vehicle KDS-4361 was auto-verified and approved. Score: 100%	success	f	2026-01-26 07:31:59.071133	\N
5cfd99ea-acf6-4291-bad9-07a01a4c78e8	a57fd791-bef2-4881-baa9-bfbd1c8b799c	HPG Verification Approved	HPG verification approved for vehicle KDS-4361	success	f	2026-01-26 07:35:06.367366	\N
6756b43a-d97a-4370-a9c2-4dfe0c6e2591	36b86e7e-7668-49dc-8dd6-6610ce092a73	HPG Clearance Approved	Your HPG clearance request for vehicle KDS-4361 has been approved.	success	f	2026-01-26 07:35:06.370413	\N
2ca894f9-1f04-4454-98fc-f20d3a249550	36b86e7e-7668-49dc-8dd6-6610ce092a73	New Transfer Request	Joshua Ivan Latag has requested to transfer vehicle LLE-2077 to you. Please review and accept or reject the request.	info	f	2026-01-26 07:44:30.512711	\N
8b2ae030-0e7b-47b2-b356-ba0c557dd347	1b76c49c-b8d7-4c10-84aa-6b2bfd1c3fbc	Transfer Request Accepted by Buyer	Kim Andrei Besmar has accepted your transfer request for vehicle LLE-2077. The request is now under review.	success	f	2026-01-26 07:45:43.424335	\N
\.


--
-- TOC entry 3850 (class 0 OID 16697)
-- Dependencies: 225
-- Data for Name: refresh_tokens; Type: TABLE DATA; Schema: public; Owner: lto_user
--

COPY public.refresh_tokens (id, user_id, token_hash, expires_at, created_at) FROM stdin;
dad74ea6-4b43-48d7-aa1d-4b2ec4cfdbb9	1b76c49c-b8d7-4c10-84aa-6b2bfd1c3fbc	f53735902e15ce7f5f54ffe0aa2fb0ae9f71318080dc55cc9e0341d50894a5cc	2026-01-31 08:23:47.864	2026-01-24 08:23:47.86525
3b70cade-1245-435a-afad-e9e2a7885f47	1b76c49c-b8d7-4c10-84aa-6b2bfd1c3fbc	9007b6e47896aae0b31551de0e8407997d969a9cd79dacae0d7744ab259546d7	2026-01-31 08:24:14.9	2026-01-24 08:24:14.901421
3ccc3330-60e7-41c4-9c2f-7f6a361b8154	a57fd791-bef2-4881-baa9-bfbd1c8b799c	5942902480e2d081ff343a4943eec8b2fd4d1ba9cb22bed593389da8dc43d3fa	2026-01-31 08:46:37.002	2026-01-24 08:46:37.003388
7c0e7130-8590-4321-a005-0847c81baa34	a57fd791-bef2-4881-baa9-bfbd1c8b799c	44ab685ced67db4dd2c09b18410f254a295b25b3546f958fdbcea482cfb31a50	2026-01-31 08:46:46.076	2026-01-24 08:46:46.07684
2a05b910-3aeb-4b0e-8c72-03faa8870964	a57fd791-bef2-4881-baa9-bfbd1c8b799c	d2a357e702a547fbc835993372a7738725de6b758011f35a28b5cbeb345e2ebd	2026-01-31 08:47:01.46	2026-01-24 08:47:01.46092
47b1395f-b52b-4991-9dd2-084bd7fce253	a57fd791-bef2-4881-baa9-bfbd1c8b799c	9f89c0d8df16ea5312a5211f3ae316f9dbdf2ef241b07cbdd297da54e0044b72	2026-01-31 08:47:37.212	2026-01-24 08:47:37.214238
a2da8017-acf3-4ece-8558-3f1d1e8954a3	a57fd791-bef2-4881-baa9-bfbd1c8b799c	f5bc37bc793be68916461feffebf3f806fe13cf317d2a309d7dffa48ef8db21e	2026-01-31 09:02:52.618	2026-01-24 09:02:52.619944
c1ba17c3-379c-42f3-9cd0-a7fb5215f163	a57fd791-bef2-4881-baa9-bfbd1c8b799c	b3847ca574efb96d88f4d026a1281600480f7a48adaff4c0823f04b38307793b	2026-01-31 09:03:10.004	2026-01-24 09:03:10.00503
0e4ef2a4-57bd-4000-8ed5-3a5fa7bff5cb	a57fd791-bef2-4881-baa9-bfbd1c8b799c	6d71d63cf8f7799a639dc9aa41c345a385cc7bfd737f1ef316ee344a8fb81411	2026-01-31 09:03:26.442	2026-01-24 09:03:26.443416
e378f7bc-360a-448e-99d9-8f6ebe39e1c3	a57fd791-bef2-4881-baa9-bfbd1c8b799c	d53331ce821ba7676ee2afb248f631f96c5542963d51c0c88e2903354b55540f	2026-01-31 09:14:11.296	2026-01-24 09:14:11.297161
e057036a-df4f-4776-a0c6-8756dbb6d8b9	a57fd791-bef2-4881-baa9-bfbd1c8b799c	eed270673e9c44b96cdf5a2d222f88e569ae5511e048b41e1b2fb4f462fb4e91	2026-01-31 09:14:29.896	2026-01-24 09:14:29.897739
f4998a87-a0c2-42cc-b35e-81f639d7f4f4	c7179b34-ff7f-4004-9495-2cf9f049c3d1	bbde7249300777e5bb59932538dfe37ca9c47d428a9f4be4f2e3b81a1fc9a381	2026-01-31 09:16:56.961	2026-01-24 09:16:56.9621
710178fa-bd12-49cc-86ec-1902d3cf54ea	a57fd791-bef2-4881-baa9-bfbd1c8b799c	0b554f0aae9a3be55995e7e2c59a61413fbf33a93b2f7bc0f56a686dd87ed452	2026-01-31 09:29:22.893	2026-01-24 09:29:22.894729
1898af62-b189-43a6-9af4-ea2b2fd94233	a57fd791-bef2-4881-baa9-bfbd1c8b799c	aa325dc21c68acfaced40c96eb333503f4c507134e877037d58005245a7f2572	2026-01-31 09:29:41.016	2026-01-24 09:29:41.017566
d2a05bb8-fb39-47ba-863d-fcf51ec35fe9	c7179b34-ff7f-4004-9495-2cf9f049c3d1	d45a6c72adf9a6ff07f421ad6c801ef1b5aed8b336efac8cde3cc63a857bfd49	2026-01-31 09:30:19.395	2026-01-24 09:30:19.396226
efac6cdc-d108-4846-95de-f68e4da0fa44	c7179b34-ff7f-4004-9495-2cf9f049c3d1	4b8c1eeb5a0b08bc7c399778af43e681997652236272c667a7f444569b38df44	2026-01-31 10:01:21.389	2026-01-24 10:01:21.389433
61c72aa6-4bc5-45ec-beed-8488be0ce5b4	a57fd791-bef2-4881-baa9-bfbd1c8b799c	5ca097a026fd25aa5b70a3378c207b99e2301efbcd9b0fc987dc5c3514c69b24	2026-01-31 10:10:30.373	2026-01-24 10:10:30.374579
cb351ee2-84e7-4f97-8d0f-afa82e3c155a	654bb34d-fec4-458c-94bc-2223d885a6d7	cc59afc7b83b8e0eebe8fca8f1c987b41ea52af8e5a38b8f23ae3a724fda8082	2026-01-31 10:11:10.447	2026-01-24 10:11:10.447732
c71b15d2-d628-426b-8aec-23911d7b332b	a57fd791-bef2-4881-baa9-bfbd1c8b799c	2a3c58deeaf9c3e24a6fe8b29daacc824a7604f6b825aa975edc020453efef33	2026-01-31 10:11:29.538	2026-01-24 10:11:29.538631
86e1326d-b1a2-429d-b3dc-3f880e3a2061	c7179b34-ff7f-4004-9495-2cf9f049c3d1	d54313d20a0f190b252d71abb9c35e1780d8229690fce377b16ff086d79f2f4d	2026-01-31 10:11:55.176	2026-01-24 10:11:55.177173
ff3eb68f-73b0-4306-9d29-35569666ec5f	c7179b34-ff7f-4004-9495-2cf9f049c3d1	f63ba9a4a448d24676bfda123e6bd4d478272be2eb9981d8af1e0edef47b7e91	2026-01-31 10:33:18.063	2026-01-24 10:33:18.064285
a744d838-2ea0-4cab-95bd-acdd9789c3b8	1b76c49c-b8d7-4c10-84aa-6b2bfd1c3fbc	bfae5ce411b5a8a8beafc3f664160ca384ebe4f5ca9f4c75389ff239827adc9e	2026-01-31 10:38:08.26	2026-01-24 10:38:08.261351
47f65ce7-6094-40ab-b03b-f899bce9ffa3	1b76c49c-b8d7-4c10-84aa-6b2bfd1c3fbc	b87c90ce4f90fbb8ea59f3a18344a794504eedd39b8cde25f70b3268fa6b72d5	2026-01-31 10:38:30.406	2026-01-24 10:38:30.407374
31a5facd-ee36-4fb5-bd19-abbba10c5acb	a57fd791-bef2-4881-baa9-bfbd1c8b799c	ee7f89de9ac3ecf393834625afaaea3163d7a67667a4f933f77420f26747231f	2026-01-31 10:41:21.029	2026-01-24 10:41:21.030558
057092b0-5e52-4fc7-9b1b-41b37c44f9f2	654bb34d-fec4-458c-94bc-2223d885a6d7	1a29a086de6188ba164d9ca83ebb3a65e88cb24c63e3289b992c72b86aae798d	2026-01-31 10:41:50.216	2026-01-24 10:41:50.217268
1af6bc84-01f2-4851-b011-f7d7868adb5e	c7179b34-ff7f-4004-9495-2cf9f049c3d1	c2e94f2747b3f6b935c7984bc0c542ad97da1163086f289552df5bd3027dea7a	2026-01-31 10:42:22.157	2026-01-24 10:42:22.159926
df2687cd-8385-4a28-ab6d-547255a55c84	654bb34d-fec4-458c-94bc-2223d885a6d7	7cd5fac9994cfd1c997ea476a4f76e8768fed92730680ab705408d7c5021793e	2026-01-31 11:44:16.979	2026-01-24 11:44:16.980916
dc95d981-4f67-4ed9-afcf-39fd3338f96c	1b76c49c-b8d7-4c10-84aa-6b2bfd1c3fbc	dde7ba1613d0be24bc32ccbe28f5cc10697dd0c4f0bf51f7313ef4e462dfce29	2026-01-31 12:29:30.956	2026-01-24 12:29:30.956762
ad9afdb7-a4a7-4053-82e1-2e27ea6e1b0b	654bb34d-fec4-458c-94bc-2223d885a6d7	3958bcdc59814fe8749448fbcc6657f41b13d1b1e063541cbdce67fa20380362	2026-01-31 12:35:35.719	2026-01-24 12:35:35.719954
a19092e1-efb3-4654-a6f5-c6a2061a58fb	73477102-f36b-448a-89d4-9dc3e93466f8	1e7d0537ef29a5430ed203152fcb9938a44b47127423b41a6d48835e6ad72d45	2026-01-31 12:36:08.124	2026-01-24 12:36:08.12462
03891a13-ab9d-4525-8a6e-c1e7cf20c429	1b76c49c-b8d7-4c10-84aa-6b2bfd1c3fbc	ee82c9538d02185369a5110324323592aa4d8deb52e8d3ec205a35c125ce1d5a	2026-01-31 15:50:02.871	2026-01-24 15:50:02.872366
9c81a3ae-e1be-42ee-8d44-2a63026b06d3	a57fd791-bef2-4881-baa9-bfbd1c8b799c	a29af0a2b58c18aadadbc77cdb5fec765d0690d21cffeff1ea5a168cbc307b7e	2026-01-31 15:50:26.696	2026-01-24 15:50:26.696873
9f7ec846-1491-48cd-8a69-d74cd532c926	a57fd791-bef2-4881-baa9-bfbd1c8b799c	9728d15ef02cb1ceaec20bfedcc98886bac2195644a3a280e412be086f9b7d9c	2026-01-31 15:50:41.551	2026-01-24 15:50:41.552455
a0e5226d-221d-425a-bcbc-fe743f8e4807	a57fd791-bef2-4881-baa9-bfbd1c8b799c	8c1623f808c57d7c37b2f8bc45737aa322dc441a8fc2df49f5fa19d2120a1f0f	2026-01-31 15:51:10.638	2026-01-24 15:51:10.639143
0bd0e166-c81f-4e69-9a1e-635ca89dedee	654bb34d-fec4-458c-94bc-2223d885a6d7	ffafeeb1157a4bd04142b17a13793740173c0efe6c96a47006a6c0a103f55442	2026-01-31 15:53:34.112	2026-01-24 15:53:34.113254
0f1e8ad6-fdcb-43e2-89f3-67bb4535ae98	a57fd791-bef2-4881-baa9-bfbd1c8b799c	7db784066e362be9c2fb331f52ea8415243f2f7f1c87bff8489bc9cf56119557	2026-01-31 17:39:07.737	2026-01-24 17:39:07.738829
15c444f9-58ff-434a-a207-9a6e6eee62d3	1b76c49c-b8d7-4c10-84aa-6b2bfd1c3fbc	8438e77fbfb86fcf4561d60853e4fe0a974812c266dea26c91fafea316ee2c69	2026-01-31 17:40:05.731	2026-01-24 17:40:05.734622
e4233e78-8111-4062-bb47-871072056be3	1b76c49c-b8d7-4c10-84aa-6b2bfd1c3fbc	ab7d8afae8c4a3c9b87082d27a91dcd4e26dbbcd302b66d1741013f9968c0876	2026-01-31 17:51:01.965	2026-01-24 17:51:01.966668
b0dbdac4-e0aa-4c82-af47-b8d6056a82a8	1b76c49c-b8d7-4c10-84aa-6b2bfd1c3fbc	1e095bd07e08d4ff95520aba798b74d0ec4aad69187abf1cd1aa5492eab3826b	2026-01-31 17:56:00.484	2026-01-24 17:56:00.485345
8533c0b9-3f50-4e44-a88f-7b53a70a09b9	1b76c49c-b8d7-4c10-84aa-6b2bfd1c3fbc	bd61d1839a94aa4ac5dc72bbb9ed473014a950f3bde463f9ef3b33f3d9499495	2026-01-31 18:16:15.735	2026-01-24 18:16:15.735992
d9c5c9d2-d996-45d7-bc3c-7f626eb5e873	1b76c49c-b8d7-4c10-84aa-6b2bfd1c3fbc	16a12cec1df7917d8cc82c452c99c547efa4e9024c0c5e713569a6ffa7a912ed	2026-01-31 18:26:56.744	2026-01-24 18:26:56.745605
3f4d3dbd-a3d5-4fd2-a250-4300c951507e	1b76c49c-b8d7-4c10-84aa-6b2bfd1c3fbc	30966cec1afdfcabbd15283fbca21f25aa2e796b4fb8aa46c4031574d5d28ec7	2026-01-31 18:56:02.496	2026-01-24 18:56:02.497367
44ce501f-046f-43ee-bc31-2bf3340ec03f	654bb34d-fec4-458c-94bc-2223d885a6d7	dfa20b5007505d37d3d837c737d7627c8b9b50a6438c7a1459fddbfc300f13b4	2026-01-31 19:19:38.901	2026-01-24 19:19:38.901908
0d8839bf-87aa-4fe1-9f6f-4a0c20e8f8f5	a57fd791-bef2-4881-baa9-bfbd1c8b799c	a2d2028d3a8370f04de530e8b66ef2c00a67a0c6807cbca0f16ca30426d43a25	2026-01-31 19:20:22.209	2026-01-24 19:20:22.210107
54b40901-e1ac-45c6-981b-0667dff66c5a	1b76c49c-b8d7-4c10-84aa-6b2bfd1c3fbc	6c501252f5e8461e1060427746a5a43ad65f8d03803397ee72b865d65c69e3b6	2026-01-31 20:11:11.764	2026-01-24 20:11:11.764951
842262ee-84c7-43bb-ba72-1b0bb8cdb73f	1b76c49c-b8d7-4c10-84aa-6b2bfd1c3fbc	35d8924daad42cc991cdd51e051c9f1f842860dad48412c2b9ec931ee10d41d7	2026-01-31 20:21:35.839	2026-01-24 20:21:35.840286
77d66822-5654-414b-86de-647c493724a9	1b76c49c-b8d7-4c10-84aa-6b2bfd1c3fbc	e17b402609f08f71c4908ae27613dc4803646660c7f5a1b3f04572a92f0be271	2026-02-01 02:57:44.906	2026-01-25 02:57:44.907188
2f8c7204-801b-4c4f-a47f-e14bd3beeb2f	1b76c49c-b8d7-4c10-84aa-6b2bfd1c3fbc	7ee440d5d9bd62cc6033084d67351568ed9d6c0c095a770d198ce749443ae294	2026-02-01 02:57:53.161	2026-01-25 02:57:53.162214
a66b0837-f602-4538-a6c7-37b94117ef94	654bb34d-fec4-458c-94bc-2223d885a6d7	ecec0a473fd61afb269c0c95ad2066a88fec9ba599c21b782981d834265d388b	2026-02-01 03:04:30.787	2026-01-25 03:04:30.788217
98374642-11cc-442e-8eca-44944f346dc7	a57fd791-bef2-4881-baa9-bfbd1c8b799c	5850683fbd51670e16da117dbbe9f9fa71ba5c159cb2d9bf2ee4dd6a118b365d	2026-02-01 03:05:24.595	2026-01-25 03:05:24.595683
b48eec92-6757-420e-ac17-598ba8009d5f	654bb34d-fec4-458c-94bc-2223d885a6d7	d9c0d52f32ac21947ceb100ae85f224795c12ac70b74eb069ee12859c2127908	2026-02-01 03:18:44.295	2026-01-25 03:18:44.29636
abc2c123-f8bb-44ff-9ea9-5cf9b1d04579	36b86e7e-7668-49dc-8dd6-6610ce092a73	37d668a97f481fcef76ead6d708794fff24b40eb859ce9fcd7f7e8acce65be84	2026-02-01 03:38:54.678	2026-01-25 03:38:54.67911
c9eec055-d5bc-4f68-8168-fe1f64a42034	36b86e7e-7668-49dc-8dd6-6610ce092a73	3782e8d561af53c6e0a596160af12d5d2814a300d624cdd83aad00098651674a	2026-02-01 03:39:40.173	2026-01-25 03:39:40.17404
31090883-5ce0-41cf-8fb7-69cd1e5ea22d	1b76c49c-b8d7-4c10-84aa-6b2bfd1c3fbc	4e98a45d2d7b35953b7ce56eeb75f05a89788e6771a01059c91c3f3a46298d7b	2026-02-01 03:45:11.075	2026-01-25 03:45:11.078088
e2b6dd9d-bb21-40d8-9c69-41babb618e5e	654bb34d-fec4-458c-94bc-2223d885a6d7	53563b30d7be1493a6f3f8c494dfebcb03724c836a423c9e4b27b46d056b626d	2026-02-01 03:46:05.784	2026-01-25 03:46:05.785128
e0559a59-72bf-46ce-83d7-ef4ae1c32d05	1b76c49c-b8d7-4c10-84aa-6b2bfd1c3fbc	b4b920636c47aa2118d32df03241a00cb3e85ec8efd08b9873afd721e8ca3ee2	2026-02-01 03:55:33.569	2026-01-25 03:55:33.570113
3b8f12b5-3a70-407a-8c95-91a1a7830227	a57fd791-bef2-4881-baa9-bfbd1c8b799c	61f65c2911234103b382f981ed3f39a4966560c60ee77e0bd0e3ffa8aa93b5f5	2026-02-01 04:20:13.405	2026-01-25 04:20:13.406442
ab1cec6a-27ee-48c6-aaf8-e6b744c2e388	1b76c49c-b8d7-4c10-84aa-6b2bfd1c3fbc	0009ef291b7698939ec4c2245b53035ab542ba385562cb54f26b2e9923cb8c7a	2026-02-01 04:48:14.548	2026-01-25 04:48:14.549187
5803f6e5-70bc-4c72-98cd-20bdf37c48ab	1b76c49c-b8d7-4c10-84aa-6b2bfd1c3fbc	12ae2615cf6cc2121c89ac5c90a35542972bbcf94f6559af1f3579ce210f8eb7	2026-02-01 05:39:20.405	2026-01-25 05:39:20.405974
39ce9a6a-5c4b-4547-954f-8ac1047e619f	36b86e7e-7668-49dc-8dd6-6610ce092a73	2e64751c67cba30dad00571c2a3a117b3acd1535783d8a3ab3741fb9abfdafbe	2026-02-01 05:41:34.798	2026-01-25 05:41:34.799246
0a796026-e040-4db1-84c8-7946b12becb4	a57fd791-bef2-4881-baa9-bfbd1c8b799c	ecac1fefbfa9b3d29e692736e4ac534e5b973e5725d99d3e68f5eb9529e2846e	2026-02-01 05:42:16.599	2026-01-25 05:42:16.600164
ff055a58-418a-4229-aa2a-f8f4209e85b8	a57fd791-bef2-4881-baa9-bfbd1c8b799c	f03d62ace8cf69db6c6ff3705c99e8b32a94d311e9f7b4e71cacb38791188b1c	2026-02-01 07:30:05.159	2026-01-25 07:30:05.160012
c1fc504e-fda9-408e-92ae-1a8bb232e613	a57fd791-bef2-4881-baa9-bfbd1c8b799c	83121c906123517518a6073ae6c739c0cec29774a694a5e0eea9e97f23c0bb9d	2026-02-01 07:36:02.891	2026-01-25 07:36:02.892491
0edb5ba2-668d-4198-8a4c-732df39587ec	36b86e7e-7668-49dc-8dd6-6610ce092a73	ead281bbe9a2c77f080f3adb710b05d4c99c0f58520c477335d87dff13d2692b	2026-02-01 08:04:31.603	2026-01-25 08:04:31.604445
0740af03-3739-4980-850d-e475a5559ba7	1b76c49c-b8d7-4c10-84aa-6b2bfd1c3fbc	5da9e215fc5430fd78a00d9790876ae8e866eb91d72f87f1577e399ecc8a40da	2026-02-01 08:05:17.263	2026-01-25 08:05:17.264211
a872745b-d64d-4de3-bc55-c95d16c96f04	5a672d9b-dabc-4778-b380-7587dadab040	c1df72cc1a82c138218cf62de3b20f648fbbb4dbea7447ef3e3f1b25808adf80	2026-02-01 08:11:36.085	2026-01-25 08:11:36.085923
8c9f6307-bebc-42fc-9990-c8e5ee424eb4	5a672d9b-dabc-4778-b380-7587dadab040	15dda380871c68a1f24ea66ca425ab1e462f14c41c247c6cff835a2688a4f624	2026-02-01 08:12:16.397	2026-01-25 08:12:16.39769
1d6098ef-785c-4f9c-b42e-d9803f33abfb	a57fd791-bef2-4881-baa9-bfbd1c8b799c	a152a029b817646e8e550bfd97d65f965322638575456191e307719ed15b9361	2026-02-01 08:13:22.666	2026-01-25 08:13:22.667559
fbb72ed6-43d8-4463-9f9a-5112e06d1ebe	5a672d9b-dabc-4778-b380-7587dadab040	4534cd652988c223fd26d84d07adc61142c36be2a1d57d1a8510694953b2689d	2026-02-01 08:24:17.566	2026-01-25 08:24:17.566806
ed71afda-b17e-49e1-881f-e24e950e2fcb	a57fd791-bef2-4881-baa9-bfbd1c8b799c	bd86e97ee970a3a9d1c622984013e0e58aa8607ba1fd2336d520db98bacfbbe6	2026-02-01 08:36:08.319	2026-01-25 08:36:08.320297
1c3c138c-ad43-4bab-a507-d11e04cbc475	36b86e7e-7668-49dc-8dd6-6610ce092a73	4514e247c55f528ae2b3a588e3767945c4743122b65bb0680c47bbe45cb93c4e	2026-02-01 08:39:57.884	2026-01-25 08:39:57.885133
259f6935-5107-43e2-9388-3672d82dbbcc	654bb34d-fec4-458c-94bc-2223d885a6d7	123926f16af83fa5315a4eea58eabe103e9e1cae32da418857dd1af6cc457783	2026-02-01 08:40:22.792	2026-01-25 08:40:22.792825
e6000ebf-5b38-4ec8-9ecd-ed05788a838f	36b86e7e-7668-49dc-8dd6-6610ce092a73	83593bb5c51ee33d572564aaec8c61f2ca8985602c520f9d31b90eec1691b4ab	2026-02-01 08:42:46.789	2026-01-25 08:42:46.790442
e84a8404-b285-40a5-9235-5dd62436fdd6	1b76c49c-b8d7-4c10-84aa-6b2bfd1c3fbc	0fadb1eeca17c81d9b5c1fc0f57fe3c668246bcd22ed14623c7798c07ddbc3ad	2026-02-01 08:44:26.725	2026-01-25 08:44:26.72576
86fc933c-2040-45d8-823e-558cd82e85d3	1b76c49c-b8d7-4c10-84aa-6b2bfd1c3fbc	9e6c210e6af3e37b046f76f2d40a492569eb57bd24acacd3c8f85082454225de	2026-02-01 08:46:54.212	2026-01-25 08:46:54.213289
c404135d-0ba9-4dfb-81ee-ffdb2525c35c	1b76c49c-b8d7-4c10-84aa-6b2bfd1c3fbc	324c20940a88666f9af32b23929fbe50d54377a222618c1bc4204d134a96e1a9	2026-02-01 09:00:31.994	2026-01-25 09:00:31.99799
92972c9f-ef47-44c8-8aea-61025883a696	1b76c49c-b8d7-4c10-84aa-6b2bfd1c3fbc	01b7417aa89e4177891f3e49b8fead7611b4824004519ee519c818a45bfa0caa	2026-02-01 09:06:33.484	2026-01-25 09:06:33.485191
bcbafe1b-3498-4856-9037-b7cb4c8e4c85	1b76c49c-b8d7-4c10-84aa-6b2bfd1c3fbc	67742e497ac52b0f5d098dc8e1075dd10c902e33c1a6081c96794d8b54c8a1a7	2026-02-01 09:14:36.412	2026-01-25 09:14:36.412846
5bea047b-9ac4-49f8-a309-d3146ae344a7	1b76c49c-b8d7-4c10-84aa-6b2bfd1c3fbc	a075342f86864b0dc451699a718a2ce8a9304c95a0459e87dcce35cacd7a1d4b	2026-02-01 09:17:47.587	2026-01-25 09:17:47.588286
02d0886f-f122-4e8c-bde0-037eb89090d0	5a672d9b-dabc-4778-b380-7587dadab040	7e04f1e7bae26bff1f5ed60497c2c2abc343bfbdfc893671dfa6b40a48b3f148	2026-02-01 09:19:34.485	2026-01-25 09:19:34.48573
3648923f-a96d-4520-8754-ce617b363dbe	36b86e7e-7668-49dc-8dd6-6610ce092a73	c7875a80e464d9a4016208e60520ab3d9272d5b6d0ac3cb2637561d384195206	2026-02-01 09:30:15.732	2026-01-25 09:30:15.73317
a6aeba46-b550-4707-81fd-afb3389e2126	36b86e7e-7668-49dc-8dd6-6610ce092a73	a26e2bdc2953a07ebad7fbaa24249a57acd3f26f5e4f2d4f143fd54aeb3571a2	2026-02-01 09:42:13.905	2026-01-25 09:42:13.906124
5012cb79-da57-43f2-a7a4-3ec53ab3c0ae	a57fd791-bef2-4881-baa9-bfbd1c8b799c	1baf5b870170d2c1bbc93948133fb645ad9be69732c7803184c68ca8909deee8	2026-02-01 09:54:18.328	2026-01-25 09:54:18.328594
9e6a9d27-624f-4081-9a32-40b756c84c36	1b76c49c-b8d7-4c10-84aa-6b2bfd1c3fbc	0eb3631387bd4783c20eb3688a81b9c5dc8297af83add24b414af8c2e1f52533	2026-02-01 10:03:21.511	2026-01-25 10:03:21.512785
a99e6dfd-a7a7-44dc-adcc-8e39d80a330e	a57fd791-bef2-4881-baa9-bfbd1c8b799c	b5e3993e56de739a7613215f9d2f8b3b79a9d30b9ade0e1373c150fce02e1a93	2026-02-01 10:11:52.886	2026-01-25 10:11:52.887627
e2705f24-a998-4124-8642-0f68981ace80	654bb34d-fec4-458c-94bc-2223d885a6d7	c475ec434ebc6c3186cc903bc938e3adfe49510dfd90f9cbc7b878b48514605b	2026-02-01 10:13:32.222	2026-01-25 10:13:32.222547
69ca0d8f-f919-43e6-9578-85e527d81589	a57fd791-bef2-4881-baa9-bfbd1c8b799c	9a3f117e9dfb9b1cc9c4b86d1e48713aae7fb03dd31f577a0ded711df791e4f5	2026-02-01 10:14:02.16	2026-01-25 10:14:02.162048
a54ed227-8e39-417b-ae9b-cbf39e640856	a57fd791-bef2-4881-baa9-bfbd1c8b799c	8b0b878bb67ba404f32d7da983e7052f1a0a338bf5256fe646b2ee6d346e30a2	2026-02-01 10:31:15.273	2026-01-25 10:31:15.274791
1a1a86df-8ef6-4c8c-935b-3d987bb5f9b4	a57fd791-bef2-4881-baa9-bfbd1c8b799c	9c2069c5ad3ae1c4ca84c02fd3445ecd8b65421c5fcb136ef7601577444f17d1	2026-02-01 10:42:29.448	2026-01-25 10:42:29.449473
49202628-5772-43e6-a55f-a11b74c8f9b2	1b76c49c-b8d7-4c10-84aa-6b2bfd1c3fbc	a393e626a7ad2cc30f901a1ebacd85b95c0d08618504cb0513550e540377784f	2026-02-01 11:00:14.731	2026-01-25 11:00:14.731972
6fb480bf-9e6e-4080-98c8-040f27aec2db	1b76c49c-b8d7-4c10-84aa-6b2bfd1c3fbc	51ff2cf7bb685862daeff1e8a92b9ec2d66043496a0cd7681aca691f3e358c0e	2026-02-01 12:12:32.352	2026-01-25 12:12:32.353643
1c8198bb-231c-4dc1-b76f-2c7cf315ec7d	1b76c49c-b8d7-4c10-84aa-6b2bfd1c3fbc	3c1e54648e674bc1fe23fd2047dbf78ce6d032af2fb9aa5bff454c1aa297c9d3	2026-02-01 12:34:20.179	2026-01-25 12:34:20.179719
9a5eea10-7d25-4b3f-b002-d059633ae9ce	36b86e7e-7668-49dc-8dd6-6610ce092a73	5b1890f18d8a3ce5d63d28dc0c2c89835020f2fe00192dbce7c2fa5b5699ff15	2026-02-01 14:30:39.278	2026-01-25 14:30:39.279431
bcfd360d-4ea5-4a4e-89e2-ecc44487058a	1b76c49c-b8d7-4c10-84aa-6b2bfd1c3fbc	652f4ca07b58caa15420affe3a90e8cee17733b25027bd3d7dcbdeb785fe79d3	2026-02-01 14:31:04.109	2026-01-25 14:31:04.109708
1dcb3426-6850-444f-9671-02bc772aaa2b	a57fd791-bef2-4881-baa9-bfbd1c8b799c	60e631a139612e82129ebf988778882208d22d14fbd1c135d4a8d36c50cbbf56	2026-02-02 06:46:12.31	2026-01-26 06:46:12.311828
342557d8-3693-4434-8baa-df57905a5d68	36b86e7e-7668-49dc-8dd6-6610ce092a73	f5e3e8aa00ede02f48b80cc03df059f0d5eb53f41ab2acd77d320953f5f4fabb	2026-02-02 06:47:34.715	2026-01-26 06:47:34.716265
af1f2756-2141-47d7-ac9e-3a078102bf0c	a57fd791-bef2-4881-baa9-bfbd1c8b799c	e4e5a7f0f0a6a583cef3317ba14116c80b56acf85c19d77cb16aa2910e97ff43	2026-02-02 07:29:23.262	2026-01-26 07:29:23.263246
55c30f8a-faa7-439e-b2e4-0e7d1b8a068c	654bb34d-fec4-458c-94bc-2223d885a6d7	26c8101db10670a26ca4058a7da41e85e9bf8bde294cf68637a6925068c495b2	2026-02-02 07:32:25.74	2026-01-26 07:32:25.741233
237c1446-46ab-43cf-a2dd-31ed3871763f	36b86e7e-7668-49dc-8dd6-6610ce092a73	9e0e2a4afe425a8dc7e4584b404f7359d396dcb0068220290e77a4b29a00e93b	2026-02-02 07:38:08.942	2026-01-26 07:38:08.943569
56283fe5-d982-4c4b-9e14-82e8ec25ca2c	a57fd791-bef2-4881-baa9-bfbd1c8b799c	5b32d96abd0a0bd379f825879b1118aade7ca84213e1e2d8319bac7c61e573e6	2026-02-02 07:40:53.32	2026-01-26 07:40:53.321196
2c474f2f-b82d-4968-8f04-96947bb5d315	36b86e7e-7668-49dc-8dd6-6610ce092a73	62f4b1c2151c2b80d5924ef766f897d2a0fd0cd7e3d97662e4187fbb28e37c30	2026-02-02 07:44:58.612	2026-01-26 07:44:58.613324
0b006b68-2a45-4b67-8586-43907e964f36	a57fd791-bef2-4881-baa9-bfbd1c8b799c	c310baf25f9d1f7cec556a0b646dd1c193ebfd17cd8b37694ed218f9c6d000ad	2026-02-02 07:46:06.098	2026-01-26 07:46:06.098998
e0cbb508-b390-4ed4-bcd8-34e64bb1c2db	1b76c49c-b8d7-4c10-84aa-6b2bfd1c3fbc	837a66e8d7c56080d790f4214111081764dd10c0501fbf260628a99a51f1692d	2026-02-02 07:48:01.992	2026-01-26 07:48:01.992687
c5fbfcd8-671e-4374-8966-18e8b71bca41	a57fd791-bef2-4881-baa9-bfbd1c8b799c	9dff66cfa206a3a56f5b82c8b12bb4196a03abfe2f3153bf068e81b326c2da64	2026-02-02 10:19:09.768	2026-01-26 10:19:09.769502
86d2d705-1d3e-4998-b981-9ccda41cceda	1b76c49c-b8d7-4c10-84aa-6b2bfd1c3fbc	6e02ba33dee8a54bbe6daac3101553d2b1a788eb5c98a1535b26702bd4b064b4	2026-02-02 12:04:10.574	2026-01-26 12:04:10.575402
0b81fc14-f5d5-42ba-a5e4-5657a7ea2a80	1b76c49c-b8d7-4c10-84aa-6b2bfd1c3fbc	61f6d5e9c7fa34e03f8e998d897f6df3f39382d61c4f3386ea328d4c94abb96e	2026-02-02 12:04:27.78	2026-01-26 12:04:27.780966
b908521c-ee34-4986-8cba-f231e3bd8e70	a57fd791-bef2-4881-baa9-bfbd1c8b799c	69228b1c3c96140aa7ec125fdb5cff659bf9747d4a6a3b842b40780c6681252c	2026-02-02 14:02:48.284	2026-01-26 14:02:48.285508
\.


--
-- TOC entry 3851 (class 0 OID 16711)
-- Dependencies: 226
-- Data for Name: sessions; Type: TABLE DATA; Schema: public; Owner: lto_user
--

COPY public.sessions (id, user_id, refresh_token_id, ip_address, user_agent, created_at, last_activity, expires_at) FROM stdin;
11343c2f-fb51-483e-9954-5bb245aea1e9	1b76c49c-b8d7-4c10-84aa-6b2bfd1c3fbc	3b70cade-1245-435a-afad-e9e2a7885f47	180.195.78.106	Mozilla/5.0 (Windows NT 10.0; Win64; x64) AppleWebKit/537.36 (KHTML, like Gecko) Chrome/143.0.0.0 Safari/537.36	2026-01-24 08:24:14.922822	2026-01-24 08:24:14.922822	2026-01-31 08:24:14.922
6bf05028-d89f-4ce3-92dc-79b0ab1976b8	a57fd791-bef2-4881-baa9-bfbd1c8b799c	3ccc3330-60e7-41c4-9c2f-7f6a361b8154	180.195.78.106	Mozilla/5.0 (Windows NT 10.0; Win64; x64) AppleWebKit/537.36 (KHTML, like Gecko) Chrome/143.0.0.0 Safari/537.36	2026-01-24 08:46:37.022171	2026-01-24 08:46:37.022171	2026-01-31 08:46:37.013
0e5a0062-415f-4599-bcb1-ca655231449c	a57fd791-bef2-4881-baa9-bfbd1c8b799c	7c0e7130-8590-4321-a005-0847c81baa34	180.195.78.106	Mozilla/5.0 (Windows NT 10.0; Win64; x64) AppleWebKit/537.36 (KHTML, like Gecko) Chrome/143.0.0.0 Safari/537.36	2026-01-24 08:46:46.084207	2026-01-24 08:46:46.084207	2026-01-31 08:46:46.083
fb48f85f-09ad-408f-b585-7cd80a3f9acf	a57fd791-bef2-4881-baa9-bfbd1c8b799c	2a05b910-3aeb-4b0e-8c72-03faa8870964	180.195.78.106	Mozilla/5.0 (Windows NT 10.0; Win64; x64) AppleWebKit/537.36 (KHTML, like Gecko) Chrome/143.0.0.0 Safari/537.36	2026-01-24 08:47:01.466455	2026-01-24 08:47:01.466455	2026-01-31 08:47:01.465
725a9ab2-a462-4d92-a76b-660ec98b2847	a57fd791-bef2-4881-baa9-bfbd1c8b799c	47b1395f-b52b-4991-9dd2-084bd7fce253	180.195.78.106	Mozilla/5.0 (Windows NT 10.0; Win64; x64) AppleWebKit/537.36 (KHTML, like Gecko) Chrome/143.0.0.0 Safari/537.36	2026-01-24 08:47:37.227764	2026-01-24 08:47:37.227764	2026-01-31 08:47:37.227
e66d55c6-79f3-4c34-ab60-b916e3b45d81	a57fd791-bef2-4881-baa9-bfbd1c8b799c	a2da8017-acf3-4ece-8558-3f1d1e8954a3	180.195.78.106	Mozilla/5.0 (Windows NT 10.0; Win64; x64) AppleWebKit/537.36 (KHTML, like Gecko) Chrome/143.0.0.0 Safari/537.36	2026-01-24 09:02:52.631995	2026-01-24 09:02:52.631995	2026-01-31 09:02:52.63
3c48b32d-6373-4b09-9dce-f88f486bce8c	a57fd791-bef2-4881-baa9-bfbd1c8b799c	c1ba17c3-379c-42f3-9cd0-a7fb5215f163	180.195.78.106	Mozilla/5.0 (Windows NT 10.0; Win64; x64) AppleWebKit/537.36 (KHTML, like Gecko) Chrome/143.0.0.0 Safari/537.36	2026-01-24 09:03:10.013975	2026-01-24 09:03:10.013975	2026-01-31 09:03:10.013
9710918f-5e5f-49e4-b4c6-ef6c7f16fb94	a57fd791-bef2-4881-baa9-bfbd1c8b799c	0e4ef2a4-57bd-4000-8ed5-3a5fa7bff5cb	180.195.78.106	Mozilla/5.0 (Windows NT 10.0; Win64; x64) AppleWebKit/537.36 (KHTML, like Gecko) Chrome/143.0.0.0 Safari/537.36	2026-01-24 09:03:26.449652	2026-01-24 09:03:26.449652	2026-01-31 09:03:26.449
09869ff1-fff0-446c-933b-56d5ee3a5001	a57fd791-bef2-4881-baa9-bfbd1c8b799c	e378f7bc-360a-448e-99d9-8f6ebe39e1c3	180.195.78.106	Mozilla/5.0 (Windows NT 10.0; Win64; x64) AppleWebKit/537.36 (KHTML, like Gecko) Chrome/143.0.0.0 Safari/537.36	2026-01-24 09:14:11.310336	2026-01-24 09:14:11.310336	2026-01-31 09:14:11.309
23a259cf-26ce-4472-b1df-111fb381c0a7	a57fd791-bef2-4881-baa9-bfbd1c8b799c	e057036a-df4f-4776-a0c6-8756dbb6d8b9	180.195.78.106	Mozilla/5.0 (Windows NT 10.0; Win64; x64) AppleWebKit/537.36 (KHTML, like Gecko) Chrome/143.0.0.0 Safari/537.36	2026-01-24 09:14:29.907433	2026-01-24 09:14:29.907433	2026-01-31 09:14:29.906
80c3633b-24f6-4ba5-a718-4e04a21e76a0	c7179b34-ff7f-4004-9495-2cf9f049c3d1	f4998a87-a0c2-42cc-b35e-81f639d7f4f4	180.195.78.106	Mozilla/5.0 (Windows NT 10.0; Win64; x64) AppleWebKit/537.36 (KHTML, like Gecko) Chrome/143.0.0.0 Safari/537.36	2026-01-24 09:16:56.970377	2026-01-24 09:25:59.840679	2026-01-31 09:16:56.969
7e5d05de-4e3f-4a67-8246-6c6c2ded9091	a57fd791-bef2-4881-baa9-bfbd1c8b799c	710178fa-bd12-49cc-86ec-1902d3cf54ea	180.195.78.106	Mozilla/5.0 (Windows NT 10.0; Win64; x64) AppleWebKit/537.36 (KHTML, like Gecko) Chrome/143.0.0.0 Safari/537.36	2026-01-24 09:29:22.904387	2026-01-24 09:29:22.904387	2026-01-31 09:29:22.903
35411292-8898-4738-a8bf-44c8d2cfc791	a57fd791-bef2-4881-baa9-bfbd1c8b799c	1898af62-b189-43a6-9af4-ea2b2fd94233	180.195.78.106	Mozilla/5.0 (Windows NT 10.0; Win64; x64) AppleWebKit/537.36 (KHTML, like Gecko) Chrome/143.0.0.0 Safari/537.36	2026-01-24 09:29:41.02333	2026-01-24 09:29:41.02333	2026-01-31 09:29:41.022
88bb60cc-f7df-4daf-a2cc-dbfb6c3f2f65	c7179b34-ff7f-4004-9495-2cf9f049c3d1	d2a05bb8-fb39-47ba-863d-fcf51ec35fe9	180.195.78.106	Mozilla/5.0 (Windows NT 10.0; Win64; x64) AppleWebKit/537.36 (KHTML, like Gecko) Chrome/143.0.0.0 Safari/537.36	2026-01-24 09:30:19.401571	2026-01-24 09:30:19.401571	2026-01-31 09:30:19.401
3e6eab17-b7e2-45e7-b50e-075172fcfab5	c7179b34-ff7f-4004-9495-2cf9f049c3d1	efac6cdc-d108-4846-95de-f68e4da0fa44	180.195.78.106	Mozilla/5.0 (Windows NT 10.0; Win64; x64) AppleWebKit/537.36 (KHTML, like Gecko) Chrome/143.0.0.0 Safari/537.36	2026-01-24 10:01:21.393484	2026-01-24 10:01:21.393484	2026-01-31 10:01:21.393
aa4370d3-0d7f-4f68-af37-4323b4588c39	a57fd791-bef2-4881-baa9-bfbd1c8b799c	61c72aa6-4bc5-45ec-beed-8488be0ce5b4	180.195.78.106	Mozilla/5.0 (Windows NT 10.0; Win64; x64) AppleWebKit/537.36 (KHTML, like Gecko) Chrome/143.0.0.0 Safari/537.36	2026-01-24 10:10:30.384475	2026-01-24 10:10:30.384475	2026-01-31 10:10:30.383
6f07e57f-edb2-469c-91ca-e46e565fafd2	654bb34d-fec4-458c-94bc-2223d885a6d7	cb351ee2-84e7-4f97-8d0f-afa82e3c155a	180.195.78.106	Mozilla/5.0 (Windows NT 10.0; Win64; x64) AppleWebKit/537.36 (KHTML, like Gecko) Chrome/143.0.0.0 Safari/537.36	2026-01-24 10:11:10.453527	2026-01-24 10:11:10.453527	2026-01-31 10:11:10.453
6ba5b05b-0ee6-4160-b59a-36d650edbaa4	a57fd791-bef2-4881-baa9-bfbd1c8b799c	c71b15d2-d628-426b-8aec-23911d7b332b	180.195.78.106	Mozilla/5.0 (Windows NT 10.0; Win64; x64) AppleWebKit/537.36 (KHTML, like Gecko) Chrome/143.0.0.0 Safari/537.36	2026-01-24 10:11:29.547342	2026-01-24 10:11:29.547342	2026-01-31 10:11:29.546
86a1479c-b22d-49ff-ae49-8918ae505ad0	c7179b34-ff7f-4004-9495-2cf9f049c3d1	86e1326d-b1a2-429d-b3dc-3f880e3a2061	180.195.78.106	Mozilla/5.0 (Windows NT 10.0; Win64; x64) AppleWebKit/537.36 (KHTML, like Gecko) Chrome/143.0.0.0 Safari/537.36	2026-01-24 10:11:55.182205	2026-01-24 10:11:55.182205	2026-01-31 10:11:55.181
b602f593-23d7-44d0-9581-51499e371639	c7179b34-ff7f-4004-9495-2cf9f049c3d1	ff3eb68f-73b0-4306-9d29-35569666ec5f	180.195.78.106	Mozilla/5.0 (Windows NT 10.0; Win64; x64) AppleWebKit/537.36 (KHTML, like Gecko) Chrome/143.0.0.0 Safari/537.36	2026-01-24 10:33:18.077824	2026-01-24 10:33:18.077824	2026-01-31 10:33:18.077
2c2b89d3-77a6-4f55-99b9-54bd8fdfd9d1	1b76c49c-b8d7-4c10-84aa-6b2bfd1c3fbc	a744d838-2ea0-4cab-95bd-acdd9789c3b8	180.195.78.106	Mozilla/5.0 (Windows NT 10.0; Win64; x64) AppleWebKit/537.36 (KHTML, like Gecko) Chrome/143.0.0.0 Safari/537.36	2026-01-24 10:38:08.266434	2026-01-24 10:38:08.266434	2026-01-31 10:38:08.266
5880c377-85aa-49c2-8361-bf75a50a823b	1b76c49c-b8d7-4c10-84aa-6b2bfd1c3fbc	47f65ce7-6094-40ab-b03b-f899bce9ffa3	180.195.78.106	Mozilla/5.0 (Windows NT 10.0; Win64; x64) AppleWebKit/537.36 (KHTML, like Gecko) Chrome/143.0.0.0 Safari/537.36	2026-01-24 10:38:30.411555	2026-01-24 10:38:30.411555	2026-01-31 10:38:30.41
640d6b36-fc25-40c0-a2d8-c11b37e4bca6	a57fd791-bef2-4881-baa9-bfbd1c8b799c	31a5facd-ee36-4fb5-bd19-abbba10c5acb	180.195.78.106	Mozilla/5.0 (Windows NT 10.0; Win64; x64) AppleWebKit/537.36 (KHTML, like Gecko) Chrome/143.0.0.0 Safari/537.36	2026-01-24 10:41:21.038989	2026-01-24 10:41:21.038989	2026-01-31 10:41:21.038
eec13092-401d-481a-b84f-97c518da0a9e	654bb34d-fec4-458c-94bc-2223d885a6d7	057092b0-5e52-4fc7-9b1b-41b37c44f9f2	180.195.78.106	Mozilla/5.0 (Windows NT 10.0; Win64; x64) AppleWebKit/537.36 (KHTML, like Gecko) Chrome/144.0.0.0 Safari/537.36	2026-01-24 10:41:50.225089	2026-01-24 10:41:50.225089	2026-01-31 10:41:50.224
3ce2b069-fdf8-4f3e-a2ae-1c59313cfa3e	c7179b34-ff7f-4004-9495-2cf9f049c3d1	1af6bc84-01f2-4851-b011-f7d7868adb5e	180.195.78.106	Mozilla/5.0 (Windows NT 10.0; Win64; x64) AppleWebKit/537.36 (KHTML, like Gecko) Chrome/144.0.0.0 Safari/537.36	2026-01-24 10:42:22.191979	2026-01-24 10:42:22.191979	2026-01-31 10:42:22.191
4993e7b6-e092-4457-940a-420b0b5796f4	654bb34d-fec4-458c-94bc-2223d885a6d7	df2687cd-8385-4a28-ab6d-547255a55c84	180.195.78.106	Mozilla/5.0 (Windows NT 10.0; Win64; x64) AppleWebKit/537.36 (KHTML, like Gecko) Chrome/143.0.0.0 Safari/537.36	2026-01-24 11:44:16.990697	2026-01-24 11:44:16.990697	2026-01-31 11:44:16.99
7d854050-435b-4f91-8d9c-a0b3a1257fba	1b76c49c-b8d7-4c10-84aa-6b2bfd1c3fbc	03891a13-ab9d-4525-8a6e-c1e7cf20c429	180.195.78.106	Mozilla/5.0 (Windows NT 10.0; Win64; x64) AppleWebKit/537.36 (KHTML, like Gecko) Chrome/143.0.0.0 Safari/537.36	2026-01-24 15:50:02.891804	2026-01-24 16:10:11.812037	2026-01-31 15:50:02.891
eac610ba-0454-47d5-a586-226554f11ec7	1b76c49c-b8d7-4c10-84aa-6b2bfd1c3fbc	dc95d981-4f67-4ed9-afcf-39fd3338f96c	180.195.78.106	Mozilla/5.0 (Windows NT 10.0; Win64; x64) AppleWebKit/537.36 (KHTML, like Gecko) Chrome/143.0.0.0 Safari/537.36	2026-01-24 12:29:30.965927	2026-01-24 12:29:30.965927	2026-01-31 12:29:30.965
c27d505d-aab7-4e15-b067-ad005456a7b4	654bb34d-fec4-458c-94bc-2223d885a6d7	ad9afdb7-a4a7-4053-82e1-2e27ea6e1b0b	180.195.78.106	Mozilla/5.0 (Windows NT 10.0; Win64; x64) AppleWebKit/537.36 (KHTML, like Gecko) Chrome/143.0.0.0 Safari/537.36	2026-01-24 12:35:35.727572	2026-01-24 12:35:35.727572	2026-01-31 12:35:35.727
9e9b3f12-ecb3-47ce-a4d9-bb99d2e15d95	73477102-f36b-448a-89d4-9dc3e93466f8	a19092e1-efb3-4654-a6f5-c6a2061a58fb	180.195.78.106	Mozilla/5.0 (Windows NT 10.0; Win64; x64) AppleWebKit/537.36 (KHTML, like Gecko) Chrome/143.0.0.0 Safari/537.36	2026-01-24 12:36:08.131453	2026-01-24 12:36:08.131453	2026-01-31 12:36:08.13
e67991ca-10bc-492f-83d6-12c57c1e252c	a57fd791-bef2-4881-baa9-bfbd1c8b799c	9c81a3ae-e1be-42ee-8d44-2a63026b06d3	180.195.78.106	Mozilla/5.0 (Windows NT 10.0; Win64; x64) AppleWebKit/537.36 (KHTML, like Gecko) Chrome/144.0.0.0 Safari/537.36	2026-01-24 15:50:26.700608	2026-01-24 15:50:26.700608	2026-01-31 15:50:26.7
8ef0b00a-d390-43e7-abe8-3f7be74353bb	654bb34d-fec4-458c-94bc-2223d885a6d7	0bd0e166-c81f-4e69-9a1e-635ca89dedee	180.195.78.106	Mozilla/5.0 (Windows NT 10.0; Win64; x64) AppleWebKit/537.36 (KHTML, like Gecko) Chrome/144.0.0.0 Safari/537.36	2026-01-24 15:53:34.12606	2026-01-24 15:53:34.12606	2026-01-31 15:53:34.124
84439838-c2f3-4b4f-a367-de419c928644	654bb34d-fec4-458c-94bc-2223d885a6d7	44ce501f-046f-43ee-bc31-2bf3340ec03f	180.195.78.106	Mozilla/5.0 (Windows NT 10.0; Win64; x64) AppleWebKit/537.36 (KHTML, like Gecko) Chrome/143.0.0.0 Safari/537.36	2026-01-24 19:19:38.908531	2026-01-24 19:19:38.908531	2026-01-31 19:19:38.908
890f2e5c-2ce6-4550-81e9-ed24c3ac27ea	a57fd791-bef2-4881-baa9-bfbd1c8b799c	a0e5226d-221d-425a-bcbc-fe743f8e4807	180.195.78.106	Mozilla/5.0 (Windows NT 10.0; Win64; x64) AppleWebKit/537.36 (KHTML, like Gecko) Chrome/143.0.0.0 Safari/537.36	2026-01-24 15:51:10.652453	2026-01-24 16:09:23.995748	2026-01-31 15:51:10.651
651140c4-468a-49fa-8b10-03f15ed1985b	a57fd791-bef2-4881-baa9-bfbd1c8b799c	9f7ec846-1491-48cd-8a69-d74cd532c926	180.195.78.106	Mozilla/5.0 (Windows NT 10.0; Win64; x64) AppleWebKit/537.36 (KHTML, like Gecko) Chrome/144.0.0.0 Safari/537.36	2026-01-24 15:50:41.560337	2026-01-24 16:10:22.940597	2026-01-31 15:50:41.559
a3cd637d-5d3a-4c09-a111-8f5006503aa0	1b76c49c-b8d7-4c10-84aa-6b2bfd1c3fbc	5803f6e5-70bc-4c72-98cd-20bdf37c48ab	180.195.78.106	Mozilla/5.0 (Windows NT 10.0; Win64; x64) AppleWebKit/537.36 (KHTML, like Gecko) Chrome/144.0.0.0 Safari/537.36	2026-01-25 05:39:20.415498	2026-01-25 05:39:20.415498	2026-02-01 05:39:20.414
103ab5ab-8b7d-4259-ae1c-3669d938b0b4	a57fd791-bef2-4881-baa9-bfbd1c8b799c	98374642-11cc-442e-8eca-44944f346dc7	180.195.78.106	Mozilla/5.0 (Windows NT 10.0; Win64; x64) AppleWebKit/537.36 (KHTML, like Gecko) Chrome/144.0.0.0 Safari/537.36	2026-01-25 03:05:24.600351	2026-01-25 03:36:09.908084	2026-02-01 03:05:24.599
7d1bec96-fc98-46e5-b71b-9e55e4c0051d	1b76c49c-b8d7-4c10-84aa-6b2bfd1c3fbc	15c444f9-58ff-434a-a207-9a6e6eee62d3	180.195.78.106	Mozilla/5.0 (Windows NT 10.0; Win64; x64) AppleWebKit/537.36 (KHTML, like Gecko) Chrome/143.0.0.0 Safari/537.36	2026-01-24 17:40:05.743438	2026-01-24 17:40:05.743438	2026-01-31 17:40:05.743
0a3643dd-bbae-4ea1-8aa8-69eb85cab413	1b76c49c-b8d7-4c10-84aa-6b2bfd1c3fbc	54b40901-e1ac-45c6-981b-0667dff66c5a	180.195.78.106	Mozilla/5.0 (Windows NT 10.0; Win64; x64) AppleWebKit/537.36 (KHTML, like Gecko) Chrome/143.0.0.0 Safari/537.36	2026-01-24 20:11:11.772884	2026-01-24 20:11:11.772884	2026-01-31 20:11:11.772
c258b189-e5b5-49c0-8881-08369145153d	1b76c49c-b8d7-4c10-84aa-6b2bfd1c3fbc	e4233e78-8111-4062-bb47-871072056be3	180.195.78.106	Mozilla/5.0 (Windows NT 10.0; Win64; x64) AppleWebKit/537.36 (KHTML, like Gecko) Chrome/143.0.0.0 Safari/537.36	2026-01-24 17:51:01.982058	2026-01-24 17:51:01.982058	2026-01-31 17:51:01.979
978412c2-9528-4aa9-8a2c-d29537c4bc77	1b76c49c-b8d7-4c10-84aa-6b2bfd1c3fbc	b0dbdac4-e0aa-4c82-af47-b8d6056a82a8	180.195.78.106	Mozilla/5.0 (Windows NT 10.0; Win64; x64) AppleWebKit/537.36 (KHTML, like Gecko) Chrome/143.0.0.0 Safari/537.36	2026-01-24 17:56:00.496751	2026-01-24 17:56:00.496751	2026-01-31 17:56:00.496
36cbc757-e188-45cb-a1f4-e984714a424d	a57fd791-bef2-4881-baa9-bfbd1c8b799c	0f1e8ad6-fdcb-43e2-89f3-67bb4535ae98	180.195.78.106	Mozilla/5.0 (Windows NT 10.0; Win64; x64) AppleWebKit/537.36 (KHTML, like Gecko) Chrome/143.0.0.0 Safari/537.36	2026-01-24 17:39:07.74905	2026-01-24 17:57:19.118206	2026-01-31 17:39:07.748
4fa2c045-1b48-4510-8911-9a69e6848dd3	1b76c49c-b8d7-4c10-84aa-6b2bfd1c3fbc	8533c0b9-3f50-4e44-a88f-7b53a70a09b9	180.195.78.106	Mozilla/5.0 (Windows NT 10.0; Win64; x64) AppleWebKit/537.36 (KHTML, like Gecko) Chrome/143.0.0.0 Safari/537.36	2026-01-24 18:16:15.745387	2026-01-24 18:16:15.745387	2026-01-31 18:16:15.744
7b36617a-425a-42b2-9d26-8b2b8a6cbd74	36b86e7e-7668-49dc-8dd6-6610ce092a73	39ce9a6a-5c4b-4547-954f-8ac1047e619f	180.195.71.172	Mozilla/5.0 (Windows NT 10.0; Win64; x64) AppleWebKit/537.36 (KHTML, like Gecko) Chrome/144.0.0.0 Safari/537.36	2026-01-25 05:41:34.809605	2026-01-25 05:41:34.809605	2026-02-01 05:41:34.809
1e31d836-c988-4366-8fb8-59025f2c10ee	1b76c49c-b8d7-4c10-84aa-6b2bfd1c3fbc	d9c5c9d2-d996-45d7-bc3c-7f626eb5e873	180.195.78.106	Mozilla/5.0 (Windows NT 10.0; Win64; x64) AppleWebKit/537.36 (KHTML, like Gecko) Chrome/143.0.0.0 Safari/537.36	2026-01-24 18:26:56.755731	2026-01-24 18:36:00.019377	2026-01-31 18:26:56.755
18249521-753e-45d3-88ad-dd6492b46d4a	1b76c49c-b8d7-4c10-84aa-6b2bfd1c3fbc	842262ee-84c7-43bb-ba72-1b0bb8cdb73f	180.195.78.106	Mozilla/5.0 (Windows NT 10.0; Win64; x64) AppleWebKit/537.36 (KHTML, like Gecko) Chrome/143.0.0.0 Safari/537.36	2026-01-24 20:21:35.850214	2026-01-24 20:21:35.850214	2026-01-31 20:21:35.849
a96edeaf-d5b0-4275-be40-0b69551a63d3	1b76c49c-b8d7-4c10-84aa-6b2bfd1c3fbc	31090883-5ce0-41cf-8fb7-69cd1e5ea22d	180.195.78.106	Mozilla/5.0 (Windows NT 10.0; Win64; x64) AppleWebKit/537.36 (KHTML, like Gecko) Chrome/144.0.0.0 Safari/537.36	2026-01-25 03:45:11.09077	2026-01-25 03:45:11.09077	2026-02-01 03:45:11.089
eb0bf315-774e-4b2d-95b9-c8d19e94704d	654bb34d-fec4-458c-94bc-2223d885a6d7	e2b6dd9d-bb21-40d8-9c69-41babb618e5e	180.195.78.106	Mozilla/5.0 (Windows NT 10.0; Win64; x64) AppleWebKit/537.36 (KHTML, like Gecko) Chrome/144.0.0.0 Safari/537.36	2026-01-25 03:46:05.793345	2026-01-25 03:46:05.793345	2026-02-01 03:46:05.792
f32038a4-745e-44b8-a116-44fc0397d424	1b76c49c-b8d7-4c10-84aa-6b2bfd1c3fbc	3f4d3dbd-a3d5-4fd2-a250-4300c951507e	180.195.78.106	Mozilla/5.0 (Windows NT 10.0; Win64; x64) AppleWebKit/537.36 (KHTML, like Gecko) Chrome/143.0.0.0 Safari/537.36	2026-01-24 18:56:02.506784	2026-01-24 19:14:04.102857	2026-01-31 18:56:02.506
37c1b5de-db09-4a9b-a231-1b78499b3e6b	a57fd791-bef2-4881-baa9-bfbd1c8b799c	0d8839bf-87aa-4fe1-9f6f-4a0c20e8f8f5	180.195.78.106	Mozilla/5.0 (Windows NT 10.0; Win64; x64) AppleWebKit/537.36 (KHTML, like Gecko) Chrome/143.0.0.0 Safari/537.36	2026-01-24 19:20:22.222856	2026-01-24 20:51:29.589464	2026-01-31 19:20:22.222
b88fbb24-0224-4b33-b897-219b8cad4e54	1b76c49c-b8d7-4c10-84aa-6b2bfd1c3fbc	77d66822-5654-414b-86de-647c493724a9	180.195.78.106	Mozilla/5.0 (Windows NT 10.0; Win64; x64) AppleWebKit/537.36 (KHTML, like Gecko) Chrome/144.0.0.0 Safari/537.36	2026-01-25 02:57:44.917817	2026-01-25 02:57:44.917817	2026-02-01 02:57:44.917
d00edc44-0a18-4f8f-a728-06fab49ab4d5	1b76c49c-b8d7-4c10-84aa-6b2bfd1c3fbc	2f8c7204-801b-4c4f-a47f-e14bd3beeb2f	180.195.78.106	Mozilla/5.0 (Windows NT 10.0; Win64; x64) AppleWebKit/537.36 (KHTML, like Gecko) Chrome/144.0.0.0 Safari/537.36	2026-01-25 02:57:53.167356	2026-01-25 02:57:53.167356	2026-02-01 02:57:53.166
f5510b66-59bb-4c48-9967-d0477112cfeb	654bb34d-fec4-458c-94bc-2223d885a6d7	a66b0837-f602-4538-a6c7-37b94117ef94	180.195.78.106	Mozilla/5.0 (Windows NT 10.0; Win64; x64) AppleWebKit/537.36 (KHTML, like Gecko) Chrome/144.0.0.0 Safari/537.36	2026-01-25 03:04:30.793992	2026-01-25 03:04:30.793992	2026-02-01 03:04:30.793
da23214a-3d4a-4c5e-a2d8-94d2481efe61	a57fd791-bef2-4881-baa9-bfbd1c8b799c	0a796026-e040-4db1-84c8-7946b12becb4	180.195.71.172	Mozilla/5.0 (Windows NT 10.0; Win64; x64) AppleWebKit/537.36 (KHTML, like Gecko) Chrome/144.0.0.0 Safari/537.36	2026-01-25 05:42:16.607578	2026-01-25 05:42:16.607578	2026-02-01 05:42:16.607
23eb684e-1b09-490a-9079-6582885bc21f	654bb34d-fec4-458c-94bc-2223d885a6d7	b48eec92-6757-420e-ac17-598ba8009d5f	180.195.78.106	Mozilla/5.0 (Windows NT 10.0; Win64; x64) AppleWebKit/537.36 (KHTML, like Gecko) Chrome/144.0.0.0 Safari/537.36	2026-01-25 03:18:44.301372	2026-01-25 03:18:44.301372	2026-02-01 03:18:44.3
8998b7fb-b235-4ee8-bd4d-736f9c091cb7	1b76c49c-b8d7-4c10-84aa-6b2bfd1c3fbc	ab1cec6a-27ee-48c6-aaf8-e6b744c2e388	180.195.78.106	Mozilla/5.0 (Windows NT 10.0; Win64; x64) AppleWebKit/537.36 (KHTML, like Gecko) Chrome/144.0.0.0 Safari/537.36	2026-01-25 04:48:14.559543	2026-01-25 04:48:14.559543	2026-02-01 04:48:14.559
b04694f8-44c2-4c51-a041-0fa03d05eb5c	1b76c49c-b8d7-4c10-84aa-6b2bfd1c3fbc	e0559a59-72bf-46ce-83d7-ef4ae1c32d05	180.195.78.106	Mozilla/5.0 (Windows NT 10.0; Win64; x64) AppleWebKit/537.36 (KHTML, like Gecko) Chrome/144.0.0.0 Safari/537.36	2026-01-25 03:55:33.591057	2026-01-25 03:55:33.591057	2026-02-01 03:55:33.59
1a4a7658-5416-4b90-85d8-f51b79d7d242	a57fd791-bef2-4881-baa9-bfbd1c8b799c	ff055a58-418a-4229-aa2a-f8f4209e85b8	180.195.78.106	Mozilla/5.0 (Windows NT 10.0; Win64; x64) AppleWebKit/537.36 (KHTML, like Gecko) Chrome/144.0.0.0 Safari/537.36	2026-01-25 07:30:05.18168	2026-01-25 07:30:05.18168	2026-02-01 07:30:05.181
a3724227-e0eb-4d92-a4a9-505b0c784740	36b86e7e-7668-49dc-8dd6-6610ce092a73	0edb5ba2-668d-4198-8a4c-732df39587ec	180.195.71.172	Mozilla/5.0 (Windows NT 10.0; Win64; x64) AppleWebKit/537.36 (KHTML, like Gecko) Chrome/144.0.0.0 Safari/537.36	2026-01-25 08:04:31.614842	2026-01-25 08:04:31.614842	2026-02-01 08:04:31.614
d5672d61-3a58-4c67-a3ca-2b9c5dd7f7fa	36b86e7e-7668-49dc-8dd6-6610ce092a73	c9eec055-d5bc-4f68-8168-fe1f64a42034	180.195.71.172	Mozilla/5.0 (Windows NT 10.0; Win64; x64) AppleWebKit/537.36 (KHTML, like Gecko) Chrome/144.0.0.0 Safari/537.36	2026-01-25 03:39:40.180712	2026-01-25 04:08:42.350888	2026-02-01 03:39:40.18
f885799a-78ef-459e-9a7c-19979483c545	a57fd791-bef2-4881-baa9-bfbd1c8b799c	c1fc504e-fda9-408e-92ae-1a8bb232e613	180.195.78.106	Mozilla/5.0 (Windows NT 10.0; Win64; x64) AppleWebKit/537.36 (KHTML, like Gecko) Chrome/144.0.0.0 Safari/537.36	2026-01-25 07:36:02.9069	2026-01-25 07:36:02.9069	2026-02-01 07:36:02.906
a68bf0cd-965e-46b4-8cfd-f025c307741b	1b76c49c-b8d7-4c10-84aa-6b2bfd1c3fbc	0740af03-3739-4980-850d-e475a5559ba7	180.195.78.106	Mozilla/5.0 (Windows NT 10.0; Win64; x64) AppleWebKit/537.36 (KHTML, like Gecko) Chrome/144.0.0.0 Safari/537.36	2026-01-25 08:05:17.274672	2026-01-25 08:05:17.274672	2026-02-01 08:05:17.274
04159743-79fa-4cde-b51c-797de3b2f88a	a57fd791-bef2-4881-baa9-bfbd1c8b799c	1d6098ef-785c-4f9c-b42e-d9803f33abfb	14.1.64.2	Mozilla/5.0 (Windows NT 10.0; Win64; x64) AppleWebKit/537.36 (KHTML, like Gecko) Chrome/144.0.0.0 Safari/537.36	2026-01-25 08:13:22.678486	2026-01-25 10:31:51.998684	2026-02-01 08:13:22.677
c4e7bdea-e536-47fd-b6d9-1cec0fd2f3ce	5a672d9b-dabc-4778-b380-7587dadab040	fbb72ed6-43d8-4463-9f9a-5112e06d1ebe	14.1.64.2	Mozilla/5.0 (Windows NT 10.0; Win64; x64) AppleWebKit/537.36 (KHTML, like Gecko) Chrome/144.0.0.0 Safari/537.36	2026-01-25 08:24:17.575339	2026-01-25 08:24:17.575339	2026-02-01 08:24:17.574
a635e11f-7455-4c0c-9408-91884e5db542	5a672d9b-dabc-4778-b380-7587dadab040	8c9f6307-bebc-42fc-9990-c8e5ee424eb4	14.1.64.2	Mozilla/5.0 (Windows NT 10.0; Win64; x64) AppleWebKit/537.36 (KHTML, like Gecko) Chrome/144.0.0.0 Safari/537.36	2026-01-25 08:12:16.403523	2026-01-25 08:12:16.403523	2026-02-01 08:12:16.403
f7d31d4f-f7e1-439d-9fb4-4f586f53eec6	a57fd791-bef2-4881-baa9-bfbd1c8b799c	3b8f12b5-3a70-407a-8c95-91a1a7830227	180.195.78.106	Mozilla/5.0 (Windows NT 10.0; Win64; x64) AppleWebKit/537.36 (KHTML, like Gecko) Chrome/144.0.0.0 Safari/537.36	2026-01-25 04:20:13.413218	2026-01-25 08:28:29.153779	2026-02-01 04:20:13.412
6eacbd3b-7196-4c15-9096-f608676d1593	36b86e7e-7668-49dc-8dd6-6610ce092a73	1c3c138c-ad43-4bab-a507-d11e04cbc475	180.195.71.172	Mozilla/5.0 (Windows NT 10.0; Win64; x64) AppleWebKit/537.36 (KHTML, like Gecko) Chrome/144.0.0.0 Safari/537.36	2026-01-25 08:39:57.891951	2026-01-25 08:39:57.891951	2026-02-01 08:39:57.891
96b8caa1-5e6e-425f-b106-78ff172d3c9c	654bb34d-fec4-458c-94bc-2223d885a6d7	259f6935-5107-43e2-9388-3672d82dbbcc	180.195.71.172	Mozilla/5.0 (Windows NT 10.0; Win64; x64) AppleWebKit/537.36 (KHTML, like Gecko) Chrome/144.0.0.0 Safari/537.36	2026-01-25 08:40:22.801435	2026-01-25 08:40:22.801435	2026-02-01 08:40:22.8
5113ed26-4ead-46f7-b763-7150bc293052	36b86e7e-7668-49dc-8dd6-6610ce092a73	e6000ebf-5b38-4ec8-9ecd-ed05788a838f	180.195.71.172	Mozilla/5.0 (Windows NT 10.0; Win64; x64) AppleWebKit/537.36 (KHTML, like Gecko) Chrome/144.0.0.0 Safari/537.36	2026-01-25 08:42:46.795759	2026-01-25 08:42:46.795759	2026-02-01 08:42:46.795
f0bf1401-3922-48fd-8c46-4bbf3777f917	1b76c49c-b8d7-4c10-84aa-6b2bfd1c3fbc	e84a8404-b285-40a5-9235-5dd62436fdd6	14.1.64.2	Mozilla/5.0 (Windows NT 10.0; Win64; x64) AppleWebKit/537.36 (KHTML, like Gecko) Chrome/144.0.0.0 Safari/537.36	2026-01-25 08:44:26.731555	2026-01-25 08:44:26.731555	2026-02-01 08:44:26.731
30ef3e92-db10-48fe-b3f3-1e40f2077f65	1b76c49c-b8d7-4c10-84aa-6b2bfd1c3fbc	86fc933c-2040-45d8-823e-558cd82e85d3	180.195.78.106	Mozilla/5.0 (Windows NT 10.0; Win64; x64) AppleWebKit/537.36 (KHTML, like Gecko) Chrome/144.0.0.0 Safari/537.36	2026-01-25 08:46:54.222551	2026-01-25 08:46:54.222551	2026-02-01 08:46:54.222
d618e1b1-cd9c-4ffc-8af8-afdba6f4d3b0	a57fd791-bef2-4881-baa9-bfbd1c8b799c	ed71afda-b17e-49e1-881f-e24e950e2fcb	180.195.71.172	Mozilla/5.0 (Windows NT 10.0; Win64; x64) AppleWebKit/537.36 (KHTML, like Gecko) Chrome/144.0.0.0 Safari/537.36	2026-01-25 08:36:08.329492	2026-01-25 13:31:14.194014	2026-02-01 08:36:08.328
49aae6d6-81f3-4264-a9e1-23815ab29f82	1b76c49c-b8d7-4c10-84aa-6b2bfd1c3fbc	c404135d-0ba9-4dfb-81ee-ffdb2525c35c	180.195.78.106	Mozilla/5.0 (Windows NT 10.0; Win64; x64) AppleWebKit/537.36 (KHTML, like Gecko) Chrome/144.0.0.0 Safari/537.36	2026-01-25 09:00:32.087464	2026-01-25 09:00:32.087464	2026-02-01 09:00:32.085
c300b0f6-e912-413c-9e36-ead9bca38c4f	36b86e7e-7668-49dc-8dd6-6610ce092a73	9a5eea10-7d25-4b3f-b002-d059633ae9ce	180.195.78.106	Mozilla/5.0 (Windows NT 10.0; Win64; x64) AppleWebKit/537.36 (KHTML, like Gecko) Chrome/144.0.0.0 Safari/537.36	2026-01-25 14:30:39.301836	2026-01-25 14:30:39.301836	2026-02-01 14:30:39.301
4092d3de-4653-4336-afbc-2adf32d4a009	1b76c49c-b8d7-4c10-84aa-6b2bfd1c3fbc	92972c9f-ef47-44c8-8aea-61025883a696	14.1.64.2	Mozilla/5.0 (Windows NT 10.0; Win64; x64) AppleWebKit/537.36 (KHTML, like Gecko) Chrome/144.0.0.0 Safari/537.36 Edg/144.0.0.0	2026-01-25 09:06:33.497829	2026-01-25 09:06:33.497829	2026-02-01 09:06:33.497
d1be8fd8-44af-4b9b-8244-9026e85ea976	a57fd791-bef2-4881-baa9-bfbd1c8b799c	a54ed227-8e39-417b-ae9b-cbf39e640856	180.195.78.106	Mozilla/5.0 (Windows NT 10.0; Win64; x64) AppleWebKit/537.36 (KHTML, like Gecko) Chrome/144.0.0.0 Safari/537.36	2026-01-25 10:31:15.28258	2026-01-25 10:31:15.28258	2026-02-01 10:31:15.282
71effe99-3b89-4243-bde0-04fb177e32a9	1b76c49c-b8d7-4c10-84aa-6b2bfd1c3fbc	5bea047b-9ac4-49f8-a309-d3146ae344a7	14.1.64.2	Mozilla/5.0 (Windows NT 10.0; Win64; x64) AppleWebKit/537.36 (KHTML, like Gecko) Chrome/144.0.0.0 Safari/537.36 Edg/144.0.0.0	2026-01-25 09:17:47.59696	2026-01-25 09:17:47.59696	2026-02-01 09:17:47.596
d0564dca-f6b6-411a-bdc0-8532822336b3	1b76c49c-b8d7-4c10-84aa-6b2bfd1c3fbc	6fb480bf-9e6e-4080-98c8-040f27aec2db	180.195.78.106	Mozilla/5.0 (Windows NT 10.0; Win64; x64) AppleWebKit/537.36 (KHTML, like Gecko) Chrome/144.0.0.0 Safari/537.36	2026-01-25 12:12:32.368046	2026-01-25 12:12:32.368046	2026-02-01 12:12:32.367
b040b8d9-f30f-428b-a6c9-3c56fac9e426	5a672d9b-dabc-4778-b380-7587dadab040	02d0886f-f122-4e8c-bde0-037eb89090d0	14.1.64.2	Mozilla/5.0 (Windows NT 10.0; Win64; x64) AppleWebKit/537.36 (KHTML, like Gecko) Chrome/144.0.0.0 Safari/537.36 Edg/144.0.0.0	2026-01-25 09:19:34.491903	2026-01-25 09:19:34.491903	2026-02-01 09:19:34.491
ac59ff9d-7851-4ef2-a6f1-126d3a5d6e7c	a57fd791-bef2-4881-baa9-bfbd1c8b799c	1a1a86df-8ef6-4c8c-935b-3d987bb5f9b4	180.195.78.106	Mozilla/5.0 (Windows NT 10.0; Win64; x64) AppleWebKit/537.36 (KHTML, like Gecko) Chrome/144.0.0.0 Safari/537.36	2026-01-25 10:42:29.461703	2026-01-25 10:42:29.461703	2026-02-01 10:42:29.461
d9ea5b86-f4bb-4c81-bf3e-bc9fb59e839a	36b86e7e-7668-49dc-8dd6-6610ce092a73	3648923f-a96d-4520-8754-ce617b363dbe	14.1.64.2	Mozilla/5.0 (Windows NT 10.0; Win64; x64) AppleWebKit/537.36 (KHTML, like Gecko) Chrome/144.0.0.0 Safari/537.36 Edg/144.0.0.0	2026-01-25 09:30:15.746015	2026-01-25 09:30:15.746015	2026-02-01 09:30:15.745
e94852d6-b700-45e6-947e-e47a7529ca92	1b76c49c-b8d7-4c10-84aa-6b2bfd1c3fbc	bcbafe1b-3498-4856-9037-b7cb4c8e4c85	180.195.78.106	Mozilla/5.0 (Windows NT 10.0; Win64; x64) AppleWebKit/537.36 (KHTML, like Gecko) Chrome/144.0.0.0 Safari/537.36	2026-01-25 09:14:36.420992	2026-01-25 09:33:09.384704	2026-02-01 09:14:36.42
efce5571-a18a-43af-a698-d70b73c21b21	1b76c49c-b8d7-4c10-84aa-6b2bfd1c3fbc	bcfd360d-4ea5-4a4e-89e2-ecc44487058a	180.195.78.106	Mozilla/5.0 (Windows NT 10.0; Win64; x64) AppleWebKit/537.36 (KHTML, like Gecko) Chrome/144.0.0.0 Safari/537.36	2026-01-25 14:31:04.119754	2026-01-25 21:45:15.498595	2026-02-01 14:31:04.118
01cf8ca1-156c-433a-9bfc-80f230aa3039	36b86e7e-7668-49dc-8dd6-6610ce092a73	a6aeba46-b550-4707-81fd-afb3389e2126	14.1.64.2	Mozilla/5.0 (Windows NT 10.0; Win64; x64) AppleWebKit/537.36 (KHTML, like Gecko) Chrome/144.0.0.0 Safari/537.36 Edg/144.0.0.0	2026-01-25 09:42:13.914007	2026-01-25 09:42:13.914007	2026-02-01 09:42:13.913
babf356f-c656-415b-943d-8c85689b55d3	a57fd791-bef2-4881-baa9-bfbd1c8b799c	5012cb79-da57-43f2-a7a4-3ec53ab3c0ae	180.195.78.106	Mozilla/5.0 (Windows NT 10.0; Win64; x64) AppleWebKit/537.36 (KHTML, like Gecko) Chrome/144.0.0.0 Safari/537.36	2026-01-25 09:54:18.33566	2026-01-25 09:54:18.33566	2026-02-01 09:54:18.335
6cac37d8-47ad-42d2-9ee2-868dad2e015b	1b76c49c-b8d7-4c10-84aa-6b2bfd1c3fbc	49202628-5772-43e6-a55f-a11b74c8f9b2	180.195.78.106	Mozilla/5.0 (Windows NT 10.0; Win64; x64) AppleWebKit/537.36 (KHTML, like Gecko) Chrome/144.0.0.0 Safari/537.36	2026-01-25 11:00:14.737212	2026-01-25 11:00:14.737212	2026-02-01 11:00:14.736
764d820e-e00a-48c3-af72-548b33fe467a	1b76c49c-b8d7-4c10-84aa-6b2bfd1c3fbc	9e6a9d27-624f-4081-9a32-40b756c84c36	180.195.78.106	Mozilla/5.0 (Windows NT 10.0; Win64; x64) AppleWebKit/537.36 (KHTML, like Gecko) Chrome/144.0.0.0 Safari/537.36	2026-01-25 10:03:21.521924	2026-01-25 10:03:21.521924	2026-02-01 10:03:21.521
3aaf0357-dc88-4c25-a5ab-a6fde2d91be5	1b76c49c-b8d7-4c10-84aa-6b2bfd1c3fbc	1c8198bb-231c-4dc1-b76f-2c7cf315ec7d	180.195.78.106	Mozilla/5.0 (Windows NT 10.0; Win64; x64) AppleWebKit/537.36 (KHTML, like Gecko) Chrome/144.0.0.0 Safari/537.36	2026-01-25 12:34:20.189487	2026-01-25 12:34:20.189487	2026-02-01 12:34:20.189
6d051c90-a831-4903-904f-ee2cccd3845f	a57fd791-bef2-4881-baa9-bfbd1c8b799c	a99e6dfd-a7a7-44dc-adcc-8e39d80a330e	180.195.78.106	Mozilla/5.0 (Windows NT 10.0; Win64; x64) AppleWebKit/537.36 (KHTML, like Gecko) Chrome/144.0.0.0 Safari/537.36	2026-01-25 10:11:52.894786	2026-01-25 10:11:52.894786	2026-02-01 10:11:52.894
4b1ec464-f58a-44bb-a1d2-618558c3655e	654bb34d-fec4-458c-94bc-2223d885a6d7	e2705f24-a998-4124-8642-0f68981ace80	180.195.78.106	Mozilla/5.0 (Windows NT 10.0; Win64; x64) AppleWebKit/537.36 (KHTML, like Gecko) Chrome/144.0.0.0 Safari/537.36	2026-01-25 10:13:32.229442	2026-01-25 10:13:32.229442	2026-02-01 10:13:32.229
6432deaa-e15b-4c46-b398-0516f92c8a38	a57fd791-bef2-4881-baa9-bfbd1c8b799c	69ca0d8f-f919-43e6-9578-85e527d81589	180.195.78.106	Mozilla/5.0 (Windows NT 10.0; Win64; x64) AppleWebKit/537.36 (KHTML, like Gecko) Chrome/144.0.0.0 Safari/537.36	2026-01-25 10:14:02.166682	2026-01-25 10:14:02.166682	2026-02-01 10:14:02.166
77476f06-1c8e-433e-be0e-be5173f14013	36b86e7e-7668-49dc-8dd6-6610ce092a73	237c1446-46ab-43cf-a2dd-31ed3871763f	175.176.60.5	Mozilla/5.0 (Windows NT 10.0; Win64; x64) AppleWebKit/537.36 (KHTML, like Gecko) Chrome/144.0.0.0 Safari/537.36	2026-01-26 07:38:08.9506	2026-01-26 07:38:08.9506	2026-02-02 07:38:08.95
6ea732e7-b5e9-4771-b5b3-a9f21c03e45e	654bb34d-fec4-458c-94bc-2223d885a6d7	55c30f8a-faa7-439e-b2e4-0e7d1b8a068c	175.176.60.5	Mozilla/5.0 (Windows NT 10.0; Win64; x64) AppleWebKit/537.36 (KHTML, like Gecko) Chrome/144.0.0.0 Safari/537.36	2026-01-26 07:32:25.749269	2026-01-26 07:32:25.749269	2026-02-02 07:32:25.748
88dd82f0-1e8c-4802-9eb9-604a62dcb3a9	a57fd791-bef2-4881-baa9-bfbd1c8b799c	1dcb3426-6850-444f-9671-02bc772aaa2b	175.176.60.5	Mozilla/5.0 (Windows NT 10.0; Win64; x64) AppleWebKit/537.36 (KHTML, like Gecko) Chrome/144.0.0.0 Safari/537.36	2026-01-26 06:46:12.323111	2026-01-26 07:24:12.994156	2026-02-02 06:46:12.322
1f3308d2-c25c-4a60-b9f2-abaaefd5454a	1b76c49c-b8d7-4c10-84aa-6b2bfd1c3fbc	e0cbb508-b390-4ed4-bcd8-34e64bb1c2db	175.176.60.5	Mozilla/5.0 (Windows NT 10.0; Win64; x64) AppleWebKit/537.36 (KHTML, like Gecko) Chrome/144.0.0.0 Safari/537.36	2026-01-26 07:48:02.002781	2026-01-26 07:57:13.139143	2026-02-02 07:48:02.002
a5bbefe4-1e28-4d91-9b04-32887d636503	36b86e7e-7668-49dc-8dd6-6610ce092a73	2c474f2f-b82d-4968-8f04-96947bb5d315	175.176.60.5	Mozilla/5.0 (Windows NT 10.0; Win64; x64) AppleWebKit/537.36 (KHTML, like Gecko) Chrome/144.0.0.0 Safari/537.36	2026-01-26 07:44:58.619689	2026-01-26 07:44:58.619689	2026-02-02 07:44:58.619
4ef22f08-6116-44df-a17c-9320f7901aa0	36b86e7e-7668-49dc-8dd6-6610ce092a73	342557d8-3693-4434-8baa-df57905a5d68	131.226.106.82	Mozilla/5.0 (Windows NT 10.0; Win64; x64) AppleWebKit/537.36 (KHTML, like Gecko) Chrome/144.0.0.0 Safari/537.36	2026-01-26 06:47:34.726894	2026-01-26 08:08:53.218205	2026-02-02 06:47:34.726
7b8c6081-8098-4348-8183-91546e130e42	a57fd791-bef2-4881-baa9-bfbd1c8b799c	0b006b68-2a45-4b67-8586-43907e964f36	175.176.60.5	Mozilla/5.0 (Windows NT 10.0; Win64; x64) AppleWebKit/537.36 (KHTML, like Gecko) Chrome/144.0.0.0 Safari/537.36	2026-01-26 07:46:06.107598	2026-01-26 07:46:06.107598	2026-02-02 07:46:06.106
08519b7b-ebd2-445a-bfc0-86fff282bf50	a57fd791-bef2-4881-baa9-bfbd1c8b799c	af1f2756-2141-47d7-ac9e-3a078102bf0c	131.226.106.82	Mozilla/5.0 (Windows NT 10.0; Win64; x64) AppleWebKit/537.36 (KHTML, like Gecko) Chrome/144.0.0.0 Safari/537.36	2026-01-26 07:29:23.27566	2026-01-26 08:09:48.828016	2026-02-02 07:29:23.275
6d226a1b-e4ed-45ca-b114-b7f4fb89c24d	a57fd791-bef2-4881-baa9-bfbd1c8b799c	56283fe5-d982-4c4b-9e14-82e8ec25ca2c	175.176.60.5	Mozilla/5.0 (Windows NT 10.0; Win64; x64) AppleWebKit/537.36 (KHTML, like Gecko) Chrome/144.0.0.0 Safari/537.36	2026-01-26 07:40:53.328042	2026-01-26 07:58:53.738789	2026-02-02 07:40:53.327
22dba2a9-a6c5-45bb-ad79-4d3e3cc6cac4	a57fd791-bef2-4881-baa9-bfbd1c8b799c	c5fbfcd8-671e-4374-8966-18e8b71bca41	180.195.68.12	Mozilla/5.0 (Windows NT 10.0; Win64; x64) AppleWebKit/537.36 (KHTML, like Gecko) Chrome/144.0.0.0 Safari/537.36	2026-01-26 10:19:09.774489	2026-01-26 10:28:11.775844	2026-02-02 10:19:09.773
ef9c8d79-045a-485b-b029-b20e25063614	1b76c49c-b8d7-4c10-84aa-6b2bfd1c3fbc	86d2d705-1d3e-4998-b981-9ccda41cceda	180.195.68.12	Mozilla/5.0 (Windows NT 10.0; Win64; x64) AppleWebKit/537.36 (KHTML, like Gecko) Chrome/144.0.0.0 Safari/537.36	2026-01-26 12:04:10.608797	2026-01-26 12:04:10.608797	2026-02-02 12:04:10.608
991db677-2140-4375-af05-2ce395aa454c	1b76c49c-b8d7-4c10-84aa-6b2bfd1c3fbc	0b81fc14-f5d5-42ba-a5e4-5657a7ea2a80	180.195.68.12	Mozilla/5.0 (Windows NT 10.0; Win64; x64) AppleWebKit/537.36 (KHTML, like Gecko) Chrome/144.0.0.0 Safari/537.36	2026-01-26 12:04:27.785501	2026-01-26 12:50:18.450091	2026-02-02 12:04:27.785
df80be0c-7a9f-4d7b-ac72-2149aafe0f33	a57fd791-bef2-4881-baa9-bfbd1c8b799c	b908521c-ee34-4986-8cba-f231e3bd8e70	180.195.68.12	Mozilla/5.0 (Windows NT 10.0; Win64; x64) AppleWebKit/537.36 (KHTML, like Gecko) Chrome/144.0.0.0 Safari/537.36	2026-01-26 14:02:48.291993	2026-01-26 14:02:48.291993	2026-02-02 14:02:48.291
\.


--
-- TOC entry 3856 (class 0 OID 16827)
-- Dependencies: 231
-- Data for Name: officer_activity_log; Type: TABLE DATA; Schema: public; Owner: lto_user
--

COPY public.officer_activity_log (id, officer_id, activity_type, entity_type, entity_id, action, duration_seconds, notes, ip_address, user_agent, session_id, metadata, created_at) FROM stdin;
955f26e4-b6e5-4d96-829d-c61dba952052	1b76c49c-b8d7-4c10-84aa-6b2bfd1c3fbc	unauthorized_access	system	\N	denied	\N	Attempted to access /stats without required role: admin or lto_admin	180.195.78.106	Mozilla/5.0 (Windows NT 10.0; Win64; x64) AppleWebKit/537.36 (KHTML, like Gecko) Chrome/143.0.0.0 Safari/537.36	\N	{}	2026-01-24 10:38:10.384054
33044a55-d159-4a7c-b6e6-9132348ec1f0	1b76c49c-b8d7-4c10-84aa-6b2bfd1c3fbc	unauthorized_access	system	\N	denied	\N	Attempted to access /requests/stats without required role: admin or lto_admin	180.195.78.106	Mozilla/5.0 (Windows NT 10.0; Win64; x64) AppleWebKit/537.36 (KHTML, like Gecko) Chrome/143.0.0.0 Safari/537.36	\N	{}	2026-01-24 10:38:10.391293
b1d1b24e-7ac3-402b-95be-73a3f4f8700a	1b76c49c-b8d7-4c10-84aa-6b2bfd1c3fbc	unauthorized_access	system	\N	denied	\N	Attempted to access /stats without required role: admin or lto_admin	180.195.78.106	Mozilla/5.0 (Windows NT 10.0; Win64; x64) AppleWebKit/537.36 (KHTML, like Gecko) Chrome/143.0.0.0 Safari/537.36	\N	{}	2026-01-24 10:38:10.504687
7d7e5996-a50a-40c8-8c17-c6d8fa5b4975	1b76c49c-b8d7-4c10-84aa-6b2bfd1c3fbc	unauthorized_access	system	\N	denied	\N	Attempted to access /requests/stats without required role: admin or lto_admin	180.195.78.106	Mozilla/5.0 (Windows NT 10.0; Win64; x64) AppleWebKit/537.36 (KHTML, like Gecko) Chrome/143.0.0.0 Safari/537.36	\N	{}	2026-01-24 10:38:10.509988
d0f1e752-c49d-4733-9b3f-93dd5cd1f0cd	654bb34d-fec4-458c-94bc-2223d885a6d7	registration	vehicle	6dd179cd-2f50-4833-82ed-003f34fa817d	HPG_AUTO_VERIFY	\N	HPG auto-verification completed. Confidence: 100%. Recommendation: AUTO_APPROVE	\N	\N	\N	{"transaction_id": null, "vehicle_history_id": "c89c79ba-b3b5-41cb-8654-476986704a82"}	2026-01-24 19:19:54.308096
b9a7d5c0-d8f6-48c7-bdbe-b5b34147750a	654bb34d-fec4-458c-94bc-2223d885a6d7	registration	vehicle	6dd179cd-2f50-4833-82ed-003f34fa817d	HPG_VERIFICATION_APPROVED	\N	HPG verification approved by hpg@hpg.gov.ph. 	\N	\N	\N	{"transaction_id": null, "vehicle_history_id": "483241d5-a788-4183-84cb-ef7cad6c6456"}	2026-01-24 19:20:06.491648
f0e9aa1e-51e5-4fb9-a62a-7e30eaa6518d	a57fd791-bef2-4881-baa9-bfbd1c8b799c	registration	vehicle	6dd179cd-2f50-4833-82ed-003f34fa817d	BLOCKCHAIN_REGISTERED	\N	Vehicle registered on Hyperledger Fabric. TX: eeeb1b1a19bb831061adce655bf93c2ff17f8e00390e0e92722aff973c786e8b	\N	\N	\N	{"transaction_id": "eeeb1b1a19bb831061adce655bf93c2ff17f8e00390e0e92722aff973c786e8b", "vehicle_history_id": "c539b524-7964-4671-9101-7b1a53153fda"}	2026-01-24 19:21:26.399043
7da081c7-ad98-440c-bfaa-13fe0c7c9db1	a57fd791-bef2-4881-baa9-bfbd1c8b799c	registration	vehicle	6dd179cd-2f50-4833-82ed-003f34fa817d	CLEARANCE_APPROVED	\N	Clearance approved by admin@lto.gov.ph. OR: OR-2026-000001, CR: CR-2026-000001. Application approved by admin	\N	\N	\N	{"transaction_id": "eeeb1b1a19bb831061adce655bf93c2ff17f8e00390e0e92722aff973c786e8b", "vehicle_history_id": "ffc78ac5-2043-4826-a07f-10faa50a01bf"}	2026-01-24 19:21:27.176891
1efd8d07-76cc-4d16-973c-c0a31ce98c43	1b76c49c-b8d7-4c10-84aa-6b2bfd1c3fbc	unauthorized_access	system	\N	denied	\N	Attempted to access /stats without required role: admin or lto_admin	180.195.78.106	Mozilla/5.0 (Windows NT 10.0; Win64; x64) AppleWebKit/537.36 (KHTML, like Gecko) Chrome/144.0.0.0 Safari/537.36	\N	{}	2026-01-25 02:57:46.574309
4290d967-9a29-444f-8942-dea04218cc55	1b76c49c-b8d7-4c10-84aa-6b2bfd1c3fbc	unauthorized_access	system	\N	denied	\N	Attempted to access /requests/stats without required role: admin or lto_admin	180.195.78.106	Mozilla/5.0 (Windows NT 10.0; Win64; x64) AppleWebKit/537.36 (KHTML, like Gecko) Chrome/144.0.0.0 Safari/537.36	\N	{}	2026-01-25 02:57:46.605164
b6372e0a-c62d-4711-a1ee-2b512882f1b6	1b76c49c-b8d7-4c10-84aa-6b2bfd1c3fbc	unauthorized_access	system	\N	denied	\N	Attempted to access /stats without required role: admin or lto_admin	180.195.78.106	Mozilla/5.0 (Windows NT 10.0; Win64; x64) AppleWebKit/537.36 (KHTML, like Gecko) Chrome/144.0.0.0 Safari/537.36	\N	{}	2026-01-25 02:57:46.700243
ee7bcf8c-9317-469e-881f-b5de8fbd8f2e	1b76c49c-b8d7-4c10-84aa-6b2bfd1c3fbc	unauthorized_access	system	\N	denied	\N	Attempted to access /requests/stats without required role: admin or lto_admin	180.195.78.106	Mozilla/5.0 (Windows NT 10.0; Win64; x64) AppleWebKit/537.36 (KHTML, like Gecko) Chrome/144.0.0.0 Safari/537.36	\N	{}	2026-01-25 02:57:46.702101
158a9db3-9dbe-4bb2-b67a-7d75495bce6d	654bb34d-fec4-458c-94bc-2223d885a6d7	registration	vehicle	e8949d82-01b3-49ef-af1a-9380edb2c3e4	HPG_AUTO_VERIFY	\N	HPG auto-verification completed. Confidence: 100%. Recommendation: AUTO_APPROVE	\N	\N	\N	{"transaction_id": null, "vehicle_history_id": "09cc49df-9c56-4f1d-8cba-9bb4d280cbea"}	2026-01-25 03:04:45.047236
790c8d08-cbc4-475c-9544-c0f6740d0904	654bb34d-fec4-458c-94bc-2223d885a6d7	registration	vehicle	e8949d82-01b3-49ef-af1a-9380edb2c3e4	HPG_CLEARANCE_APPROVED	\N	HPG verification approved by hpg@hpg.gov.ph. 	\N	\N	\N	{"transaction_id": null, "vehicle_history_id": "a1859ef1-4e52-468d-8883-0ffa085c4676"}	2026-01-25 03:05:07.590246
f165fa5a-2f81-4c29-bad2-062e213fd232	654bb34d-fec4-458c-94bc-2223d885a6d7	registration	vehicle	8f16185b-84a1-4e4f-b3d0-b267326e02d4	HPG_AUTO_VERIFY	\N	HPG auto-verification completed. Confidence: 100%. Recommendation: AUTO_APPROVE	\N	\N	\N	{"transaction_id": null, "vehicle_history_id": "47425e63-10b2-4a32-90c0-fa17fa652d40"}	2026-01-25 03:18:51.2781
0c54843a-8554-420c-9109-72b94aa5cca2	654bb34d-fec4-458c-94bc-2223d885a6d7	registration	vehicle	8f16185b-84a1-4e4f-b3d0-b267326e02d4	HPG_CLEARANCE_APPROVED	\N	HPG verification approved by hpg@hpg.gov.ph. 	\N	\N	\N	{"transaction_id": null, "vehicle_history_id": "36a63037-3d89-472f-870d-4c2fbfebf651"}	2026-01-25 03:18:56.549207
2f4e46c3-d0f9-40ed-aeda-93e7ff63ba7f	654bb34d-fec4-458c-94bc-2223d885a6d7	registration	vehicle	c23351bd-e788-4dad-9fff-d7afb25adee9	HPG_AUTO_VERIFY	\N	HPG auto-verification completed. Confidence: 100%. Recommendation: AUTO_APPROVE	\N	\N	\N	{"transaction_id": null, "vehicle_history_id": "cbf4eb8d-f762-46f4-9664-c3aca2360ecb"}	2026-01-25 03:46:13.515062
9ebed153-5ab4-402e-a61a-43b89d04f26f	654bb34d-fec4-458c-94bc-2223d885a6d7	registration	vehicle	c23351bd-e788-4dad-9fff-d7afb25adee9	HPG_CLEARANCE_APPROVED	\N	HPG verification approved by hpg@hpg.gov.ph. 	\N	\N	\N	{"transaction_id": null, "vehicle_history_id": "fe6e1641-aae9-43c4-a2e2-ff50d8546100"}	2026-01-25 03:46:25.884275
f1fa6c2c-3e73-40b3-a1e0-1e9857e87e08	a57fd791-bef2-4881-baa9-bfbd1c8b799c	registration	vehicle	c23351bd-e788-4dad-9fff-d7afb25adee9	BLOCKCHAIN_REGISTERED	\N	Vehicle registered on Hyperledger Fabric. TX: e4c7af862a51c450fcd847db3dd3978646a7ad55deae703e6922ac042820f217	\N	\N	\N	{"transaction_id": "e4c7af862a51c450fcd847db3dd3978646a7ad55deae703e6922ac042820f217", "vehicle_history_id": "53018fd3-e414-4260-9519-96abf72a2813"}	2026-01-25 03:53:46.667852
682771ed-8e83-44d0-82df-5f8f7795c3a5	a57fd791-bef2-4881-baa9-bfbd1c8b799c	registration	vehicle	c23351bd-e788-4dad-9fff-d7afb25adee9	CLEARANCE_APPROVED	\N	Clearance approved by admin@lto.gov.ph. OR: OR-2026-000006, CR: CR-2026-000006. Application approved by admin	\N	\N	\N	{"transaction_id": "e4c7af862a51c450fcd847db3dd3978646a7ad55deae703e6922ac042820f217", "vehicle_history_id": "28f49909-cab8-41d4-9fc2-2fb15880a21d"}	2026-01-25 03:53:47.419577
f861c0c4-3631-4106-9e18-a540816820b5	a57fd791-bef2-4881-baa9-bfbd1c8b799c	registration	vehicle	c23351bd-e788-4dad-9fff-d7afb25adee9	LTO_INSPECTION_COMPLETED	\N	LTO inspection completed. Result: PASS, Roadworthiness: ROADWORTHY. MVIR: MVIR-2026-000001	\N	\N	\N	{"transaction_id": null, "vehicle_history_id": "80e7d25a-b3eb-4410-ab5a-6dc062a0f05f"}	2026-01-25 05:45:59.254188
c6ca1cd4-b86b-4445-96d4-d1d0dc7508f3	a57fd791-bef2-4881-baa9-bfbd1c8b799c	registration	vehicle	c23351bd-e788-4dad-9fff-d7afb25adee9	TRANSFER_DOCUMENT_VERIFIED	\N	Document verified: APPROVED. 	\N	\N	\N	{"transaction_id": null, "vehicle_history_id": "176adb2a-b89c-461e-85ad-625f03dc6e06"}	2026-01-25 07:32:24.487582
2f5875df-22f4-4961-9896-3f8fa4c8788c	654bb34d-fec4-458c-94bc-2223d885a6d7	registration	vehicle	98306c80-511b-4126-a27f-85cad274594a	HPG_AUTO_VERIFY	\N	HPG auto-verification completed. Confidence: 100%. Recommendation: AUTO_APPROVE	\N	\N	\N	{"transaction_id": null, "vehicle_history_id": "4f3fb96d-bfb2-4b40-b273-254895083060"}	2026-01-25 08:40:37.459915
9e044b4a-ec69-4309-92f6-d56808e1033e	654bb34d-fec4-458c-94bc-2223d885a6d7	registration	vehicle	98306c80-511b-4126-a27f-85cad274594a	HPG_CLEARANCE_APPROVED	\N	HPG verification approved by hpg@hpg.gov.ph. 	\N	\N	\N	{"transaction_id": null, "vehicle_history_id": "a147912a-930d-452d-ad88-20e2ecabfb5d"}	2026-01-25 08:40:44.206049
ecac76ea-b339-4f2d-b5dd-0de59894eb7e	a57fd791-bef2-4881-baa9-bfbd1c8b799c	registration	vehicle	98306c80-511b-4126-a27f-85cad274594a	BLOCKCHAIN_REGISTERED	\N	Vehicle registered on Hyperledger Fabric. TX: b921fcdd6b7527baea8468609ee0468736a0fdb6902448d16ab8f4c501f67fc1	\N	\N	\N	{"transaction_id": "b921fcdd6b7527baea8468609ee0468736a0fdb6902448d16ab8f4c501f67fc1", "vehicle_history_id": "dde16c31-2d34-40fe-8d85-39b466e7c290"}	2026-01-25 08:42:18.556525
2e1496fb-0f24-494e-9e03-22b957b361e9	a57fd791-bef2-4881-baa9-bfbd1c8b799c	registration	vehicle	98306c80-511b-4126-a27f-85cad274594a	CLEARANCE_APPROVED	\N	Clearance approved by admin@lto.gov.ph. OR: OR-2026-000007, CR: CR-2026-000007. Application approved by admin	\N	\N	\N	{"transaction_id": "b921fcdd6b7527baea8468609ee0468736a0fdb6902448d16ab8f4c501f67fc1", "vehicle_history_id": "98b3637a-72ea-4f40-ae23-0fb5fc8bb944"}	2026-01-25 08:42:19.161351
46005050-724f-4a77-a119-ae934cd129d1	a57fd791-bef2-4881-baa9-bfbd1c8b799c	registration	vehicle	98306c80-511b-4126-a27f-85cad274594a	LTO_INSPECTION_COMPLETED	\N	LTO inspection completed. Result: PASS, Roadworthiness: ROADWORTHY. MVIR: MVIR-2026-000002	\N	\N	\N	{"transaction_id": null, "vehicle_history_id": "e0f4752c-ecdf-41d0-a6fe-0bf09d0fc8a8"}	2026-01-25 09:55:29.045712
21837238-9ea2-4d63-a711-ba9985b8db6d	654bb34d-fec4-458c-94bc-2223d885a6d7	registration	vehicle	98306c80-511b-4126-a27f-85cad274594a	HPG_AUTO_VERIFY	\N	HPG auto-verification completed. Confidence: 100%. Recommendation: AUTO_APPROVE	\N	\N	\N	{"transaction_id": null, "vehicle_history_id": "f94252df-7dcf-4687-b32b-a53955b731f8"}	2026-01-25 10:13:46.839312
bf67cbd9-7724-46cb-80d5-dcdf7963d222	654bb34d-fec4-458c-94bc-2223d885a6d7	registration	vehicle	98306c80-511b-4126-a27f-85cad274594a	TRANSFER_HPG_APPROVED	\N	HPG approved transfer request 0f63c604-950e-4fa8-9616-d34014bef14e via clearance request abf8aa59-e3c7-47e9-a268-6eaebb7befec	\N	\N	\N	{"transaction_id": null, "vehicle_history_id": "79ce691b-8e42-49da-9511-cdef9859c47d"}	2026-01-25 10:13:52.668589
62a942c7-61b6-4238-80e8-69339bf2673f	654bb34d-fec4-458c-94bc-2223d885a6d7	registration	vehicle	98306c80-511b-4126-a27f-85cad274594a	HPG_CLEARANCE_APPROVED	\N	HPG verification approved by hpg@hpg.gov.ph. 	\N	\N	\N	{"transaction_id": null, "vehicle_history_id": "4d89a160-397f-434a-b730-53a7f8f5e8b7"}	2026-01-25 10:13:53.141516
e3def389-10ff-4d73-9c73-95407e0a53f2	a57fd791-bef2-4881-baa9-bfbd1c8b799c	registration	vehicle	98306c80-511b-4126-a27f-85cad274594a	BLOCKCHAIN_TRANSFERRED	\N	Ownership transfer recorded on Hyperledger Fabric. TX: b27e473873307e656cbbe04a83b20bed86f675320f2f3e60debe5efedc4c96df	\N	\N	\N	{"transaction_id": "b27e473873307e656cbbe04a83b20bed86f675320f2f3e60debe5efedc4c96df", "vehicle_history_id": "6f8b3990-42e2-4a09-b859-4393064d7fbb"}	2026-01-25 10:58:48.394768
81757ca7-cfa5-44bf-b28b-1352ba4ffe7f	a57fd791-bef2-4881-baa9-bfbd1c8b799c	registration	vehicle	98306c80-511b-4126-a27f-85cad274594a	TRANSFER_COMPLETED	\N	Transfer completed: Ownership transferred from Kim Andrei Besmar to Joshua Ivan Latag	\N	\N	\N	{"transaction_id": "b27e473873307e656cbbe04a83b20bed86f675320f2f3e60debe5efedc4c96df", "vehicle_history_id": "ddd6802a-41a3-42e3-911d-50a82e5f27cb"}	2026-01-25 10:58:48.44899
c451491e-b9b9-4ff6-a3a2-ed331e32e8b8	654bb34d-fec4-458c-94bc-2223d885a6d7	registration	vehicle	047cad0d-57fc-4a82-85cc-2eed577a56f8	HPG_AUTO_VERIFY	\N	HPG auto-verification completed. Confidence: 100%. Recommendation: AUTO_APPROVE	\N	\N	\N	{"transaction_id": null, "vehicle_history_id": "ad58f972-7946-4cac-b0b1-003cd487472c"}	2026-01-26 07:33:23.578999
0234c35d-6f4d-46d0-b449-ea1dd6d57efc	654bb34d-fec4-458c-94bc-2223d885a6d7	registration	vehicle	047cad0d-57fc-4a82-85cc-2eed577a56f8	HPG_CLEARANCE_APPROVED	\N	HPG verification approved by hpg@hpg.gov.ph. 	\N	\N	\N	{"transaction_id": null, "vehicle_history_id": "c4501ac2-30f6-4516-b4eb-e51e42009bf5"}	2026-01-26 07:35:06.360162
5d46a689-5f46-41d1-a6da-2efcaa9e9a0e	1b76c49c-b8d7-4c10-84aa-6b2bfd1c3fbc	unauthorized_access	system	\N	denied	\N	Attempted to access /stats without required role: admin or lto_admin	180.195.68.12	Mozilla/5.0 (Windows NT 10.0; Win64; x64) AppleWebKit/537.36 (KHTML, like Gecko) Chrome/144.0.0.0 Safari/537.36	\N	{}	2026-01-26 12:04:13.320007
c6075692-6d21-4e3f-955d-c808bf8f5fb3	1b76c49c-b8d7-4c10-84aa-6b2bfd1c3fbc	unauthorized_access	system	\N	denied	\N	Attempted to access /requests/stats without required role: admin or lto_admin	180.195.68.12	Mozilla/5.0 (Windows NT 10.0; Win64; x64) AppleWebKit/537.36 (KHTML, like Gecko) Chrome/144.0.0.0 Safari/537.36	\N	{}	2026-01-26 12:04:13.354197
e7ad965c-fbb6-4e53-94b9-920741af7232	1b76c49c-b8d7-4c10-84aa-6b2bfd1c3fbc	unauthorized_access	system	\N	denied	\N	Attempted to access /stats without required role: admin or lto_admin	180.195.68.12	Mozilla/5.0 (Windows NT 10.0; Win64; x64) AppleWebKit/537.36 (KHTML, like Gecko) Chrome/144.0.0.0 Safari/537.36	\N	{}	2026-01-26 12:04:13.433841
ebb4b0ca-46ab-4b14-9b9c-7ab13eae2b98	1b76c49c-b8d7-4c10-84aa-6b2bfd1c3fbc	unauthorized_access	system	\N	denied	\N	Attempted to access /requests/stats without required role: admin or lto_admin	180.195.68.12	Mozilla/5.0 (Windows NT 10.0; Win64; x64) AppleWebKit/537.36 (KHTML, like Gecko) Chrome/144.0.0.0 Safari/537.36	\N	{}	2026-01-26 12:04:13.436337
\.


--
-- TOC entry 3857 (class 0 OID 16857)
-- Dependencies: 232
-- Data for Name: registration_document_requirements; Type: TABLE DATA; Schema: public; Owner: lto_user
--

COPY public.registration_document_requirements (id, registration_type, vehicle_category, document_type, is_required, display_name, description, accepted_formats, max_file_size_mb, display_order, is_active, created_at, updated_at) FROM stdin;
\.


--
-- TOC entry 3868 (class 0 OID 17225)
-- Dependencies: 244
-- Data for Name: request_logs; Type: TABLE DATA; Schema: public; Owner: lto_user
--

COPY public.request_logs (id, user_id, method, path, status_code, response_time_ms, ip_address, user_agent, created_at) FROM stdin;
\.


--
-- TOC entry 3849 (class 0 OID 16665)
-- Dependencies: 222
-- Data for Name: system_settings; Type: TABLE DATA; Schema: public; Owner: lto_user
--

COPY public.system_settings (key, value, description, updated_at, updated_by) FROM stdin;
system_name	TrustChain LTO	System name	2026-01-24 06:02:26.033654	\N
version	1.0.0	System version	2026-01-24 06:02:26.033654	\N
maintenance_mode	false	Maintenance mode flag	2026-01-24 06:02:26.033654	\N
max_file_size	10485760	Maximum file upload size in bytes (10MB)	2026-01-24 06:02:26.033654	\N
allowed_file_types	pdf,jpg,jpeg,png	Allowed file types for upload	2026-01-24 06:02:26.033654	\N
storage_mode	local	Storage mode (local or ipfs)	2026-01-24 06:02:26.033654	\N
blockchain_mode	fabric	Blockchain mode (mock or fabric)	2026-01-24 06:13:28.449808	\N
\.


--
-- TOC entry 3852 (class 0 OID 16738)
-- Dependencies: 227
-- Data for Name: token_blacklist; Type: TABLE DATA; Schema: public; Owner: lto_user
--

COPY public.token_blacklist (token_jti, token_hash, expires_at, created_at, reason) FROM stdin;
da1d0fdb-f52a-4107-a024-10fda72dfec6	0c0c748cb03e8d3709bf2a62b759ac38c0bad3b01322eb5045904e09f53d0da0	2026-01-26 14:10:15.45	2026-01-26 14:02:38.451683	logout
\.


--
-- TOC entry 3861 (class 0 OID 17012)
-- Dependencies: 236
-- Data for Name: transfer_requests; Type: TABLE DATA; Schema: public; Owner: lto_user
--

COPY public.transfer_requests (id, vehicle_id, seller_id, buyer_id, buyer_info, status, submitted_at, reviewed_by, reviewed_at, rejection_reason, forwarded_to_hpg, hpg_clearance_request_id, metadata, created_at, updated_at, insurance_clearance_request_id, emission_clearance_request_id, insurance_approval_status, emission_approval_status, hpg_approval_status, insurance_approved_at, emission_approved_at, hpg_approved_at, insurance_approved_by, emission_approved_by, hpg_approved_by, expires_at, remarks) FROM stdin;
48e08fb2-b364-434a-9079-3036a7a8751b	c23351bd-e788-4dad-9fff-d7afb25adee9	1b76c49c-b8d7-4c10-84aa-6b2bfd1c3fbc	36b86e7e-7668-49dc-8dd6-6610ce092a73	{"email": "kimandrei012@gmail.com", "phone": "09672564545", "lastName": "Besmar", "firstName": "Kim Andrei"}	REJECTED	2026-01-25 05:40:08.414676	\N	2026-01-25 08:05:07.139006	Rejected by buyer	f	\N	{"expiresAt": "2026-01-28T05:40:08.395Z", "rejectedBy": "buyer", "buyerRejectedAt": "2026-01-25T08:05:07.138Z", "rejectedByUserId": "36b86e7e-7668-49dc-8dd6-6610ce092a73", "autoForwardVersion": "2026-01", "autoForwardEligible": true}	2026-01-25 05:40:08.414676	2026-01-25 08:05:07.139006	\N	\N	PENDING	PENDING	PENDING	\N	\N	\N	\N	\N	\N	2026-01-28 05:40:08.395	\N
19d273a6-582b-4b96-9233-19f677cc891e	8f16185b-84a1-4e4f-b3d0-b267326e02d4	1b76c49c-b8d7-4c10-84aa-6b2bfd1c3fbc	5a672d9b-dabc-4778-b380-7587dadab040	{"email": "dullajasperdave@gmail.com", "phone": "09482106236", "lastName": "Dulla", "firstName": "Jasper"}	REJECTED	2026-01-25 09:16:01.348019	\N	2026-01-25 09:28:38.324244	Rejected by buyer	f	\N	{"expiresAt": "2026-01-28T09:16:01.332Z", "rejectedBy": "buyer", "buyerRejectedAt": "2026-01-25T09:28:38.323Z", "rejectedByUserId": "5a672d9b-dabc-4778-b380-7587dadab040", "autoForwardVersion": "2026-01", "autoForwardEligible": true}	2026-01-25 09:16:01.348019	2026-01-25 09:28:38.324244	\N	\N	PENDING	PENDING	PENDING	\N	\N	\N	\N	\N	\N	2026-01-28 09:16:01.332	\N
befa5c1a-ceda-4d70-88a6-6eafaae6d962	8f16185b-84a1-4e4f-b3d0-b267326e02d4	1b76c49c-b8d7-4c10-84aa-6b2bfd1c3fbc	36b86e7e-7668-49dc-8dd6-6610ce092a73	{"email": "kimandrei012@gmail.com", "phone": "09672564545", "lastName": "Besmar", "firstName": "Kim Andrei"}	PENDING	2026-01-25 09:40:06.085064	\N	\N	\N	f	\N	{"expiresAt": "2026-01-28T09:40:06.070Z", "autoForwardVersion": "2026-01", "autoForwardEligible": true}	2026-01-25 09:40:06.085064	2026-01-25 09:40:06.085064	\N	\N	PENDING	PENDING	PENDING	\N	\N	\N	\N	\N	\N	2026-01-28 09:40:06.07	\N
0f63c604-950e-4fa8-9616-d34014bef14e	98306c80-511b-4126-a27f-85cad274594a	36b86e7e-7668-49dc-8dd6-6610ce092a73	1b76c49c-b8d7-4c10-84aa-6b2bfd1c3fbc	{"email": "latagjoshuaivan@gmail.com", "phone": "+639154788771", "lastName": "Latag", "firstName": "Joshua Ivan"}	COMPLETED	2026-01-25 08:46:02.285596	a57fd791-bef2-4881-baa9-bfbd1c8b799c	2026-01-25 10:58:48.419457	\N	t	abf8aa59-e3c7-47e9-a268-6eaebb7befec	{"notes": null, "expiresAt": "2026-01-28T08:46:02.262Z", "approvedAt": "2026-01-25T10:58:48.415Z", "validation": {"checks": [{"type": "HPG_CLEARANCE", "notes": "Document present with hash", "status": "READY", "documentId": "71dff601-122d-4b64-a27b-8b2fbb616810"}, {"type": "MVIR", "notes": "Required document not provided", "status": "MISSING"}, {"type": "CTPL", "notes": "Document present with hash", "status": "READY", "documentId": "fa1df1d5-5dcf-4c35-9b94-0525da9518de"}, {"type": "BUYER_TIN", "notes": "Document present with hash", "status": "READY", "documentId": "7e5399db-0dda-43a6-9433-be7ce3534602"}], "status": "INCOMPLETE", "missing": ["MVIR"], "pending": [], "checkedAt": "2026-01-25T09:53:57.015Z", "vehicleId": "98306c80-511b-4126-a27f-85cad274594a", "transferRequestId": "0f63c604-950e-4fa8-9616-d34014bef14e"}, "autoForward": {"results": {"hpg": {"success": true, "clearanceRequestId": "abf8aa59-e3c7-47e9-a268-6eaebb7befec"}, "insurance": {"success": true, "clearanceRequestId": "cdc207be-39e0-46e1-99db-af94ae48165e"}}, "version": "2026-01", "startedAt": "2026-01-25T09:53:57.754Z", "finishedAt": "2026-01-25T09:53:58.632Z", "triggeredBy": "1b76c49c-b8d7-4c10-84aa-6b2bfd1c3fbc", "autoTriggered": true}, "blockchainTxId": "b27e473873307e656cbbe04a83b20bed86f675320f2f3e60debe5efedc4c96df", "buyerAcceptedAt": "2026-01-25T09:53:56.968Z", "buyerAcceptedBy": "1b76c49c-b8d7-4c10-84aa-6b2bfd1c3fbc", "buyerSubmittedAt": "2026-01-25T09:53:56.968Z", "autoForwardVersion": "2026-01", "autoForwardEligible": true, "hpgClearanceRequestId": "abf8aa59-e3c7-47e9-a268-6eaebb7befec", "insuranceClearanceRequestId": "cdc207be-39e0-46e1-99db-af94ae48165e"}	2026-01-25 08:46:02.285596	2026-01-25 10:58:48.419457	cdc207be-39e0-46e1-99db-af94ae48165e	\N	APPROVED	PENDING	APPROVED	2026-01-25 09:53:58.544411	\N	2026-01-25 10:13:52.658732	\N	\N	654bb34d-fec4-458c-94bc-2223d885a6d7	2026-01-28 08:46:02.262	\N
c8856697-7c27-4946-9c73-9f210b4da45b	98306c80-511b-4126-a27f-85cad274594a	1b76c49c-b8d7-4c10-84aa-6b2bfd1c3fbc	36b86e7e-7668-49dc-8dd6-6610ce092a73	{"email": "kimandrei012@gmail.com", "phone": "09672564545", "lastName": "Besmar", "firstName": "Kim Andrei"}	FORWARDED_TO_HPG	2026-01-26 07:44:29.843025	\N	2026-01-26 07:45:42.755249	\N	t	70f506c8-a05a-4fce-bb1e-5f8f8a4cd7db	{"expiresAt": "2026-01-29T07:44:29.828Z", "validation": {"checks": [{"type": "HPG_CLEARANCE", "notes": "Document present with hash", "status": "READY", "documentId": "86c0bd3e-3418-4ecb-96c3-152cc63ab6e3"}, {"type": "MVIR", "notes": "Required document not provided", "status": "MISSING"}, {"type": "CTPL", "notes": "Document present with hash", "status": "READY", "documentId": "35942fa3-a535-447b-8fca-07452cf7e4e5"}, {"type": "BUYER_TIN", "notes": "Document present with hash", "status": "READY", "documentId": "d2554f72-2fca-4408-8152-8feb126da8c2"}], "status": "INCOMPLETE", "missing": ["MVIR"], "pending": [], "checkedAt": "2026-01-26T07:45:42.754Z", "vehicleId": "98306c80-511b-4126-a27f-85cad274594a", "transferRequestId": "c8856697-7c27-4946-9c73-9f210b4da45b"}, "autoForward": {"results": {"hpg": {"success": true, "clearanceRequestId": "70f506c8-a05a-4fce-bb1e-5f8f8a4cd7db"}, "insurance": {"success": true, "clearanceRequestId": "8c281dfe-239b-498d-a383-51ec5893fa4e"}}, "version": "2026-01", "startedAt": "2026-01-26T07:45:43.432Z", "finishedAt": "2026-01-26T07:45:43.759Z", "triggeredBy": "36b86e7e-7668-49dc-8dd6-6610ce092a73", "autoTriggered": true}, "buyerAcceptedAt": "2026-01-26T07:45:42.715Z", "buyerAcceptedBy": "36b86e7e-7668-49dc-8dd6-6610ce092a73", "buyerSubmittedAt": "2026-01-26T07:45:42.715Z", "autoForwardVersion": "2026-01", "autoForwardEligible": true, "hpgClearanceRequestId": "70f506c8-a05a-4fce-bb1e-5f8f8a4cd7db", "insuranceClearanceRequestId": "8c281dfe-239b-498d-a383-51ec5893fa4e"}	2026-01-26 07:44:29.843025	2026-01-26 07:45:43.759666	8c281dfe-239b-498d-a383-51ec5893fa4e	\N	APPROVED	PENDING	PENDING	2026-01-26 07:45:43.746495	\N	\N	\N	\N	\N	2026-01-29 07:44:29.828	\N
\.


--
-- TOC entry 3862 (class 0 OID 17058)
-- Dependencies: 237
-- Data for Name: transfer_documents; Type: TABLE DATA; Schema: public; Owner: lto_user
--

COPY public.transfer_documents (id, transfer_request_id, document_type, document_id, uploaded_by, uploaded_at, notes) FROM stdin;
528a4428-59dc-422d-9f64-243b52e4d8cb	48e08fb2-b364-434a-9079-3036a7a8751b	deed_of_sale	1f2c68bd-8a06-4214-a142-0a127b65c991	1b76c49c-b8d7-4c10-84aa-6b2bfd1c3fbc	2026-01-25 05:40:08.47737	\N
a3d31505-a65e-462b-930b-ac367683b2b5	48e08fb2-b364-434a-9079-3036a7a8751b	seller_id	6ff15d0c-ff11-42f2-8158-15eb09e4eff7	1b76c49c-b8d7-4c10-84aa-6b2bfd1c3fbc	2026-01-25 05:40:08.495582	\N
1491ff84-4405-4d66-8b4a-c5acf49b24de	48e08fb2-b364-434a-9079-3036a7a8751b	buyer_id	982d6600-115e-46b4-ac76-0838f1a2fc07	36b86e7e-7668-49dc-8dd6-6610ce092a73	2026-01-25 05:47:33.050772	\N
705a71b9-abee-4a25-b70c-fee9ecd6b92f	0f63c604-950e-4fa8-9616-d34014bef14e	buyer_id	358e606d-290c-4717-b7b1-a1b066a629c7	1b76c49c-b8d7-4c10-84aa-6b2bfd1c3fbc	2026-01-25 09:01:17.255593	\N
7a4ba69c-e775-412e-a02a-68622f9620e0	0f63c604-950e-4fa8-9616-d34014bef14e	buyer_id	73f0b6ad-069d-4726-9203-a7a2e0f134cc	1b76c49c-b8d7-4c10-84aa-6b2bfd1c3fbc	2026-01-25 09:14:53.580435	\N
9d3ad870-830d-4125-8409-8ce22dd52985	0f63c604-950e-4fa8-9616-d34014bef14e	buyer_tin	1a67ac75-c4e7-44af-ab47-c4904df15a5e	1b76c49c-b8d7-4c10-84aa-6b2bfd1c3fbc	2026-01-25 09:14:53.587542	\N
0825271a-88a4-4458-bdac-9626c1a7453d	0f63c604-950e-4fa8-9616-d34014bef14e	buyer_ctpl	956a0885-2ac7-42f6-a918-12743924e2d3	1b76c49c-b8d7-4c10-84aa-6b2bfd1c3fbc	2026-01-25 09:14:53.59321	\N
5bfe5ac8-2a75-4a8e-93c4-fbbb39ac2019	0f63c604-950e-4fa8-9616-d34014bef14e	buyer_hpg_clearance	e77008a9-95d4-4955-958c-a6ccab187d96	1b76c49c-b8d7-4c10-84aa-6b2bfd1c3fbc	2026-01-25 09:14:53.59868	\N
f97a1466-b32f-4673-ae17-e102c1ab131a	0f63c604-950e-4fa8-9616-d34014bef14e	buyer_id	cdfffe38-ec59-4951-8b53-fe4fa131c312	1b76c49c-b8d7-4c10-84aa-6b2bfd1c3fbc	2026-01-25 09:41:02.52941	\N
a89504bb-a7c3-4a28-b482-548146cce21e	0f63c604-950e-4fa8-9616-d34014bef14e	buyer_tin	d388d30d-a868-4b05-9dce-f30b88d57ba5	1b76c49c-b8d7-4c10-84aa-6b2bfd1c3fbc	2026-01-25 09:41:02.536265	\N
cced0ac3-e41b-4f93-9df7-73b6a5ce7073	0f63c604-950e-4fa8-9616-d34014bef14e	buyer_ctpl	6edbd2e3-87e4-488b-8a68-c7c8e2bcca8e	1b76c49c-b8d7-4c10-84aa-6b2bfd1c3fbc	2026-01-25 09:41:02.541448	\N
3de22ee0-1b24-46f2-8dd7-cffd6e3bb915	0f63c604-950e-4fa8-9616-d34014bef14e	buyer_hpg_clearance	ad0dadfd-8550-4aed-9207-501dffdb4be8	1b76c49c-b8d7-4c10-84aa-6b2bfd1c3fbc	2026-01-25 09:41:02.546111	\N
181dc02c-31a9-4130-a1bf-494874fee34e	befa5c1a-ceda-4d70-88a6-6eafaae6d962	buyer_id	2b818efb-08c1-4b22-980e-b29170bdec29	36b86e7e-7668-49dc-8dd6-6610ce092a73	2026-01-25 09:45:25.885044	\N
269c0d59-d1fd-4ab1-819b-4c8144ab04d1	befa5c1a-ceda-4d70-88a6-6eafaae6d962	buyer_tin	94498564-827a-4ae3-b1a6-2677c890e0e4	36b86e7e-7668-49dc-8dd6-6610ce092a73	2026-01-25 09:45:25.892417	\N
0b94adc0-7ef0-44eb-a85a-1b76a6cab79f	befa5c1a-ceda-4d70-88a6-6eafaae6d962	buyer_ctpl	d75677d7-ce26-4684-8a22-7fff06ab9448	36b86e7e-7668-49dc-8dd6-6610ce092a73	2026-01-25 09:45:25.898781	\N
97d07433-f9b6-4a64-90b2-d16b96459dbc	befa5c1a-ceda-4d70-88a6-6eafaae6d962	buyer_hpg_clearance	48c154b7-9c5c-4237-a76f-6c73e6eaf29a	36b86e7e-7668-49dc-8dd6-6610ce092a73	2026-01-25 09:45:25.904656	\N
4df27a02-e473-4f64-bb26-a31ffc1fdc38	0f63c604-950e-4fa8-9616-d34014bef14e	buyer_id	152b7c4d-f08c-410b-b2b8-0c340a344614	1b76c49c-b8d7-4c10-84aa-6b2bfd1c3fbc	2026-01-25 09:53:56.98049	\N
12f362a1-7808-4b6a-b643-0e44037627db	0f63c604-950e-4fa8-9616-d34014bef14e	buyer_tin	7e5399db-0dda-43a6-9433-be7ce3534602	1b76c49c-b8d7-4c10-84aa-6b2bfd1c3fbc	2026-01-25 09:53:56.986577	\N
138e1aae-4e27-4edc-8a62-a1b2f47b3aeb	0f63c604-950e-4fa8-9616-d34014bef14e	buyer_ctpl	fa1df1d5-5dcf-4c35-9b94-0525da9518de	1b76c49c-b8d7-4c10-84aa-6b2bfd1c3fbc	2026-01-25 09:53:56.992429	\N
67af3b28-b694-4697-84eb-8e57c46092bc	0f63c604-950e-4fa8-9616-d34014bef14e	buyer_hpg_clearance	71dff601-122d-4b64-a27b-8b2fbb616810	1b76c49c-b8d7-4c10-84aa-6b2bfd1c3fbc	2026-01-25 09:53:56.997999	\N
948241df-3996-49c2-8e15-653c6f1c69f9	c8856697-7c27-4946-9c73-9f210b4da45b	deed_of_sale	6fc4311c-5b77-4e2e-9d56-ffc36f90be90	1b76c49c-b8d7-4c10-84aa-6b2bfd1c3fbc	2026-01-26 07:44:29.873669	\N
67353191-0b31-4422-b2ce-ac7b8225cba6	c8856697-7c27-4946-9c73-9f210b4da45b	seller_id	4fd685df-1f1b-40e2-8c6d-415079c33ade	1b76c49c-b8d7-4c10-84aa-6b2bfd1c3fbc	2026-01-26 07:44:29.881225	\N
fe192524-1489-4d4d-aa29-769edb8dddb6	c8856697-7c27-4946-9c73-9f210b4da45b	buyer_id	dcf4aef2-92be-4858-8040-990612d30dcf	36b86e7e-7668-49dc-8dd6-6610ce092a73	2026-01-26 07:45:42.724811	\N
ab65c6f3-4713-4418-9df9-2b129c40325b	c8856697-7c27-4946-9c73-9f210b4da45b	buyer_tin	d2554f72-2fca-4408-8152-8feb126da8c2	36b86e7e-7668-49dc-8dd6-6610ce092a73	2026-01-26 07:45:42.730154	\N
a0b0ce9f-217b-47e4-bdf8-9ca68117f111	c8856697-7c27-4946-9c73-9f210b4da45b	buyer_ctpl	35942fa3-a535-447b-8fca-07452cf7e4e5	36b86e7e-7668-49dc-8dd6-6610ce092a73	2026-01-26 07:45:42.734314	\N
9ee7ac99-a871-41bb-9f3a-473b965ffc81	c8856697-7c27-4946-9c73-9f210b4da45b	buyer_hpg_clearance	86c0bd3e-3418-4ecb-96c3-152cc63ab6e3	36b86e7e-7668-49dc-8dd6-6610ce092a73	2026-01-26 07:45:42.739473	\N
\.


--
-- TOC entry 3863 (class 0 OID 17086)
-- Dependencies: 238
-- Data for Name: transfer_verifications; Type: TABLE DATA; Schema: public; Owner: lto_user
--

COPY public.transfer_verifications (id, transfer_request_id, document_id, verified_by, status, notes, checklist, flagged, verified_at) FROM stdin;
2f4e3553-1046-42ae-9c32-3b0081b11e35	48e08fb2-b364-434a-9079-3036a7a8751b	982d6600-115e-46b4-ac76-0838f1a2fc07	a57fd791-bef2-4881-baa9-bfbd1c8b799c	APPROVED	\N	{"datesValid": false, "clearReadable": false, "matchesRequest": false, "signaturesValid": false, "requiredInfoPresent": false}	f	2026-01-25 07:32:24.475441
\.


--
-- TOC entry 3847 (class 0 OID 16623)
-- Dependencies: 220
-- Data for Name: vehicle_history; Type: TABLE DATA; Schema: public; Owner: lto_user
--

COPY public.vehicle_history (id, vehicle_id, action, description, performed_by, performed_at, transaction_id, metadata) FROM stdin;
b0a48f8d-7350-49be-9e15-8bb8258d03d8	b87977c0-b366-4094-9116-e116fdc1198c	REGISTERED	Vehicle registration submitted	1b76c49c-b8d7-4c10-84aa-6b2bfd1c3fbc	2026-01-24 10:39:28.538546	\N	{"ownerName": "Joshua Ivan Latag", "timestamp": "2026-01-24T10:39:28.537Z", "ownerEmail": "latagjoshuaivan@gmail.com", "vehicleVin": "DPEN55LZKVYFCPYVS", "vehicleMake": "Toyota", "hasDocuments": true, "vehicleModel": "Fortuner", "documentCount": 5, "documentTypes": ["pnpHpgClearance", "ownerValidId", "insuranceCertificate", "certificateOfStockReport", "salesInvoice"], "vehiclePlateNumber": "PJW-1558"}
594ff412-20dd-4a67-bf8f-b12f40247e33	bf9b124a-4c18-4b5b-acc0-a03cc3d48d43	REGISTERED	Vehicle registration submitted	1b76c49c-b8d7-4c10-84aa-6b2bfd1c3fbc	2026-01-24 12:34:38.173977	\N	{"ownerName": "Joshua Ivan Latag", "timestamp": "2026-01-24T12:34:38.173Z", "ownerEmail": "latagjoshuaivan@gmail.com", "vehicleVin": "X5KXMY2X6U4207T4E", "vehicleMake": "Kia", "hasDocuments": true, "vehicleModel": "Rio", "documentCount": 5, "documentTypes": ["pnpHpgClearance", "ownerValidId", "certificateOfStockReport", "insuranceCertificate", "salesInvoice"], "vehiclePlateNumber": "YKS-1535"}
f5d487b5-6f92-41b9-bc13-437f86014568	ff0e5ca1-23a4-4bae-bdfe-563381687959	REGISTERED	Vehicle registration submitted	1b76c49c-b8d7-4c10-84aa-6b2bfd1c3fbc	2026-01-24 15:53:03.329844	\N	{"ownerName": "Joshua Ivan Latag", "timestamp": "2026-01-24T15:53:03.329Z", "ownerEmail": "latagjoshuaivan@gmail.com", "vehicleVin": "PXUTMY0VRM7SJ1DJG", "vehicleMake": "Fuso", "hasDocuments": true, "vehicleModel": "Canter", "documentCount": 5, "documentTypes": ["pnpHpgClearance", "certificateOfStockReport", "salesInvoice", "ownerValidId", "insuranceCertificate"], "vehiclePlateNumber": "UFM-8424"}
67107ebf-3480-461d-bd4c-ed10568acf35	2b072bb7-913e-4ea0-9347-f36ccf8d044b	REGISTERED	Vehicle registration submitted	1b76c49c-b8d7-4c10-84aa-6b2bfd1c3fbc	2026-01-24 16:52:36.093497	\N	{"ownerName": "Joshua Ivan Latag", "timestamp": "2026-01-24T16:52:36.092Z", "ownerEmail": "latagjoshuaivan@gmail.com", "vehicleVin": "DMHJ9ZBK50SBJZZ49", "vehicleMake": "Foton", "hasDocuments": true, "vehicleModel": "Toano", "documentCount": 5, "documentTypes": ["pnpHpgClearance", "certificateOfStockReport", "salesInvoice", "insuranceCertificate", "ownerValidId"], "vehiclePlateNumber": "LRZ-4414"}
f7e2a0d2-a876-4a8c-8891-c81d261fbafa	2b072bb7-913e-4ea0-9347-f36ccf8d044b	HPG_CLEARANCE_REQUESTED	HPG clearance automatically requested. Purpose: Initial Vehicle Registration - HPG Clearance	1b76c49c-b8d7-4c10-84aa-6b2bfd1c3fbc	2026-01-24 16:52:36.949695	\N	{"clearanceRequestId": "24d2ad22-ff3b-428e-a194-5c0122c02aca"}
82e4552e-3420-491b-804c-80d1adb54412	2b072bb7-913e-4ea0-9347-f36ccf8d044b	HPG_AUTOMATION_PHASE1	HPG Phase 1 automation completed. Metadata used, Database: CLEAN	1b76c49c-b8d7-4c10-84aa-6b2bfd1c3fbc	2026-01-24 16:52:36.96918	\N	{"extractedData": {"vin": "DMHJ9ZBK50SBJZZ49", "source": "vehicle_metadata", "plateNumber": "LRZ-4414", "engineNumber": "3UR-BE104018", "ocrExtracted": false, "chassisNumber": "DMHJ9ZBK50SBJZZ49"}, "clearanceRequestId": "24d2ad22-ff3b-428e-a194-5c0122c02aca", "databaseCheckResult": {"status": "CLEAN", "details": "Vehicle not found in HPG hot list", "checkedAt": "2026-01-24T16:52:36.959Z", "matchedRecords": [], "recommendation": "PROCEED"}}
c2e80f61-e614-45ed-bed3-7a9fa7899b33	2b072bb7-913e-4ea0-9347-f36ccf8d044b	INSURANCE_VERIFICATION_REQUESTED	Insurance verification automatically requested	1b76c49c-b8d7-4c10-84aa-6b2bfd1c3fbc	2026-01-24 16:52:36.991921	\N	{"documentId": "23de4345-7dbf-4a66-8bac-7da1d452c190", "clearanceRequestId": "e4fb2a34-ca32-40af-b98d-4e212c3eeade"}
f862f6ca-103a-4c0f-bc78-b37cef0a8cea	2b072bb7-913e-4ea0-9347-f36ccf8d044b	INSURANCE_AUTO_VERIFIED_PENDING	Insurance auto-verified but flagged for manual review. Score: 100%, Reason: Certificate authenticity failed: Error checking authenticity: syntax error at or near "from"	1b76c49c-b8d7-4c10-84aa-6b2bfd1c3fbc	2026-01-24 16:52:37.332752	\N	{"clearanceRequestId": "e4fb2a34-ca32-40af-b98d-4e212c3eeade", "autoVerificationResult": {"basis": {"hashUnique": true, "notExpired": true, "patternValid": true}, "score": 100, "reason": "Certificate authenticity failed: Error checking authenticity: syntax error at or near \\"from\\"", "status": "PENDING", "ocrData": {"insuranceExpiry": "24-Jan-2027", "insuranceCompany": "Details\\nCompany Name", "insurancePolicyNumber": "CTPL-2026-IQR4QU"}, "automated": true, "hashCheck": {"exists": false, "source": "database"}, "confidence": 1, "flagReasons": ["Certificate authenticity failed: Error checking authenticity: syntax error at or near \\"from\\""], "patternCheck": {"valid": true, "reason": "Format matches expected pattern", "pattern": "CTPL-YYYY-XXXXXX (e.g., CTPL-2026-C9P5EX)", "confidence": 100, "normalized": "CTPL-2026-IQR4QU"}, "authenticityCheck": {"error": "syntax error at or near \\"from\\"", "reason": "Error checking authenticity: syntax error at or near \\"from\\"", "authentic": false, "authenticityScore": 0}, "verificationResult": "FAILED"}}
f49d99a5-f0ac-4ef4-a143-b991eddc77d0	2b072bb7-913e-4ea0-9347-f36ccf8d044b	CLEARANCE_REQUESTS_AUTO_SENT	Clearance requests automatically sent to organizations. HPG: Yes, Insurance: Yes. Auto-verification: Insurance: PENDING (Auto)	1b76c49c-b8d7-4c10-84aa-6b2bfd1c3fbc	2026-01-24 16:52:37.361513	\N	{"hpgRequestId": "24d2ad22-ff3b-428e-a194-5c0122c02aca", "insuranceRequestId": "e4fb2a34-ca32-40af-b98d-4e212c3eeade", "autoVerificationResults": {"insurance": {"basis": {"hashUnique": true, "notExpired": true, "patternValid": true}, "score": 100, "reason": "Certificate authenticity failed: Error checking authenticity: syntax error at or near \\"from\\"", "status": "PENDING", "ocrData": {"insuranceExpiry": "24-Jan-2027", "insuranceCompany": "Details\\nCompany Name", "insurancePolicyNumber": "CTPL-2026-IQR4QU"}, "automated": true, "hashCheck": {"exists": false, "source": "database"}, "confidence": 1, "flagReasons": ["Certificate authenticity failed: Error checking authenticity: syntax error at or near \\"from\\""], "patternCheck": {"valid": true, "reason": "Format matches expected pattern", "pattern": "CTPL-YYYY-XXXXXX (e.g., CTPL-2026-C9P5EX)", "confidence": 100, "normalized": "CTPL-2026-IQR4QU"}, "authenticityCheck": {"error": "syntax error at or near \\"from\\"", "reason": "Error checking authenticity: syntax error at or near \\"from\\"", "authentic": false, "authenticityScore": 0}, "verificationResult": "FAILED"}}}
266d0da4-da7e-408f-b078-addb15531401	0f9d0224-8f13-4c9f-ba41-f23d0c10506e	REGISTERED	Vehicle registration submitted	1b76c49c-b8d7-4c10-84aa-6b2bfd1c3fbc	2026-01-24 17:56:49.809122	\N	{"ownerName": "Joshua Ivan Latag", "timestamp": "2026-01-24T17:56:49.807Z", "ownerEmail": "latagjoshuaivan@gmail.com", "vehicleVin": "AF6WB1Y1WVNKGC7Z3", "vehicleMake": "Honda", "hasDocuments": true, "vehicleModel": "TMX Supremo", "documentCount": 5, "documentTypes": ["insuranceCertificate", "pnpHpgClearance", "certificateOfStockReport", "ownerValidId", "salesInvoice"], "vehiclePlateNumber": "DHK-2840"}
c4f03082-c675-4022-97f8-875e183fdf27	e302a557-2f17-4c3d-9630-f859b8404327	REGISTERED	Vehicle registration submitted	1b76c49c-b8d7-4c10-84aa-6b2bfd1c3fbc	2026-01-24 18:27:54.403746	\N	{"ownerName": "Joshua Ivan Latag", "timestamp": "2026-01-24T18:27:54.401Z", "ownerEmail": "latagjoshuaivan@gmail.com", "vehicleVin": "DV347804YE0WXGRSK", "vehicleMake": "Toyota", "hasDocuments": true, "vehicleModel": "HiAce", "documentCount": 5, "documentTypes": ["pnpHpgClearance", "salesInvoice", "certificateOfStockReport", "ownerValidId", "insuranceCertificate"], "vehiclePlateNumber": "ACA-3346"}
b4bf1ce1-198d-41c2-a90e-05b7521e6213	e302a557-2f17-4c3d-9630-f859b8404327	HPG_CLEARANCE_REQUESTED	HPG clearance automatically requested. Purpose: Initial Vehicle Registration - HPG Clearance	1b76c49c-b8d7-4c10-84aa-6b2bfd1c3fbc	2026-01-24 18:27:55.134582	\N	{"clearanceRequestId": "1a64cf4e-8413-4122-8391-bc3f7250af84"}
8a4817a5-99eb-47eb-ab41-da29b5f0229c	98306c80-511b-4126-a27f-85cad274594a	HPG_CLEARANCE_REQUESTED	HPG clearance automatically requested. Purpose: Initial Vehicle Registration - HPG Clearance	36b86e7e-7668-49dc-8dd6-6610ce092a73	2026-01-25 08:39:19.168041	\N	{"clearanceRequestId": "bb641db8-bc9e-4d17-9e08-671bf4b14bb7"}
2765e131-10ef-4c01-9a00-30795ebcfaa6	e302a557-2f17-4c3d-9630-f859b8404327	HPG_AUTOMATION_PHASE1	HPG Phase 1 automation completed. Metadata used, Database: CLEAN	1b76c49c-b8d7-4c10-84aa-6b2bfd1c3fbc	2026-01-24 18:27:55.158111	\N	{"extractedData": {"vin": "DV347804YE0WXGRSK", "source": "vehicle_metadata", "plateNumber": "ACA-3346", "engineNumber": "2NR-FE575339", "ocrExtracted": false, "chassisNumber": "DV347804YE0WXGRSK"}, "clearanceRequestId": "1a64cf4e-8413-4122-8391-bc3f7250af84", "databaseCheckResult": {"status": "CLEAN", "details": "Vehicle not found in HPG hot list", "checkedAt": "2026-01-24T18:27:55.146Z", "matchedRecords": [], "recommendation": "PROCEED"}}
02b49fc2-59b2-43a1-9916-0ee8de8340d8	e302a557-2f17-4c3d-9630-f859b8404327	INSURANCE_AUTO_VERIFIED_PENDING	Insurance auto-verified but flagged for manual review. Score: 100%, Reason: Certificate authenticity failed: Error checking authenticity: syntax error at or near "from"	1b76c49c-b8d7-4c10-84aa-6b2bfd1c3fbc	2026-01-24 18:27:55.358041	\N	{"documentId": "7e6351fa-7836-4c0d-8f18-2ea61a168455", "clearanceRequestId": "b0e304da-150b-440f-bfa4-897b77e28503", "autoVerificationResult": {"basis": {"hashUnique": true, "notExpired": true, "patternValid": true}, "score": 100, "reason": "Certificate authenticity failed: Error checking authenticity: syntax error at or near \\"from\\"", "status": "PENDING", "ocrData": {"insuranceExpiry": "24-Jan-2027", "insuranceCompany": "Details\\nCompany Name", "insurancePolicyNumber": "CTPL-2026-CGYUF2"}, "automated": true, "hashCheck": {"exists": false, "source": "database"}, "confidence": 1, "flagReasons": ["Certificate authenticity failed: Error checking authenticity: syntax error at or near \\"from\\""], "patternCheck": {"valid": true, "reason": "Format matches expected pattern", "pattern": "CTPL-YYYY-XXXXXX (e.g., CTPL-2026-C9P5EX)", "confidence": 100, "normalized": "CTPL-2026-CGYUF2"}, "authenticityCheck": {"error": "syntax error at or near \\"from\\"", "reason": "Error checking authenticity: syntax error at or near \\"from\\"", "authentic": false, "authenticityScore": 0}, "verificationResult": "FAILED"}}
f6136201-a64f-4637-ac7e-cb8a7ec26de6	e302a557-2f17-4c3d-9630-f859b8404327	CLEARANCE_REQUESTS_AUTO_SENT	Clearance requests automatically sent to organizations. HPG: Yes, Insurance: Yes. Auto-verification: Insurance: PENDING (Auto)	1b76c49c-b8d7-4c10-84aa-6b2bfd1c3fbc	2026-01-24 18:27:55.381163	\N	{"hpgRequestId": "1a64cf4e-8413-4122-8391-bc3f7250af84", "insuranceRequestId": "b0e304da-150b-440f-bfa4-897b77e28503", "autoVerificationResults": {"insurance": {"basis": {"hashUnique": true, "notExpired": true, "patternValid": true}, "score": 100, "reason": "Certificate authenticity failed: Error checking authenticity: syntax error at or near \\"from\\"", "status": "PENDING", "ocrData": {"insuranceExpiry": "24-Jan-2027", "insuranceCompany": "Details\\nCompany Name", "insurancePolicyNumber": "CTPL-2026-CGYUF2"}, "automated": true, "hashCheck": {"exists": false, "source": "database"}, "confidence": 1, "flagReasons": ["Certificate authenticity failed: Error checking authenticity: syntax error at or near \\"from\\""], "patternCheck": {"valid": true, "reason": "Format matches expected pattern", "pattern": "CTPL-YYYY-XXXXXX (e.g., CTPL-2026-C9P5EX)", "confidence": 100, "normalized": "CTPL-2026-CGYUF2"}, "authenticityCheck": {"error": "syntax error at or near \\"from\\"", "reason": "Error checking authenticity: syntax error at or near \\"from\\"", "authentic": false, "authenticityScore": 0}, "verificationResult": "FAILED"}}}
7cf2d728-3bd2-4949-aad7-74e768947855	858a20ac-2371-40ee-95b0-8f54bdc06db3	REGISTERED	Vehicle registration submitted	1b76c49c-b8d7-4c10-84aa-6b2bfd1c3fbc	2026-01-24 18:44:15.685196	\N	{"ownerName": "Joshua Ivan Latag", "timestamp": "2026-01-24T18:44:15.683Z", "ownerEmail": "latagjoshuaivan@gmail.com", "vehicleVin": "NT226TR0SBTNX8H0C", "vehicleMake": "Isuzu", "hasDocuments": true, "vehicleModel": "N-Series", "documentCount": 5, "documentTypes": ["pnpHpgClearance", "certificateOfStockReport", "ownerValidId", "insuranceCertificate", "salesInvoice"], "vehiclePlateNumber": "DNY-7331"}
68a08510-8063-4f9c-a6ba-f680835e3242	858a20ac-2371-40ee-95b0-8f54bdc06db3	HPG_CLEARANCE_REQUESTED	HPG clearance automatically requested. Purpose: Initial Vehicle Registration - HPG Clearance	1b76c49c-b8d7-4c10-84aa-6b2bfd1c3fbc	2026-01-24 18:44:16.423318	\N	{"clearanceRequestId": "16caad41-a335-422d-8bf2-654f0a009abd"}
51e75ba3-e9d9-42d1-9563-0ebf539c64ea	858a20ac-2371-40ee-95b0-8f54bdc06db3	HPG_AUTOMATION_PHASE1	HPG Phase 1 automation completed. Metadata used, Database: CLEAN	1b76c49c-b8d7-4c10-84aa-6b2bfd1c3fbc	2026-01-24 18:44:16.448577	\N	{"extractedData": {"vin": "NT226TR0SBTNX8H0C", "source": "vehicle_metadata", "plateNumber": "DNY-7331", "engineNumber": "2NR-CE157181", "ocrExtracted": false, "chassisNumber": "NT226TR0SBTNX8H0C"}, "clearanceRequestId": "16caad41-a335-422d-8bf2-654f0a009abd", "databaseCheckResult": {"status": "CLEAN", "details": "Vehicle not found in HPG hot list", "checkedAt": "2026-01-24T18:44:16.436Z", "matchedRecords": [], "recommendation": "PROCEED"}}
3f66b0e1-7d8d-42f8-8c25-4354b967ad9e	858a20ac-2371-40ee-95b0-8f54bdc06db3	INSURANCE_AUTO_VERIFIED_PENDING	Insurance auto-verified but flagged for manual review. Score: 100%, Reason: Certificate authenticity failed: Error checking authenticity: syntax error at or near "from"	1b76c49c-b8d7-4c10-84aa-6b2bfd1c3fbc	2026-01-24 18:44:16.655653	\N	{"documentId": "59072c45-2f26-406c-b340-ca410ec7ab29", "clearanceRequestId": "8850ed98-c835-461b-834d-7833165909a4", "autoVerificationResult": {"basis": {"hashUnique": true, "notExpired": true, "patternValid": true}, "score": 100, "reason": "Certificate authenticity failed: Error checking authenticity: syntax error at or near \\"from\\"", "status": "PENDING", "ocrData": {"insuranceExpiry": "24-Jan-2027", "insuranceCompany": "Details\\nCompany Name", "insurancePolicyNumber": "CTPL-2026-8TVPD4"}, "automated": true, "hashCheck": {"exists": false, "source": "database"}, "confidence": 1, "flagReasons": ["Certificate authenticity failed: Error checking authenticity: syntax error at or near \\"from\\""], "patternCheck": {"valid": true, "reason": "Format matches expected pattern", "pattern": "CTPL-YYYY-XXXXXX (e.g., CTPL-2026-C9P5EX)", "confidence": 100, "normalized": "CTPL-2026-8TVPD4"}, "authenticityCheck": {"error": "syntax error at or near \\"from\\"", "reason": "Error checking authenticity: syntax error at or near \\"from\\"", "authentic": false, "authenticityScore": 0}, "verificationResult": "FAILED"}}
cc36cfa1-2d3e-432b-909c-05c7a55507b2	858a20ac-2371-40ee-95b0-8f54bdc06db3	CLEARANCE_REQUESTS_AUTO_SENT	Clearance requests automatically sent to organizations. HPG: Yes, Insurance: Yes. Auto-verification: Insurance: PENDING (Auto)	1b76c49c-b8d7-4c10-84aa-6b2bfd1c3fbc	2026-01-24 18:44:16.679632	\N	{"hpgRequestId": "16caad41-a335-422d-8bf2-654f0a009abd", "insuranceRequestId": "8850ed98-c835-461b-834d-7833165909a4", "autoVerificationResults": {"insurance": {"basis": {"hashUnique": true, "notExpired": true, "patternValid": true}, "score": 100, "reason": "Certificate authenticity failed: Error checking authenticity: syntax error at or near \\"from\\"", "status": "PENDING", "ocrData": {"insuranceExpiry": "24-Jan-2027", "insuranceCompany": "Details\\nCompany Name", "insurancePolicyNumber": "CTPL-2026-8TVPD4"}, "automated": true, "hashCheck": {"exists": false, "source": "database"}, "confidence": 1, "flagReasons": ["Certificate authenticity failed: Error checking authenticity: syntax error at or near \\"from\\""], "patternCheck": {"valid": true, "reason": "Format matches expected pattern", "pattern": "CTPL-YYYY-XXXXXX (e.g., CTPL-2026-C9P5EX)", "confidence": 100, "normalized": "CTPL-2026-8TVPD4"}, "authenticityCheck": {"error": "syntax error at or near \\"from\\"", "reason": "Error checking authenticity: syntax error at or near \\"from\\"", "authentic": false, "authenticityScore": 0}, "verificationResult": "FAILED"}}}
03b1f24e-8577-4e92-afd2-79b430c9928d	f0350d21-a03c-465f-a536-6d8038b4c100	REGISTERED	Vehicle registration submitted	1b76c49c-b8d7-4c10-84aa-6b2bfd1c3fbc	2026-01-24 18:57:00.226027	\N	{"ownerName": "Joshua Ivan Latag", "timestamp": "2026-01-24T18:57:00.223Z", "ownerEmail": "latagjoshuaivan@gmail.com", "vehicleVin": "U198H0VR10TT2RS6E", "vehicleMake": "KTM", "hasDocuments": true, "vehicleModel": "Duke 200", "documentCount": 5, "documentTypes": ["insuranceCertificate", "ownerValidId", "salesInvoice", "certificateOfStockReport", "pnpHpgClearance"], "vehiclePlateNumber": "VNA-5740"}
8524cb4d-fcf4-4c1b-a0b3-aff09cc32a3d	f0350d21-a03c-465f-a536-6d8038b4c100	HPG_CLEARANCE_REQUESTED	HPG clearance automatically requested. Purpose: Initial Vehicle Registration - HPG Clearance	1b76c49c-b8d7-4c10-84aa-6b2bfd1c3fbc	2026-01-24 18:57:01.035204	\N	{"clearanceRequestId": "9b51d8c0-574c-4d41-b30c-c829e4ca4c1a"}
37e95e14-b5dc-4983-be63-4ffc4fb54c6a	f0350d21-a03c-465f-a536-6d8038b4c100	HPG_AUTOMATION_PHASE1	HPG Phase 1 automation completed. Metadata used, Database: CLEAN	1b76c49c-b8d7-4c10-84aa-6b2bfd1c3fbc	2026-01-24 18:57:01.0802	\N	{"extractedData": {"vin": "U198H0VR10TT2RS6E", "source": "vehicle_metadata", "plateNumber": "VNA-5740", "engineNumber": "2NR-FE645151", "ocrExtracted": false, "chassisNumber": "U198H0VR10TT2RS6E"}, "clearanceRequestId": "9b51d8c0-574c-4d41-b30c-c829e4ca4c1a", "databaseCheckResult": {"status": "CLEAN", "details": "Vehicle not found in HPG hot list", "checkedAt": "2026-01-24T18:57:01.056Z", "matchedRecords": [], "recommendation": "PROCEED"}}
e0bd854c-1ab4-4791-bbb5-2a4454d1196c	f0350d21-a03c-465f-a536-6d8038b4c100	INSURANCE_AUTO_VERIFIED_PENDING	Insurance auto-verified but flagged for manual review. Score: 100%, Reason: Certificate authenticity failed: No original certificate found with matching file hash in issued_certificates or certificates tables	1b76c49c-b8d7-4c10-84aa-6b2bfd1c3fbc	2026-01-24 18:57:01.361127	\N	{"documentId": "872dbaa8-6444-4058-887e-476708e61259", "clearanceRequestId": "ea52e5ce-a4ef-4309-a186-610d07fc1fc4", "autoVerificationResult": {"basis": {"hashUnique": true, "notExpired": true, "patternValid": true}, "score": 100, "reason": "Certificate authenticity failed: No original certificate found with matching file hash in issued_certificates or certificates tables", "status": "PENDING", "ocrData": {"insuranceExpiry": "24-Jan-2027", "insuranceCompany": "Details\\nCompany Name", "insurancePolicyNumber": "CTPL-2026-583PRU"}, "automated": true, "hashCheck": {"exists": false, "source": "database"}, "confidence": 1, "flagReasons": ["Certificate authenticity failed: No original certificate found with matching file hash in issued_certificates or certificates tables"], "patternCheck": {"valid": true, "reason": "Format matches expected pattern", "pattern": "CTPL-YYYY-XXXXXX (e.g., CTPL-2026-C9P5EX)", "confidence": 100, "normalized": "CTPL-2026-583PRU"}, "authenticityCheck": {"reason": "No original certificate found with matching file hash in issued_certificates or certificates tables", "source": "none", "authentic": false, "debugInfo": {"certificateType": "insurance", "searchedFileHash": "b99186a123a2e0948c369ccc29fbb2a2...", "totalCertificatesChecked": 0}, "authenticityScore": 0, "originalCertificateFound": false}, "verificationResult": "FAILED"}}
3947ef5b-d92f-472a-840b-a4800cded8cd	f0350d21-a03c-465f-a536-6d8038b4c100	CLEARANCE_REQUESTS_AUTO_SENT	Clearance requests automatically sent to organizations. HPG: Yes, Insurance: Yes. Auto-verification: Insurance: PENDING (Auto)	1b76c49c-b8d7-4c10-84aa-6b2bfd1c3fbc	2026-01-24 18:57:01.37582	\N	{"hpgRequestId": "9b51d8c0-574c-4d41-b30c-c829e4ca4c1a", "insuranceRequestId": "ea52e5ce-a4ef-4309-a186-610d07fc1fc4", "autoVerificationResults": {"insurance": {"basis": {"hashUnique": true, "notExpired": true, "patternValid": true}, "score": 100, "reason": "Certificate authenticity failed: No original certificate found with matching file hash in issued_certificates or certificates tables", "status": "PENDING", "ocrData": {"insuranceExpiry": "24-Jan-2027", "insuranceCompany": "Details\\nCompany Name", "insurancePolicyNumber": "CTPL-2026-583PRU"}, "automated": true, "hashCheck": {"exists": false, "source": "database"}, "confidence": 1, "flagReasons": ["Certificate authenticity failed: No original certificate found with matching file hash in issued_certificates or certificates tables"], "patternCheck": {"valid": true, "reason": "Format matches expected pattern", "pattern": "CTPL-YYYY-XXXXXX (e.g., CTPL-2026-C9P5EX)", "confidence": 100, "normalized": "CTPL-2026-583PRU"}, "authenticityCheck": {"reason": "No original certificate found with matching file hash in issued_certificates or certificates tables", "source": "none", "authentic": false, "debugInfo": {"certificateType": "insurance", "searchedFileHash": "b99186a123a2e0948c369ccc29fbb2a2...", "totalCertificatesChecked": 0}, "authenticityScore": 0, "originalCertificateFound": false}, "verificationResult": "FAILED"}}}
a0e261e0-23b1-46c5-844a-0ed971d0eccf	6dd179cd-2f50-4833-82ed-003f34fa817d	REGISTERED	Vehicle registration submitted	1b76c49c-b8d7-4c10-84aa-6b2bfd1c3fbc	2026-01-24 19:19:06.380614	\N	{"ownerName": "Joshua Ivan Latag", "timestamp": "2026-01-24T19:19:06.379Z", "ownerEmail": "latagjoshuaivan@gmail.com", "vehicleVin": "F5TFNJM7BDH13S38W", "vehicleMake": "Honda", "hasDocuments": true, "vehicleModel": "Civic", "documentCount": 5, "documentTypes": ["pnpHpgClearance", "certificateOfStockReport", "ownerValidId", "salesInvoice", "insuranceCertificate"], "vehiclePlateNumber": "XSX-7285"}
273db880-dc2f-4850-8b64-5205041bf2df	6dd179cd-2f50-4833-82ed-003f34fa817d	HPG_CLEARANCE_REQUESTED	HPG clearance automatically requested. Purpose: Initial Vehicle Registration - HPG Clearance	1b76c49c-b8d7-4c10-84aa-6b2bfd1c3fbc	2026-01-24 19:19:07.104106	\N	{"clearanceRequestId": "b3c41178-8e9c-4191-bc02-f49bf3e9168e"}
ff5454c0-9e60-44c8-9dd2-40e2e5904998	6dd179cd-2f50-4833-82ed-003f34fa817d	HPG_AUTOMATION_PHASE1	HPG Phase 1 automation completed. Metadata used, Database: CLEAN	1b76c49c-b8d7-4c10-84aa-6b2bfd1c3fbc	2026-01-24 19:19:07.13146	\N	{"extractedData": {"vin": "F5TFNJM7BDH13S38W", "source": "vehicle_metadata", "plateNumber": "XSX-7285", "engineNumber": "3UR-DE884077", "ocrExtracted": false, "chassisNumber": "F5TFNJM7BDH13S38W"}, "clearanceRequestId": "b3c41178-8e9c-4191-bc02-f49bf3e9168e", "databaseCheckResult": {"status": "CLEAN", "details": "Vehicle not found in HPG hot list", "checkedAt": "2026-01-24T19:19:07.116Z", "matchedRecords": [], "recommendation": "PROCEED"}}
98aef560-b76f-4f78-80f6-ce48adb8b3f8	98306c80-511b-4126-a27f-85cad274594a	HPG_AUTOMATION_PHASE1	HPG Phase 1 automation completed. Metadata used, Database: CLEAN	36b86e7e-7668-49dc-8dd6-6610ce092a73	2026-01-25 08:39:19.189272	\N	{"extractedData": {"vin": "1UEDTAW9H0WB8FM8W", "source": "vehicle_metadata", "plateNumber": "LLE-2077", "engineNumber": "4GR-CE103258", "ocrExtracted": false, "chassisNumber": "1UEDTAW9H0WB8FM8W"}, "clearanceRequestId": "bb641db8-bc9e-4d17-9e08-671bf4b14bb7", "databaseCheckResult": {"status": "CLEAN", "details": "Vehicle not found in HPG hot list", "checkedAt": "2026-01-25T08:39:19.178Z", "matchedRecords": [], "recommendation": "PROCEED"}}
1682c7b2-8039-4435-b87e-2fea2f84fbc3	6dd179cd-2f50-4833-82ed-003f34fa817d	INSURANCE_AUTO_VERIFIED_APPROVED	Insurance auto-verified and approved. Score: 100%	1b76c49c-b8d7-4c10-84aa-6b2bfd1c3fbc	2026-01-24 19:19:07.295855	\N	{"documentId": "f68a8a3d-5cc9-4d19-9788-7dcbb56c1c7c", "clearanceRequestId": "ea8b9833-c571-402d-9280-e120dc224886", "autoVerificationResult": {"basis": {"hashUnique": true, "notExpired": true, "patternValid": true}, "score": 100, "status": "APPROVED", "ocrData": {"insuranceExpiry": "24-Jan-2027", "insuranceCompany": "Details\\nCompany Name", "insurancePolicyNumber": "CTPL-2026-JTMM87"}, "automated": true, "hashCheck": {"exists": false, "source": "database"}, "confidence": 1, "patternCheck": {"valid": true, "reason": "Format matches expected pattern", "pattern": "CTPL-YYYY-XXXXXX (e.g., CTPL-2026-C9P5EX)", "confidence": 100, "normalized": "CTPL-2026-JTMM87"}, "compositeHash": "d65e8bc04ebb05e8a36c6f293e00f231caa369a5f410f446a1d662e258fe4ee1", "blockchainTxId": null, "authenticityCheck": {"reason": "Certificate file hash matches original certificate from certificate-generator (issuer verified)", "source": "issued_certificates", "authentic": true, "matchType": "file_hash", "blockchainTxId": null, "certificateData": {"coverageType": "CTPL", "coverageAmount": "PHP 200,000 / PHP 50,000"}, "originalFileHash": "6346fc47b3c259dceb06e298687603e17ac21a7409d68a61ac428e94da91a85b", "authenticityScore": 100, "originalVehicleVin": "F5TFNJM7BDH13S38W", "originalCertificateId": "f4bc48bc-db4d-4b45-89f8-2a548b7c7419", "originalCompositeHash": "319533584cecfaab6af455e3bba1f53db8ef403c289b96aed1a103418383c704", "originalCertificateFound": true, "originalCertificateNumber": "CTPL-2026-JTMM87"}}}
86e57373-e42a-4933-b230-ce34ee2ce033	6dd179cd-2f50-4833-82ed-003f34fa817d	CLEARANCE_REQUESTS_AUTO_SENT	Clearance requests automatically sent to organizations. HPG: Yes, Insurance: Yes. Auto-verification: Insurance: APPROVED (Auto)	1b76c49c-b8d7-4c10-84aa-6b2bfd1c3fbc	2026-01-24 19:19:07.31203	\N	{"hpgRequestId": "b3c41178-8e9c-4191-bc02-f49bf3e9168e", "insuranceRequestId": "ea8b9833-c571-402d-9280-e120dc224886", "autoVerificationResults": {"insurance": {"basis": {"hashUnique": true, "notExpired": true, "patternValid": true}, "score": 100, "status": "APPROVED", "ocrData": {"insuranceExpiry": "24-Jan-2027", "insuranceCompany": "Details\\nCompany Name", "insurancePolicyNumber": "CTPL-2026-JTMM87"}, "automated": true, "hashCheck": {"exists": false, "source": "database"}, "confidence": 1, "patternCheck": {"valid": true, "reason": "Format matches expected pattern", "pattern": "CTPL-YYYY-XXXXXX (e.g., CTPL-2026-C9P5EX)", "confidence": 100, "normalized": "CTPL-2026-JTMM87"}, "compositeHash": "d65e8bc04ebb05e8a36c6f293e00f231caa369a5f410f446a1d662e258fe4ee1", "blockchainTxId": null, "authenticityCheck": {"reason": "Certificate file hash matches original certificate from certificate-generator (issuer verified)", "source": "issued_certificates", "authentic": true, "matchType": "file_hash", "blockchainTxId": null, "certificateData": {"coverageType": "CTPL", "coverageAmount": "PHP 200,000 / PHP 50,000"}, "originalFileHash": "6346fc47b3c259dceb06e298687603e17ac21a7409d68a61ac428e94da91a85b", "authenticityScore": 100, "originalVehicleVin": "F5TFNJM7BDH13S38W", "originalCertificateId": "f4bc48bc-db4d-4b45-89f8-2a548b7c7419", "originalCompositeHash": "319533584cecfaab6af455e3bba1f53db8ef403c289b96aed1a103418383c704", "originalCertificateFound": true, "originalCertificateNumber": "CTPL-2026-JTMM87"}}}}
c89c79ba-b3b5-41cb-8654-476986704a82	6dd179cd-2f50-4833-82ed-003f34fa817d	HPG_AUTO_VERIFY	HPG auto-verification completed. Confidence: 100%. Recommendation: AUTO_APPROVE	654bb34d-fec4-458c-94bc-2223d885a6d7	2026-01-24 19:19:54.308096	\N	{"hashCheck": {"exists": false, "source": "database"}, "compositeHash": "604a67a78ac1be2eb5e41c6b9694d34767850efa3457b6c581e29db79d9d267a", "recommendation": "AUTO_APPROVE", "scoreBreakdown": {"total": 100, "dataMatch": 5, "dataExtraction": 30, "hashUniqueness": 20, "documentCompleteness": 15, "certificateAuthenticity": 30}, "confidenceScore": 100, "authenticityCheck": {"reason": "Certificate file hash matches original certificate from certificate-generator (issuer verified)", "source": "issued_certificates", "authentic": true, "matchType": "file_hash", "blockchainTxId": null, "certificateData": {"vehiclePlate": "XSX-7285", "verificationDetails": {"engine_condition": "Good", "chassis_condition": "Good"}}, "originalFileHash": "c7f9d56a3de1debc290d47b31f1823b7c49bd5b9a9214bf452342bb602512849", "authenticityScore": 100, "originalVehicleVin": "F5TFNJM7BDH13S38W", "originalCertificateId": "295c2cf7-edc6-4c2a-8a33-fd435386c4b9", "originalCompositeHash": "52037fce3b0a1b78809ecfba74865ebe1fd79f13ac10ecc4650e6cde1730c6ef", "originalCertificateFound": true, "originalCertificateNumber": "HPG-2026-179TCA"}, "clearanceRequestId": "b3c41178-8e9c-4191-bc02-f49bf3e9168e"}
483241d5-a788-4183-84cb-ef7cad6c6456	6dd179cd-2f50-4833-82ed-003f34fa817d	HPG_VERIFICATION_APPROVED	HPG verification approved by hpg@hpg.gov.ph. 	654bb34d-fec4-458c-94bc-2223d885a6d7	2026-01-24 19:20:06.491648	\N	{"engineNumber": "3UR-DE884077", "macroEtching": false, "chassisNumber": "F5TFNJM7BDH13S38W", "clearanceRequestId": "b3c41178-8e9c-4191-bc02-f49bf3e9168e"}
c539b524-7964-4671-9101-7b1a53153fda	6dd179cd-2f50-4833-82ed-003f34fa817d	BLOCKCHAIN_REGISTERED	Vehicle registered on Hyperledger Fabric. TX: eeeb1b1a19bb831061adce655bf93c2ff17f8e00390e0e92722aff973c786e8b	a57fd791-bef2-4881-baa9-bfbd1c8b799c	2026-01-24 19:21:26.399043	eeeb1b1a19bb831061adce655bf93c2ff17f8e00390e0e92722aff973c786e8b	{"source": "lto_final_approval", "crNumber": "CR-2026-000001", "orNumber": "OR-2026-000001", "chaincode": "vehicle-registration", "mvirNumber": null, "registeredAt": "2026-01-24T19:21:26.398Z", "fabricNetwork": "ltochannel"}
ffc78ac5-2043-4826-a07f-10faa50a01bf	6dd179cd-2f50-4833-82ed-003f34fa817d	CLEARANCE_APPROVED	Clearance approved by admin@lto.gov.ph. OR: OR-2026-000001, CR: CR-2026-000001. Application approved by admin	a57fd791-bef2-4881-baa9-bfbd1c8b799c	2026-01-24 19:21:27.176891	eeeb1b1a19bb831061adce655bf93c2ff17f8e00390e0e92722aff973c786e8b	{"notes": "Application approved by admin", "crNumber": "CR-2026-000001", "orNumber": "OR-2026-000001", "crIssuedAt": "2026-01-24T19:21:25.837Z", "orCrNumber": "OR-2026-000001", "orIssuedAt": "2026-01-24T19:21:25.837Z", "orCrIssuedAt": "2026-01-24T19:21:25.837Z", "verifications": [{"type": "insurance", "status": "APPROVED"}, {"type": "hpg", "status": "APPROVED"}], "blockchainTxId": "eeeb1b1a19bb831061adce655bf93c2ff17f8e00390e0e92722aff973c786e8b"}
b37e0ff6-3414-4fff-819f-acf55cc2cae2	e8949d82-01b3-49ef-af1a-9380edb2c3e4	REGISTERED	Vehicle registration submitted	1b76c49c-b8d7-4c10-84aa-6b2bfd1c3fbc	2026-01-25 03:03:52.766533	\N	{"ownerName": "Joshua Ivan Latag", "timestamp": "2026-01-25T03:03:52.764Z", "ownerEmail": "latagjoshuaivan@gmail.com", "vehicleVin": "BX0SDRHABB4GG71DE", "vehicleMake": "Honda", "hasDocuments": true, "vehicleModel": "City", "documentCount": 5, "documentTypes": ["pnpHpgClearance", "salesInvoice", "certificateOfStockReport", "insuranceCertificate", "ownerValidId"], "vehiclePlateNumber": "KKT-4961"}
c4ad8ad6-2e63-4c5c-9a9e-475e0bdb2a0f	e8949d82-01b3-49ef-af1a-9380edb2c3e4	HPG_CLEARANCE_REQUESTED	HPG clearance automatically requested. Purpose: Initial Vehicle Registration - HPG Clearance	1b76c49c-b8d7-4c10-84aa-6b2bfd1c3fbc	2026-01-25 03:03:53.460028	\N	{"clearanceRequestId": "be2c52cf-7728-43fd-9615-ad1b272ba762"}
df05d196-4808-40bd-92b3-40c03f56942f	e8949d82-01b3-49ef-af1a-9380edb2c3e4	HPG_AUTOMATION_PHASE1	HPG Phase 1 automation completed. Metadata used, Database: CLEAN	1b76c49c-b8d7-4c10-84aa-6b2bfd1c3fbc	2026-01-25 03:03:53.47689	\N	{"extractedData": {"vin": "BX0SDRHABB4GG71DE", "source": "vehicle_metadata", "plateNumber": "KKT-4961", "engineNumber": "5VZ-CE476535", "ocrExtracted": false, "chassisNumber": "BX0SDRHABB4GG71DE"}, "clearanceRequestId": "be2c52cf-7728-43fd-9615-ad1b272ba762", "databaseCheckResult": {"status": "CLEAN", "details": "Vehicle not found in HPG hot list", "checkedAt": "2026-01-25T03:03:53.468Z", "matchedRecords": [], "recommendation": "PROCEED"}}
38124296-e224-4cd1-9e82-9801fc78e3cc	e8949d82-01b3-49ef-af1a-9380edb2c3e4	INSURANCE_AUTO_VERIFIED_APPROVED	Insurance auto-verified and approved. Score: 100%	1b76c49c-b8d7-4c10-84aa-6b2bfd1c3fbc	2026-01-25 03:03:53.638825	\N	{"documentId": "ff22de10-909f-40d6-9b63-01df57b68b0d", "clearanceRequestId": "ec7e5e26-98a1-4243-a65a-4e0d2dabe41e", "autoVerificationResult": {"basis": {"hashUnique": true, "notExpired": true, "patternValid": true}, "score": 100, "status": "APPROVED", "ocrData": {"insuranceExpiry": "25-Jan-2027", "insuranceCompany": "Details\\nCompany Name", "insurancePolicyNumber": "CTPL-2026-54OZ2O"}, "automated": true, "hashCheck": {"exists": false, "source": "database"}, "confidence": 1, "patternCheck": {"valid": true, "reason": "Format matches expected pattern", "pattern": "CTPL-YYYY-XXXXXX (e.g., CTPL-2026-C9P5EX)", "confidence": 100, "normalized": "CTPL-2026-54OZ2O"}, "compositeHash": "0fb269b02aa1ba830617dd6846f6c8a7be67aa80419c279f57852c0ea538234d", "blockchainTxId": null, "authenticityCheck": {"reason": "Certificate file hash matches original certificate from certificate-generator (issuer verified)", "source": "issued_certificates", "authentic": true, "matchType": "file_hash", "blockchainTxId": null, "certificateData": {"coverageType": "CTPL", "coverageAmount": "PHP 200,000 / PHP 50,000"}, "originalFileHash": "00a2144344f27407b31f04585b64a2cde7fb741ddaa0cbae9e355366144c32b7", "authenticityScore": 100, "originalVehicleVin": "BX0SDRHABB4GG71DE", "originalCertificateId": "221541f6-9fa3-45dd-8e4f-3db13103015c", "originalCompositeHash": "db4452a158aa7dc4679cfffe224eeef73742f8d0554f0da04ec19148fcd92206", "originalCertificateFound": true, "originalCertificateNumber": "CTPL-2026-54OZ2O"}}}
27618e1b-0f96-44c9-a2d2-55014c5f66a6	e8949d82-01b3-49ef-af1a-9380edb2c3e4	CLEARANCE_REQUESTS_AUTO_SENT	Clearance requests automatically sent to organizations. HPG: Yes, Insurance: Yes. Auto-verification: Insurance: APPROVED (Auto)	1b76c49c-b8d7-4c10-84aa-6b2bfd1c3fbc	2026-01-25 03:03:53.649883	\N	{"hpgRequestId": "be2c52cf-7728-43fd-9615-ad1b272ba762", "insuranceRequestId": "ec7e5e26-98a1-4243-a65a-4e0d2dabe41e", "autoVerificationResults": {"insurance": {"basis": {"hashUnique": true, "notExpired": true, "patternValid": true}, "score": 100, "status": "APPROVED", "ocrData": {"insuranceExpiry": "25-Jan-2027", "insuranceCompany": "Details\\nCompany Name", "insurancePolicyNumber": "CTPL-2026-54OZ2O"}, "automated": true, "hashCheck": {"exists": false, "source": "database"}, "confidence": 1, "patternCheck": {"valid": true, "reason": "Format matches expected pattern", "pattern": "CTPL-YYYY-XXXXXX (e.g., CTPL-2026-C9P5EX)", "confidence": 100, "normalized": "CTPL-2026-54OZ2O"}, "compositeHash": "0fb269b02aa1ba830617dd6846f6c8a7be67aa80419c279f57852c0ea538234d", "blockchainTxId": null, "authenticityCheck": {"reason": "Certificate file hash matches original certificate from certificate-generator (issuer verified)", "source": "issued_certificates", "authentic": true, "matchType": "file_hash", "blockchainTxId": null, "certificateData": {"coverageType": "CTPL", "coverageAmount": "PHP 200,000 / PHP 50,000"}, "originalFileHash": "00a2144344f27407b31f04585b64a2cde7fb741ddaa0cbae9e355366144c32b7", "authenticityScore": 100, "originalVehicleVin": "BX0SDRHABB4GG71DE", "originalCertificateId": "221541f6-9fa3-45dd-8e4f-3db13103015c", "originalCompositeHash": "db4452a158aa7dc4679cfffe224eeef73742f8d0554f0da04ec19148fcd92206", "originalCertificateFound": true, "originalCertificateNumber": "CTPL-2026-54OZ2O"}}}}
09cc49df-9c56-4f1d-8cba-9bb4d280cbea	e8949d82-01b3-49ef-af1a-9380edb2c3e4	HPG_AUTO_VERIFY	HPG auto-verification completed. Confidence: 100%. Recommendation: AUTO_APPROVE	654bb34d-fec4-458c-94bc-2223d885a6d7	2026-01-25 03:04:45.047236	\N	{"hashCheck": {"exists": false, "source": "database"}, "compositeHash": "0de0392654d9136d90472fdfceeb55198aeca013631f2085a66ee7d3b6097845", "recommendation": "AUTO_APPROVE", "scoreBreakdown": {"total": 100, "dataMatch": 5, "dataExtraction": 30, "hashUniqueness": 20, "documentCompleteness": 15, "certificateAuthenticity": 30}, "confidenceScore": 100, "authenticityCheck": {"reason": "Certificate file hash matches original certificate from certificate-generator (issuer verified)", "source": "issued_certificates", "authentic": true, "matchType": "file_hash", "blockchainTxId": null, "certificateData": {"vehiclePlate": "KKT-4961", "verificationDetails": {"engine_condition": "Good", "chassis_condition": "Good"}}, "originalFileHash": "a63f9eb4aa7e26241046618a41df02f615db148002d4ed19dbcc3ab8b14ed0b4", "authenticityScore": 100, "originalVehicleVin": "BX0SDRHABB4GG71DE", "originalCertificateId": "a7b70159-3ec5-4309-a365-e6ead467a5fe", "originalCompositeHash": "b7ea6b3680b0d0b1011cc4268ec2f372941ead4165519bb1bbe94240aac4a030", "originalCertificateFound": true, "originalCertificateNumber": "HPG-2026-D56E86"}, "clearanceRequestId": "be2c52cf-7728-43fd-9615-ad1b272ba762"}
a1859ef1-4e52-468d-8883-0ffa085c4676	e8949d82-01b3-49ef-af1a-9380edb2c3e4	HPG_CLEARANCE_APPROVED	HPG verification approved by hpg@hpg.gov.ph. 	654bb34d-fec4-458c-94bc-2223d885a6d7	2026-01-25 03:05:07.590246	\N	{"engineNumber": "5VZ-CE476535", "macroEtching": false, "chassisNumber": "BX0SDRHABB4GG71DE", "blockchainTxId": null, "blockchainError": "Verification update failed: No valid responses from any peers. Errors:\\n    peer=peer0.lto.gov.ph, status=500, message=Failed to update verification status: Vehicle with VIN BX0SDRHABB4GG71DE not found", "clearanceRequestId": "be2c52cf-7728-43fd-9615-ad1b272ba762"}
bdd4b606-b2bc-4b81-a213-5ef8d043a33b	8f16185b-84a1-4e4f-b3d0-b267326e02d4	REGISTERED	Vehicle registration submitted	1b76c49c-b8d7-4c10-84aa-6b2bfd1c3fbc	2026-01-25 03:17:53.672512	\N	{"ownerName": "Joshua Ivan Latag", "timestamp": "2026-01-25T03:17:53.670Z", "ownerEmail": "latagjoshuaivan@gmail.com", "vehicleVin": "TVL7CSH7AASKK8ADX", "vehicleMake": "Kia", "hasDocuments": true, "vehicleModel": "Rio", "documentCount": 5, "documentTypes": ["pnpHpgClearance", "salesInvoice", "certificateOfStockReport", "ownerValidId", "insuranceCertificate"], "vehiclePlateNumber": "VZL-7845"}
9c84ecf6-0c20-4a2b-9597-4775629386ab	8f16185b-84a1-4e4f-b3d0-b267326e02d4	HPG_CLEARANCE_REQUESTED	HPG clearance automatically requested. Purpose: Initial Vehicle Registration - HPG Clearance	1b76c49c-b8d7-4c10-84aa-6b2bfd1c3fbc	2026-01-25 03:17:54.84208	\N	{"clearanceRequestId": "7fea730e-f42a-497a-97cb-845410482666"}
8fd5b7fa-9efa-45c8-a30f-8e251af480ec	8f16185b-84a1-4e4f-b3d0-b267326e02d4	HPG_AUTOMATION_PHASE1	HPG Phase 1 automation completed. Metadata used, Database: CLEAN	1b76c49c-b8d7-4c10-84aa-6b2bfd1c3fbc	2026-01-25 03:17:54.860801	\N	{"extractedData": {"vin": "TVL7CSH7AASKK8ADX", "source": "vehicle_metadata", "plateNumber": "VZL-7845", "engineNumber": "4GR-DE868125", "ocrExtracted": false, "chassisNumber": "TVL7CSH7AASKK8ADX"}, "clearanceRequestId": "7fea730e-f42a-497a-97cb-845410482666", "databaseCheckResult": {"status": "CLEAN", "details": "Vehicle not found in HPG hot list", "checkedAt": "2026-01-25T03:17:54.851Z", "matchedRecords": [], "recommendation": "PROCEED"}}
f3a3fe30-ca6e-4eb0-8207-3b075030572c	047cad0d-57fc-4a82-85cc-2eed577a56f8	REGISTERED	Vehicle registration submitted	36b86e7e-7668-49dc-8dd6-6610ce092a73	2026-01-26 07:31:58.01453	\N	{"ownerName": "Kim Andrei Besmar", "timestamp": "2026-01-26T07:31:58.012Z", "ownerEmail": "kimandrei012@gmail.com", "vehicleVin": "4NHY0RU1LP7T93D20", "vehicleMake": "Ford", "hasDocuments": true, "vehicleModel": "Ranger", "documentCount": 5, "documentTypes": ["pnpHpgClearance", "insuranceCertificate", "salesInvoice", "certificateOfStockReport", "ownerValidId"], "vehiclePlateNumber": "KDS-4361"}
e4969274-410e-49d8-ad24-9838b17fddcf	047cad0d-57fc-4a82-85cc-2eed577a56f8	HPG_CLEARANCE_REQUESTED	HPG clearance automatically requested. Purpose: Initial Vehicle Registration - HPG Clearance	36b86e7e-7668-49dc-8dd6-6610ce092a73	2026-01-26 07:31:58.768413	\N	{"clearanceRequestId": "07feb258-1a82-4c72-9dcd-9c95e9caee9b"}
f5d2a393-ea94-4c48-ab9a-9bc40f45800b	8f16185b-84a1-4e4f-b3d0-b267326e02d4	INSURANCE_AUTO_VERIFIED_APPROVED	Insurance auto-verified and approved. Score: 100%	1b76c49c-b8d7-4c10-84aa-6b2bfd1c3fbc	2026-01-25 03:17:54.999896	\N	{"documentId": "fb9aaabe-cd7e-42d7-a71a-624b6a8b686d", "clearanceRequestId": "e3f3fbb3-7638-41a9-9185-481ffada3440", "autoVerificationResult": {"basis": {"hashUnique": true, "notExpired": true, "patternValid": true}, "score": 100, "status": "APPROVED", "ocrData": {"insuranceExpiry": "25-Jan-2027", "insuranceCompany": "Details\\nCompany Name", "insurancePolicyNumber": "CTPL-2026-0EWVYC"}, "automated": true, "hashCheck": {"exists": false, "source": "database"}, "confidence": 1, "patternCheck": {"valid": true, "reason": "Format matches expected pattern", "pattern": "CTPL-YYYY-XXXXXX (e.g., CTPL-2026-C9P5EX)", "confidence": 100, "normalized": "CTPL-2026-0EWVYC"}, "compositeHash": "5d6beefdeb690d4d4ec09f76718a343f6d8e934e25d7affa7de82863d49b9ba8", "blockchainTxId": null, "authenticityCheck": {"reason": "Certificate file hash matches original certificate from certificate-generator (issuer verified)", "source": "issued_certificates", "authentic": true, "matchType": "file_hash", "blockchainTxId": null, "certificateData": {"coverageType": "CTPL", "coverageAmount": "PHP 200,000 / PHP 50,000"}, "originalFileHash": "2aeeb87284a8e3306b1724bb6b3939f266e845329ea4d7672cb4ead3055cf616", "authenticityScore": 100, "originalVehicleVin": "TVL7CSH7AASKK8ADX", "originalCertificateId": "03bbdab6-ffdf-4f7b-8895-a23ee0132a13", "originalCompositeHash": "b1a433e9ee9805006dc8d404a52b5fbc0dc484b8c619867f6e6188b2e22b3baa", "originalCertificateFound": true, "originalCertificateNumber": "CTPL-2026-0EWVYC"}}}
9fcd27a5-530b-449d-9d8a-5650b23f1ede	8f16185b-84a1-4e4f-b3d0-b267326e02d4	CLEARANCE_REQUESTS_AUTO_SENT	Clearance requests automatically sent to organizations. HPG: Yes, Insurance: Yes. Auto-verification: Insurance: APPROVED (Auto)	1b76c49c-b8d7-4c10-84aa-6b2bfd1c3fbc	2026-01-25 03:17:55.011761	\N	{"hpgRequestId": "7fea730e-f42a-497a-97cb-845410482666", "insuranceRequestId": "e3f3fbb3-7638-41a9-9185-481ffada3440", "autoVerificationResults": {"insurance": {"basis": {"hashUnique": true, "notExpired": true, "patternValid": true}, "score": 100, "status": "APPROVED", "ocrData": {"insuranceExpiry": "25-Jan-2027", "insuranceCompany": "Details\\nCompany Name", "insurancePolicyNumber": "CTPL-2026-0EWVYC"}, "automated": true, "hashCheck": {"exists": false, "source": "database"}, "confidence": 1, "patternCheck": {"valid": true, "reason": "Format matches expected pattern", "pattern": "CTPL-YYYY-XXXXXX (e.g., CTPL-2026-C9P5EX)", "confidence": 100, "normalized": "CTPL-2026-0EWVYC"}, "compositeHash": "5d6beefdeb690d4d4ec09f76718a343f6d8e934e25d7affa7de82863d49b9ba8", "blockchainTxId": null, "authenticityCheck": {"reason": "Certificate file hash matches original certificate from certificate-generator (issuer verified)", "source": "issued_certificates", "authentic": true, "matchType": "file_hash", "blockchainTxId": null, "certificateData": {"coverageType": "CTPL", "coverageAmount": "PHP 200,000 / PHP 50,000"}, "originalFileHash": "2aeeb87284a8e3306b1724bb6b3939f266e845329ea4d7672cb4ead3055cf616", "authenticityScore": 100, "originalVehicleVin": "TVL7CSH7AASKK8ADX", "originalCertificateId": "03bbdab6-ffdf-4f7b-8895-a23ee0132a13", "originalCompositeHash": "b1a433e9ee9805006dc8d404a52b5fbc0dc484b8c619867f6e6188b2e22b3baa", "originalCertificateFound": true, "originalCertificateNumber": "CTPL-2026-0EWVYC"}}}}
47425e63-10b2-4a32-90c0-fa17fa652d40	8f16185b-84a1-4e4f-b3d0-b267326e02d4	HPG_AUTO_VERIFY	HPG auto-verification completed. Confidence: 100%. Recommendation: AUTO_APPROVE	654bb34d-fec4-458c-94bc-2223d885a6d7	2026-01-25 03:18:51.2781	\N	{"hashCheck": {"exists": false, "source": "database"}, "compositeHash": "f1280a7caf1c03f8cbae80ecad0e259f4991218568612e7aa672742fd9055c65", "recommendation": "AUTO_APPROVE", "scoreBreakdown": {"total": 100, "dataMatch": 5, "dataExtraction": 30, "hashUniqueness": 20, "documentCompleteness": 15, "certificateAuthenticity": 30}, "confidenceScore": 100, "authenticityCheck": {"reason": "Certificate file hash matches original certificate from certificate-generator (issuer verified)", "source": "issued_certificates", "authentic": true, "matchType": "file_hash", "blockchainTxId": null, "certificateData": {"vehiclePlate": "VZL-7845", "verificationDetails": {"engine_condition": "Good", "chassis_condition": "Good"}}, "originalFileHash": "176b97db392893ae7496538b5fa2c35f38b3510ec9771cbcff12681a48dd598d", "authenticityScore": 100, "originalVehicleVin": "TVL7CSH7AASKK8ADX", "originalCertificateId": "2bc898e3-b3f1-4649-9de6-bfb809354fcd", "originalCompositeHash": "de5c087a8933936d2ac97e4925b28f3f9a5613bb1f54d7359212ac86e99f11d2", "originalCertificateFound": true, "originalCertificateNumber": "HPG-2026-NHL9GZ"}, "clearanceRequestId": "7fea730e-f42a-497a-97cb-845410482666"}
36a63037-3d89-472f-870d-4c2fbfebf651	8f16185b-84a1-4e4f-b3d0-b267326e02d4	HPG_CLEARANCE_APPROVED	HPG verification approved by hpg@hpg.gov.ph. 	654bb34d-fec4-458c-94bc-2223d885a6d7	2026-01-25 03:18:56.549207	\N	{"engineNumber": "4GR-DE868125", "macroEtching": false, "chassisNumber": "TVL7CSH7AASKK8ADX", "blockchainTxId": null, "blockchainError": "Verification update failed: No valid responses from any peers. Errors:\\n    peer=peer0.lto.gov.ph, status=500, message=Failed to update verification status: Vehicle with VIN TVL7CSH7AASKK8ADX not found", "clearanceRequestId": "7fea730e-f42a-497a-97cb-845410482666"}
4ab4a43b-0bc5-4684-a00d-0c7a73b6dcd8	c23351bd-e788-4dad-9fff-d7afb25adee9	REGISTERED	Vehicle registration submitted	1b76c49c-b8d7-4c10-84aa-6b2bfd1c3fbc	2026-01-25 03:45:44.172599	\N	{"ownerName": "Joshua Ivan Latag", "timestamp": "2026-01-25T03:45:44.171Z", "ownerEmail": "latagjoshuaivan@gmail.com", "vehicleVin": "C591CULJ8VVZDWSAN", "vehicleMake": "Hyundai", "hasDocuments": true, "vehicleModel": "Tucson", "documentCount": 5, "documentTypes": ["pnpHpgClearance", "certificateOfStockReport", "salesInvoice", "insuranceCertificate", "ownerValidId"], "vehiclePlateNumber": "NKZ-2698"}
9f5d8e0e-6852-4cc2-aea6-b1a5253e535e	c23351bd-e788-4dad-9fff-d7afb25adee9	HPG_CLEARANCE_REQUESTED	HPG clearance automatically requested. Purpose: Initial Vehicle Registration - HPG Clearance	1b76c49c-b8d7-4c10-84aa-6b2bfd1c3fbc	2026-01-25 03:45:44.88359	\N	{"clearanceRequestId": "e7761434-defb-44cc-839b-2a0ba0e63504"}
6f154d8a-4e61-4e77-ab80-a9eb0325142c	c23351bd-e788-4dad-9fff-d7afb25adee9	HPG_AUTOMATION_PHASE1	HPG Phase 1 automation completed. Metadata used, Database: CLEAN	1b76c49c-b8d7-4c10-84aa-6b2bfd1c3fbc	2026-01-25 03:45:44.902591	\N	{"extractedData": {"vin": "C591CULJ8VVZDWSAN", "source": "vehicle_metadata", "plateNumber": "NKZ-2698", "engineNumber": "3UR-GE380290", "ocrExtracted": false, "chassisNumber": "C591CULJ8VVZDWSAN"}, "clearanceRequestId": "e7761434-defb-44cc-839b-2a0ba0e63504", "databaseCheckResult": {"status": "CLEAN", "details": "Vehicle not found in HPG hot list", "checkedAt": "2026-01-25T03:45:44.893Z", "matchedRecords": [], "recommendation": "PROCEED"}}
829ed0a3-0765-4f9a-8eb0-50541d98cdfe	047cad0d-57fc-4a82-85cc-2eed577a56f8	HPG_AUTOMATION_PHASE1	HPG Phase 1 automation completed. Metadata used, Database: CLEAN	36b86e7e-7668-49dc-8dd6-6610ce092a73	2026-01-26 07:31:58.80247	\N	{"extractedData": {"vin": "4NHY0RU1LP7T93D20", "source": "vehicle_metadata", "plateNumber": "KDS-4361", "engineNumber": "1GR-CE361136", "ocrExtracted": false, "chassisNumber": "4NHY0RU1LP7T93D20"}, "clearanceRequestId": "07feb258-1a82-4c72-9dcd-9c95e9caee9b", "databaseCheckResult": {"status": "CLEAN", "details": "Vehicle not found in HPG hot list", "checkedAt": "2026-01-26T07:31:58.787Z", "matchedRecords": [], "recommendation": "PROCEED"}}
89d071ff-1dd9-4911-a300-6b9bdd46deb0	c23351bd-e788-4dad-9fff-d7afb25adee9	INSURANCE_AUTO_VERIFIED_APPROVED	Insurance auto-verified and approved. Score: 100%	1b76c49c-b8d7-4c10-84aa-6b2bfd1c3fbc	2026-01-25 03:45:45.04755	\N	{"documentId": "7b4b78d4-c9d6-4687-bfeb-28be5c316f28", "clearanceRequestId": "84e3baee-45d8-4520-9d87-7163451dc603", "autoVerificationResult": {"basis": {"hashUnique": true, "notExpired": true, "patternValid": true}, "score": 100, "status": "APPROVED", "ocrData": {"insuranceExpiry": "25-Jan-2027", "insuranceCompany": "Details\\nCompany Name", "insurancePolicyNumber": "CTPL-2026-17JGAL"}, "automated": true, "hashCheck": {"exists": false, "source": "database"}, "confidence": 1, "patternCheck": {"valid": true, "reason": "Format matches expected pattern", "pattern": "CTPL-YYYY-XXXXXX (e.g., CTPL-2026-C9P5EX)", "confidence": 100, "normalized": "CTPL-2026-17JGAL"}, "compositeHash": "944c8848b6ab989fb2df712397e5bcf01ad82ce97386be9b679a91387e8ffa57", "blockchainTxId": null, "authenticityCheck": {"reason": "Certificate file hash matches original certificate from certificate-generator (issuer verified)", "source": "issued_certificates", "authentic": true, "matchType": "file_hash", "blockchainTxId": null, "certificateData": {"coverageType": "CTPL", "coverageAmount": "PHP 200,000 / PHP 50,000"}, "originalFileHash": "88e44b797c5b1f7343836e0e81f901510e6bf9d103edb724f886278edf9c9602", "authenticityScore": 100, "originalVehicleVin": "C591CULJ8VVZDWSAN", "originalCertificateId": "5ffc9171-6411-4999-b2dc-00e496c1dd06", "originalCompositeHash": "6f68fc59318399177403cccd912502c1ab656a2e21a21beacee98123a7df5531", "originalCertificateFound": true, "originalCertificateNumber": "CTPL-2026-17JGAL"}}}
02bfa356-ccfd-4efa-a73d-ea20b7ab6c14	c23351bd-e788-4dad-9fff-d7afb25adee9	CLEARANCE_REQUESTS_AUTO_SENT	Clearance requests automatically sent to organizations. HPG: Yes, Insurance: Yes. Auto-verification: Insurance: APPROVED (Auto)	1b76c49c-b8d7-4c10-84aa-6b2bfd1c3fbc	2026-01-25 03:45:45.059719	\N	{"hpgRequestId": "e7761434-defb-44cc-839b-2a0ba0e63504", "insuranceRequestId": "84e3baee-45d8-4520-9d87-7163451dc603", "autoVerificationResults": {"insurance": {"basis": {"hashUnique": true, "notExpired": true, "patternValid": true}, "score": 100, "status": "APPROVED", "ocrData": {"insuranceExpiry": "25-Jan-2027", "insuranceCompany": "Details\\nCompany Name", "insurancePolicyNumber": "CTPL-2026-17JGAL"}, "automated": true, "hashCheck": {"exists": false, "source": "database"}, "confidence": 1, "patternCheck": {"valid": true, "reason": "Format matches expected pattern", "pattern": "CTPL-YYYY-XXXXXX (e.g., CTPL-2026-C9P5EX)", "confidence": 100, "normalized": "CTPL-2026-17JGAL"}, "compositeHash": "944c8848b6ab989fb2df712397e5bcf01ad82ce97386be9b679a91387e8ffa57", "blockchainTxId": null, "authenticityCheck": {"reason": "Certificate file hash matches original certificate from certificate-generator (issuer verified)", "source": "issued_certificates", "authentic": true, "matchType": "file_hash", "blockchainTxId": null, "certificateData": {"coverageType": "CTPL", "coverageAmount": "PHP 200,000 / PHP 50,000"}, "originalFileHash": "88e44b797c5b1f7343836e0e81f901510e6bf9d103edb724f886278edf9c9602", "authenticityScore": 100, "originalVehicleVin": "C591CULJ8VVZDWSAN", "originalCertificateId": "5ffc9171-6411-4999-b2dc-00e496c1dd06", "originalCompositeHash": "6f68fc59318399177403cccd912502c1ab656a2e21a21beacee98123a7df5531", "originalCertificateFound": true, "originalCertificateNumber": "CTPL-2026-17JGAL"}}}}
cbf4eb8d-f762-46f4-9664-c3aca2360ecb	c23351bd-e788-4dad-9fff-d7afb25adee9	HPG_AUTO_VERIFY	HPG auto-verification completed. Confidence: 100%. Recommendation: AUTO_APPROVE	654bb34d-fec4-458c-94bc-2223d885a6d7	2026-01-25 03:46:13.515062	\N	{"hashCheck": {"exists": false, "source": "database"}, "compositeHash": "51767ae1ee39f1bab01cb3f6799dc0ba7375ba59db636bba16477b5bb2636bcb", "recommendation": "AUTO_APPROVE", "scoreBreakdown": {"total": 100, "dataMatch": 5, "dataExtraction": 30, "hashUniqueness": 20, "documentCompleteness": 15, "certificateAuthenticity": 30}, "confidenceScore": 100, "authenticityCheck": {"reason": "Certificate file hash matches original certificate from certificate-generator (issuer verified)", "source": "issued_certificates", "authentic": true, "matchType": "file_hash", "blockchainTxId": null, "certificateData": {"vehiclePlate": "NKZ-2698", "verificationDetails": {"engine_condition": "Good", "chassis_condition": "Good"}}, "originalFileHash": "f18bfe44afb1008c78a3881be51fbb1c72cefe8e78e7c0dfedebd5eb21ca22b7", "authenticityScore": 100, "originalVehicleVin": "C591CULJ8VVZDWSAN", "originalCertificateId": "6b27b60c-1421-4854-b9d1-d6de82fa25e1", "originalCompositeHash": "20c0f99a77c11a491ffd267251e47ca2a7b7cdb0d8ea8b05c022250043351899", "originalCertificateFound": true, "originalCertificateNumber": "HPG-2026-8B3Q7M"}, "clearanceRequestId": "e7761434-defb-44cc-839b-2a0ba0e63504"}
fe6e1641-aae9-43c4-a2e2-ff50d8546100	c23351bd-e788-4dad-9fff-d7afb25adee9	HPG_CLEARANCE_APPROVED	HPG verification approved by hpg@hpg.gov.ph. 	654bb34d-fec4-458c-94bc-2223d885a6d7	2026-01-25 03:46:25.884275	\N	{"engineNumber": "3UR-GE380290", "macroEtching": false, "chassisNumber": "C591CULJ8VVZDWSAN", "blockchainTxId": null, "blockchainError": null, "clearanceRequestId": "e7761434-defb-44cc-839b-2a0ba0e63504"}
53018fd3-e414-4260-9519-96abf72a2813	c23351bd-e788-4dad-9fff-d7afb25adee9	BLOCKCHAIN_REGISTERED	Vehicle registered on Hyperledger Fabric. TX: e4c7af862a51c450fcd847db3dd3978646a7ad55deae703e6922ac042820f217	a57fd791-bef2-4881-baa9-bfbd1c8b799c	2026-01-25 03:53:46.667852	e4c7af862a51c450fcd847db3dd3978646a7ad55deae703e6922ac042820f217	{"source": "lto_final_approval", "crNumber": "CR-2026-000006", "orNumber": "OR-2026-000006", "chaincode": "vehicle-registration", "mvirNumber": null, "registeredAt": "2026-01-25T03:53:46.667Z", "fabricNetwork": "ltochannel"}
28f49909-cab8-41d4-9fc2-2fb15880a21d	c23351bd-e788-4dad-9fff-d7afb25adee9	CLEARANCE_APPROVED	Clearance approved by admin@lto.gov.ph. OR: OR-2026-000006, CR: CR-2026-000006. Application approved by admin	a57fd791-bef2-4881-baa9-bfbd1c8b799c	2026-01-25 03:53:47.419577	e4c7af862a51c450fcd847db3dd3978646a7ad55deae703e6922ac042820f217	{"notes": "Application approved by admin", "crNumber": "CR-2026-000006", "orNumber": "OR-2026-000006", "crIssuedAt": "2026-01-25T03:53:46.464Z", "orCrNumber": "OR-2026-000006", "orIssuedAt": "2026-01-25T03:53:46.464Z", "orCrIssuedAt": "2026-01-25T03:53:46.464Z", "verifications": [{"type": "insurance", "status": "APPROVED"}, {"type": "hpg", "status": "APPROVED"}], "blockchainTxId": "e4c7af862a51c450fcd847db3dd3978646a7ad55deae703e6922ac042820f217"}
44c7ee5f-9b67-4169-9c0b-76716012d857	c23351bd-e788-4dad-9fff-d7afb25adee9	TRANSFER_REQUESTED	Transfer request submitted by latagjoshuaivan@gmail.com	1b76c49c-b8d7-4c10-84aa-6b2bfd1c3fbc	2026-01-25 05:40:08.50159	\N	{"transferRequestId": "48e08fb2-b364-434a-9079-3036a7a8751b"}
80e7d25a-b3eb-4410-ab5a-6dc062a0f05f	c23351bd-e788-4dad-9fff-d7afb25adee9	LTO_INSPECTION_COMPLETED	LTO inspection completed. Result: PASS, Roadworthiness: ROADWORTHY. MVIR: MVIR-2026-000001	a57fd791-bef2-4881-baa9-bfbd1c8b799c	2026-01-25 05:45:59.254188	\N	{"mvirNumber": "MVIR-2026-000001", "inspectionResult": "PASS", "inspectionOfficer": "Admin User", "roadworthinessStatus": "ROADWORTHY"}
176adb2a-b89c-461e-85ad-625f03dc6e06	c23351bd-e788-4dad-9fff-d7afb25adee9	TRANSFER_DOCUMENT_VERIFIED	Document verified: APPROVED. 	a57fd791-bef2-4881-baa9-bfbd1c8b799c	2026-01-25 07:32:24.487582	\N	{"status": "APPROVED", "flagged": false, "documentId": "982d6600-115e-46b4-ac76-0838f1a2fc07", "transferRequestId": "48e08fb2-b364-434a-9079-3036a7a8751b"}
2c422c2c-f7ea-4310-b0aa-ada0f0f0d653	98306c80-511b-4126-a27f-85cad274594a	REGISTERED	Vehicle registration submitted	36b86e7e-7668-49dc-8dd6-6610ce092a73	2026-01-25 08:39:18.403888	\N	{"ownerName": "Kim Andrei Besmar", "timestamp": "2026-01-25T08:39:18.401Z", "ownerEmail": "kimandrei012@gmail.com", "vehicleVin": "1UEDTAW9H0WB8FM8W", "vehicleMake": "Royal", "hasDocuments": true, "vehicleModel": "Classic 350", "documentCount": 5, "documentTypes": ["insuranceCertificate", "certificateOfStockReport", "pnpHpgClearance", "salesInvoice", "ownerValidId"], "vehiclePlateNumber": "LLE-2077"}
d9da8867-f8c8-40e0-b72c-bb8647cda844	98306c80-511b-4126-a27f-85cad274594a	INSURANCE_AUTO_VERIFIED_APPROVED	Insurance auto-verified and approved. Score: 100%	36b86e7e-7668-49dc-8dd6-6610ce092a73	2026-01-25 08:39:19.40257	\N	{"documentId": "0f276036-2c5b-45aa-9549-0282ecb4d753", "clearanceRequestId": "2d5c0635-7a72-414b-96c7-53c73fa57d0b", "autoVerificationResult": {"basis": {"hashUnique": true, "notExpired": true, "patternValid": true}, "score": 100, "status": "APPROVED", "ocrData": {"insuranceExpiry": "25-Jan-2027", "insuranceCompany": "Details\\nCompany Name", "insurancePolicyNumber": "CTPL-2026-C9EAZQ"}, "automated": true, "hashCheck": {"exists": false, "source": "database"}, "confidence": 1, "patternCheck": {"valid": true, "reason": "Format matches expected pattern", "pattern": "CTPL-YYYY-XXXXXX (e.g., CTPL-2026-C9P5EX)", "confidence": 100, "normalized": "CTPL-2026-C9EAZQ"}, "compositeHash": "2c6cc0b31f05ee6d1fb190c17a318309a570efc598955e38404d1d75c2bffcea", "blockchainTxId": null, "authenticityCheck": {"reason": "Certificate file hash matches original certificate from certificate-generator (issuer verified)", "source": "issued_certificates", "authentic": true, "matchType": "file_hash", "blockchainTxId": null, "certificateData": {"coverageType": "CTPL", "coverageAmount": "PHP 200,000 / PHP 50,000"}, "originalFileHash": "f2c3d6481d0fdd1932e2bea7a536874997675e8fe2c776bd1f6c987cc2b1f85b", "authenticityScore": 100, "originalVehicleVin": "1UEDTAW9H0WB8FM8W", "originalCertificateId": "cfd9f91d-850b-4258-a094-abd19af2ea71", "originalCompositeHash": "e17b751a2f855cd4d9ce1dcbc00dc906ce4f79207a5a803533aaf0de7b080268", "originalCertificateFound": true, "originalCertificateNumber": "CTPL-2026-C9EAZQ"}}}
1df21fef-8993-4dba-b1d0-dc7b6aeada64	98306c80-511b-4126-a27f-85cad274594a	CLEARANCE_REQUESTS_AUTO_SENT	Clearance requests automatically sent to organizations. HPG: Yes, Insurance: Yes. Auto-verification: Insurance: APPROVED (Auto)	36b86e7e-7668-49dc-8dd6-6610ce092a73	2026-01-25 08:39:19.421425	\N	{"hpgRequestId": "bb641db8-bc9e-4d17-9e08-671bf4b14bb7", "insuranceRequestId": "2d5c0635-7a72-414b-96c7-53c73fa57d0b", "autoVerificationResults": {"insurance": {"basis": {"hashUnique": true, "notExpired": true, "patternValid": true}, "score": 100, "status": "APPROVED", "ocrData": {"insuranceExpiry": "25-Jan-2027", "insuranceCompany": "Details\\nCompany Name", "insurancePolicyNumber": "CTPL-2026-C9EAZQ"}, "automated": true, "hashCheck": {"exists": false, "source": "database"}, "confidence": 1, "patternCheck": {"valid": true, "reason": "Format matches expected pattern", "pattern": "CTPL-YYYY-XXXXXX (e.g., CTPL-2026-C9P5EX)", "confidence": 100, "normalized": "CTPL-2026-C9EAZQ"}, "compositeHash": "2c6cc0b31f05ee6d1fb190c17a318309a570efc598955e38404d1d75c2bffcea", "blockchainTxId": null, "authenticityCheck": {"reason": "Certificate file hash matches original certificate from certificate-generator (issuer verified)", "source": "issued_certificates", "authentic": true, "matchType": "file_hash", "blockchainTxId": null, "certificateData": {"coverageType": "CTPL", "coverageAmount": "PHP 200,000 / PHP 50,000"}, "originalFileHash": "f2c3d6481d0fdd1932e2bea7a536874997675e8fe2c776bd1f6c987cc2b1f85b", "authenticityScore": 100, "originalVehicleVin": "1UEDTAW9H0WB8FM8W", "originalCertificateId": "cfd9f91d-850b-4258-a094-abd19af2ea71", "originalCompositeHash": "e17b751a2f855cd4d9ce1dcbc00dc906ce4f79207a5a803533aaf0de7b080268", "originalCertificateFound": true, "originalCertificateNumber": "CTPL-2026-C9EAZQ"}}}}
4f3fb96d-bfb2-4b40-b273-254895083060	98306c80-511b-4126-a27f-85cad274594a	HPG_AUTO_VERIFY	HPG auto-verification completed. Confidence: 100%. Recommendation: AUTO_APPROVE	654bb34d-fec4-458c-94bc-2223d885a6d7	2026-01-25 08:40:37.459915	\N	{"hashCheck": {"exists": false, "source": "database"}, "compositeHash": "dad23266162b929965f569944fb85944b559f2997bf26c287d34701d1e7d23e5", "recommendation": "AUTO_APPROVE", "scoreBreakdown": {"total": 100, "dataMatch": 5, "dataExtraction": 30, "hashUniqueness": 20, "documentCompleteness": 15, "certificateAuthenticity": 30}, "confidenceScore": 100, "authenticityCheck": {"reason": "Certificate file hash matches original certificate from certificate-generator (issuer verified)", "source": "issued_certificates", "authentic": true, "matchType": "file_hash", "blockchainTxId": null, "certificateData": {"vehiclePlate": "LLE-2077", "verificationDetails": {"engine_condition": "Good", "chassis_condition": "Good"}}, "originalFileHash": "0caff3617bac7bfdb18496aeee479501908265683fa436b83338a2a76186832f", "authenticityScore": 100, "originalVehicleVin": "1UEDTAW9H0WB8FM8W", "originalCertificateId": "f692159e-c6ed-4d1a-a5e6-09ad8698a3ba", "originalCompositeHash": "70f2a89ed2e92f397dcb2ad350db479ecea6e4ab2b2af261daba76940b8f125a", "originalCertificateFound": true, "originalCertificateNumber": "HPG-2026-YW6JP4"}, "clearanceRequestId": "bb641db8-bc9e-4d17-9e08-671bf4b14bb7"}
a147912a-930d-452d-ad88-20e2ecabfb5d	98306c80-511b-4126-a27f-85cad274594a	HPG_CLEARANCE_APPROVED	HPG verification approved by hpg@hpg.gov.ph. 	654bb34d-fec4-458c-94bc-2223d885a6d7	2026-01-25 08:40:44.206049	\N	{"engineNumber": "4GR-CE103258", "macroEtching": false, "chassisNumber": "1UEDTAW9H0WB8FM8W", "blockchainTxId": null, "blockchainError": null, "clearanceRequestId": "bb641db8-bc9e-4d17-9e08-671bf4b14bb7"}
a7556354-e144-4822-9a8a-b42e2075a4b7	6c141f8b-ca45-479a-8fb2-5e92ef6e8ed3	REGISTERED	Vehicle registration submitted	5a672d9b-dabc-4778-b380-7587dadab040	2026-01-25 08:41:59.234552	\N	{"ownerName": "Jasper Dulla", "timestamp": "2026-01-25T08:41:59.234Z", "ownerEmail": "dullajasperdave@gmail.com", "vehicleVin": "KFB5A57GS16JU3P6M", "vehicleMake": "Honda", "hasDocuments": true, "vehicleModel": "ADV 160", "documentCount": 5, "documentTypes": ["insuranceCertificate", "pnpHpgClearance", "salesInvoice", "certificateOfStockReport", "ownerValidId"], "vehiclePlateNumber": "RCP-2196"}
8622b0e9-66f5-45e7-bb58-570eeae86f75	6c141f8b-ca45-479a-8fb2-5e92ef6e8ed3	HPG_CLEARANCE_REQUESTED	HPG clearance automatically requested. Purpose: Initial Vehicle Registration - HPG Clearance	5a672d9b-dabc-4778-b380-7587dadab040	2026-01-25 08:41:59.957246	\N	{"clearanceRequestId": "b18cbe33-97f8-4486-a5b8-1e4096782a2a"}
d9b53649-c958-4914-82c7-00b7b745fce0	6c141f8b-ca45-479a-8fb2-5e92ef6e8ed3	HPG_AUTOMATION_PHASE1	HPG Phase 1 automation completed. Metadata used, Database: CLEAN	5a672d9b-dabc-4778-b380-7587dadab040	2026-01-25 08:41:59.979207	\N	{"extractedData": {"vin": "KFB5A57GS16JU3P6M", "source": "vehicle_metadata", "plateNumber": "RCP-2196", "engineNumber": "2NR-FE818323", "ocrExtracted": false, "chassisNumber": "KFB5A57GS16JU3P6M"}, "clearanceRequestId": "b18cbe33-97f8-4486-a5b8-1e4096782a2a", "databaseCheckResult": {"status": "CLEAN", "details": "Vehicle not found in HPG hot list", "checkedAt": "2026-01-25T08:41:59.965Z", "matchedRecords": [], "recommendation": "PROCEED"}}
14260c22-68f1-407d-b0d8-a168c2f0d73a	6c141f8b-ca45-479a-8fb2-5e92ef6e8ed3	INSURANCE_AUTO_VERIFIED_APPROVED	Insurance auto-verified and approved. Score: 100%	5a672d9b-dabc-4778-b380-7587dadab040	2026-01-25 08:42:00.169904	\N	{"documentId": "10a82e1b-3b54-4eca-8974-aebcd16b0fcc", "clearanceRequestId": "769de1a0-fb9a-47c0-b346-968088172ce2", "autoVerificationResult": {"basis": {"hashUnique": true, "notExpired": true, "patternValid": true}, "score": 100, "status": "APPROVED", "ocrData": {"insuranceExpiry": "25-Jan-2027", "insuranceCompany": "Details\\nCompany Name", "insurancePolicyNumber": "CTPL-2026-QPN0R0"}, "automated": true, "hashCheck": {"exists": false, "source": "database"}, "confidence": 1, "patternCheck": {"valid": true, "reason": "Format matches expected pattern", "pattern": "CTPL-YYYY-XXXXXX (e.g., CTPL-2026-C9P5EX)", "confidence": 100, "normalized": "CTPL-2026-QPN0R0"}, "compositeHash": "3c0eea06e472cc0fe8935368c5730362658ed5527664f1ea9ef5709fa1bbf777", "blockchainTxId": null, "authenticityCheck": {"reason": "Certificate file hash matches original certificate from certificate-generator (issuer verified)", "source": "issued_certificates", "authentic": true, "matchType": "file_hash", "blockchainTxId": null, "certificateData": {"coverageType": "CTPL", "coverageAmount": "PHP 200,000 / PHP 50,000"}, "originalFileHash": "b84b40c974d97eaa3fc4b66667ad44f6673b25d890a315f04f6399e1cf89496a", "authenticityScore": 100, "originalVehicleVin": "KFB5A57GS16JU3P6M", "originalCertificateId": "32f2b735-0428-468f-a011-7c1960fdc442", "originalCompositeHash": "df493866d3abeee4348979444e2a5ac9c5201c5ef66067be5091128019b6f5c6", "originalCertificateFound": true, "originalCertificateNumber": "CTPL-2026-QPN0R0"}}}
eb1ac77a-1caf-462a-ae09-b6c9976f63be	6c141f8b-ca45-479a-8fb2-5e92ef6e8ed3	CLEARANCE_REQUESTS_AUTO_SENT	Clearance requests automatically sent to organizations. HPG: Yes, Insurance: Yes. Auto-verification: Insurance: APPROVED (Auto)	5a672d9b-dabc-4778-b380-7587dadab040	2026-01-25 08:42:00.188263	\N	{"hpgRequestId": "b18cbe33-97f8-4486-a5b8-1e4096782a2a", "insuranceRequestId": "769de1a0-fb9a-47c0-b346-968088172ce2", "autoVerificationResults": {"insurance": {"basis": {"hashUnique": true, "notExpired": true, "patternValid": true}, "score": 100, "status": "APPROVED", "ocrData": {"insuranceExpiry": "25-Jan-2027", "insuranceCompany": "Details\\nCompany Name", "insurancePolicyNumber": "CTPL-2026-QPN0R0"}, "automated": true, "hashCheck": {"exists": false, "source": "database"}, "confidence": 1, "patternCheck": {"valid": true, "reason": "Format matches expected pattern", "pattern": "CTPL-YYYY-XXXXXX (e.g., CTPL-2026-C9P5EX)", "confidence": 100, "normalized": "CTPL-2026-QPN0R0"}, "compositeHash": "3c0eea06e472cc0fe8935368c5730362658ed5527664f1ea9ef5709fa1bbf777", "blockchainTxId": null, "authenticityCheck": {"reason": "Certificate file hash matches original certificate from certificate-generator (issuer verified)", "source": "issued_certificates", "authentic": true, "matchType": "file_hash", "blockchainTxId": null, "certificateData": {"coverageType": "CTPL", "coverageAmount": "PHP 200,000 / PHP 50,000"}, "originalFileHash": "b84b40c974d97eaa3fc4b66667ad44f6673b25d890a315f04f6399e1cf89496a", "authenticityScore": 100, "originalVehicleVin": "KFB5A57GS16JU3P6M", "originalCertificateId": "32f2b735-0428-468f-a011-7c1960fdc442", "originalCompositeHash": "df493866d3abeee4348979444e2a5ac9c5201c5ef66067be5091128019b6f5c6", "originalCertificateFound": true, "originalCertificateNumber": "CTPL-2026-QPN0R0"}}}}
dde16c31-2d34-40fe-8d85-39b466e7c290	98306c80-511b-4126-a27f-85cad274594a	BLOCKCHAIN_REGISTERED	Vehicle registered on Hyperledger Fabric. TX: b921fcdd6b7527baea8468609ee0468736a0fdb6902448d16ab8f4c501f67fc1	a57fd791-bef2-4881-baa9-bfbd1c8b799c	2026-01-25 08:42:18.556525	b921fcdd6b7527baea8468609ee0468736a0fdb6902448d16ab8f4c501f67fc1	{"source": "lto_final_approval", "crNumber": "CR-2026-000007", "orNumber": "OR-2026-000007", "chaincode": "vehicle-registration", "mvirNumber": null, "registeredAt": "2026-01-25T08:42:18.556Z", "fabricNetwork": "ltochannel"}
98b3637a-72ea-4f40-ae23-0fb5fc8bb944	98306c80-511b-4126-a27f-85cad274594a	CLEARANCE_APPROVED	Clearance approved by admin@lto.gov.ph. OR: OR-2026-000007, CR: CR-2026-000007. Application approved by admin	a57fd791-bef2-4881-baa9-bfbd1c8b799c	2026-01-25 08:42:19.161351	b921fcdd6b7527baea8468609ee0468736a0fdb6902448d16ab8f4c501f67fc1	{"notes": "Application approved by admin", "crNumber": "CR-2026-000007", "orNumber": "OR-2026-000007", "crIssuedAt": "2026-01-25T08:42:18.342Z", "orCrNumber": "OR-2026-000007", "orIssuedAt": "2026-01-25T08:42:18.342Z", "orCrIssuedAt": "2026-01-25T08:42:18.342Z", "verifications": [{"type": "insurance", "status": "APPROVED"}, {"type": "hpg", "status": "APPROVED"}], "blockchainTxId": "b921fcdd6b7527baea8468609ee0468736a0fdb6902448d16ab8f4c501f67fc1"}
f062221d-e266-4072-8bd5-e4e9efbe7b13	98306c80-511b-4126-a27f-85cad274594a	TRANSFER_REQUESTED	Transfer request submitted by kimandrei012@gmail.com	36b86e7e-7668-49dc-8dd6-6610ce092a73	2026-01-25 08:46:02.318155	\N	{"transferRequestId": "0f63c604-950e-4fa8-9616-d34014bef14e"}
2526ed73-62c2-4275-9330-7d9a5789ea7d	8f16185b-84a1-4e4f-b3d0-b267326e02d4	TRANSFER_REQUESTED	Transfer request submitted by latagjoshuaivan@gmail.com	1b76c49c-b8d7-4c10-84aa-6b2bfd1c3fbc	2026-01-25 09:16:01.387279	\N	{"transferRequestId": "19d273a6-582b-4b96-9233-19f677cc891e"}
b08b21a1-d865-4dc3-85f1-e046af825c0b	8f16185b-84a1-4e4f-b3d0-b267326e02d4	TRANSFER_REQUESTED	Transfer request submitted by latagjoshuaivan@gmail.com	1b76c49c-b8d7-4c10-84aa-6b2bfd1c3fbc	2026-01-25 09:40:06.111808	\N	{"transferRequestId": "befa5c1a-ceda-4d70-88a6-6eafaae6d962"}
7817d91f-4769-406f-b5f6-55bcb14d67db	98306c80-511b-4126-a27f-85cad274594a	HPG_AUTOMATION_PHASE1	HPG Phase 1 automation completed for transfer. OCR: No, Database: CLEAN	1b76c49c-b8d7-4c10-84aa-6b2bfd1c3fbc	2026-01-25 09:53:57.786793	\N	{"extractedData": null, "transferRequestId": "0f63c604-950e-4fa8-9616-d34014bef14e", "clearanceRequestId": "abf8aa59-e3c7-47e9-a268-6eaebb7befec", "databaseCheckResult": {"status": "CLEAN", "details": "Vehicle not found in HPG hot list", "checkedAt": "2026-01-25T09:53:57.777Z", "matchedRecords": [], "recommendation": "PROCEED"}}
bbbc7549-a336-42c0-b2db-3349beca7637	98306c80-511b-4126-a27f-85cad274594a	TRANSFER_FORWARDED_TO_HPG	Transfer request forwarded to HPG for clearance review	1b76c49c-b8d7-4c10-84aa-6b2bfd1c3fbc	2026-01-25 09:53:57.798854	\N	{"autoTriggered": true, "documentsSent": 2, "transferRequestId": "0f63c604-950e-4fa8-9616-d34014bef14e", "clearanceRequestId": "abf8aa59-e3c7-47e9-a268-6eaebb7befec"}
4b586ee8-89d0-4953-8332-973078d12c66	98306c80-511b-4126-a27f-85cad274594a	TRANSFER_HPG_AUTO_VERIFIED_PENDING	Transfer HPG auto-verified but flagged for manual review. Score: 93%, Reason: undefined	1b76c49c-b8d7-4c10-84aa-6b2bfd1c3fbc	2026-01-25 09:53:58.312846	\N	{"transferRequestId": "0f63c604-950e-4fa8-9616-d34014bef14e", "clearanceRequestId": "abf8aa59-e3c7-47e9-a268-6eaebb7befec", "autoVerificationResult": {"score": 93, "status": "PENDING", "ocrData": {"year": "2026", "color": "White", "model": "Royal Classic 350", "series": "Royal Classic 350", "yearModel": "2026", "plateNumber": "LLE-2077"}, "automated": true, "hashCheck": {"exists": false, "source": "database"}, "confidence": 0.93, "compositeHash": "ed82946fb694685628220d3279d91d9c6b6667d9412c1a1203297cd8f0cd8f77", "preFilledData": {"engineNumber": "4GR-CE103258", "chassisNumber": "1UEDTAW9H0WB8FM8W"}, "dataComparison": {"engineMatchVehicle": true, "chassisMatchVehicle": true, "engineMatchOriginal": false, "chassisMatchOriginal": false, "originalCertificateData": {"vehiclePlate": "LLE-2077", "transferRequestId": null, "verificationDetails": "No adverse record found. Vehicle cleared for registration.", "originalCertificateType": "hpg_clearance"}}, "recommendation": "AUTO_APPROVE", "scoreBreakdown": {"total": 93, "dataMatch": 5, "dataExtraction": 30, "hashUniqueness": 20, "documentCompleteness": 8, "certificateAuthenticity": 30}, "authenticityCheck": {"reason": "Certificate file hash matches original certificate from certificate-generator (issuer verified)", "source": "issued_certificates", "authentic": true, "matchType": "file_hash", "blockchainTxId": null, "certificateData": {"vehiclePlate": "LLE-2077", "transferRequestId": null, "verificationDetails": "No adverse record found. Vehicle cleared for registration.", "originalCertificateType": "hpg_clearance"}, "originalFileHash": "75e22dd8533cdc729bb582944d356df1b494b63d0e3698e10fed7d6bd15af335", "authenticityScore": 100, "originalVehicleVin": "1UEDTAW9H0WB8FM8W", "originalCertificateId": "ef4f8114-fa84-4d16-add9-89833ac1f4b6", "originalCompositeHash": "ade49b57d0c6a6b72f4a65b555d1fb47b1441059261887cf993062a72d1d322e", "originalCertificateFound": true, "originalCertificateNumber": "HPG-2026-QUQGX0"}, "recommendationReason": "High confidence score. Certificate authenticated via blockchain. All checks passed. Manual physical inspection still required."}}
c3930462-a60c-4924-99bd-07fd59ec4300	98306c80-511b-4126-a27f-85cad274594a	TRANSFER_FORWARDED_TO_INSURANCE	Transfer request forwarded to Insurance for clearance review	1b76c49c-b8d7-4c10-84aa-6b2bfd1c3fbc	2026-01-25 09:53:58.35659	\N	{"autoTriggered": true, "documentsSent": 1, "transferRequestId": "0f63c604-950e-4fa8-9616-d34014bef14e", "clearanceRequestId": "cdc207be-39e0-46e1-99db-af94ae48165e"}
91c58822-2266-4aa3-9def-29eb1ed9078c	98306c80-511b-4126-a27f-85cad274594a	TRANSFER_INSURANCE_AUTO_VERIFIED_APPROVED	Transfer Insurance auto-verified and approved. Score: 100%	1b76c49c-b8d7-4c10-84aa-6b2bfd1c3fbc	2026-01-25 09:53:58.555237	\N	{"transferRequestId": "0f63c604-950e-4fa8-9616-d34014bef14e", "clearanceRequestId": "cdc207be-39e0-46e1-99db-af94ae48165e", "autoVerificationResult": {"basis": {"hashUnique": true, "notExpired": true, "patternValid": true}, "score": 100, "status": "APPROVED", "ocrData": {"insuranceExpiry": "25-Jan-2027", "insuranceCompany": "Details\\nCompany Name", "insurancePolicyNumber": "CTPL-2026-QDBVZF"}, "automated": true, "hashCheck": {"exists": false, "source": "database"}, "confidence": 1, "patternCheck": {"valid": true, "reason": "Format matches expected pattern", "pattern": "CTPL-YYYY-XXXXXX (e.g., CTPL-2026-C9P5EX)", "confidence": 100, "normalized": "CTPL-2026-QDBVZF"}, "compositeHash": "f50105bc6c1c1141f7207f9410e31fb32778fcdf4594bcdaf69455640a4b01a4", "blockchainTxId": null, "authenticityCheck": {"reason": "Certificate file hash matches original certificate from certificate-generator (issuer verified)", "source": "issued_certificates", "authentic": true, "matchType": "file_hash", "blockchainTxId": null, "certificateData": {"coverageType": "CTPL", "coverageAmount": "PHP 200,000 / PHP 50,000", "transferRequestId": null, "originalCertificateType": "insurance"}, "originalFileHash": "a453c398b694c98a10c7e4e1e93b54915cd095a4cb670e82e8664d57b45191dd", "authenticityScore": 100, "originalVehicleVin": "1UEDTAW9H0WB8FM8W", "originalCertificateId": "62b76030-408c-4156-8a69-0b1188465e78", "originalCompositeHash": "9fed2baefba5feef1c1b26285573f8339d276785d5d7b4962104b7081389ae86", "originalCertificateFound": true, "originalCertificateNumber": "CTPL-2026-QDBVZF"}}}
e0f4752c-ecdf-41d0-a6fe-0bf09d0fc8a8	98306c80-511b-4126-a27f-85cad274594a	LTO_INSPECTION_COMPLETED	LTO inspection completed. Result: PASS, Roadworthiness: ROADWORTHY. MVIR: MVIR-2026-000002	a57fd791-bef2-4881-baa9-bfbd1c8b799c	2026-01-25 09:55:29.045712	\N	{"mvirNumber": "MVIR-2026-000002", "inspectionResult": "PASS", "inspectionOfficer": "Admin User", "roadworthinessStatus": "ROADWORTHY"}
f94252df-7dcf-4687-b32b-a53955b731f8	98306c80-511b-4126-a27f-85cad274594a	HPG_AUTO_VERIFY	HPG auto-verification completed. Confidence: 100%. Recommendation: AUTO_APPROVE	654bb34d-fec4-458c-94bc-2223d885a6d7	2026-01-25 10:13:46.839312	\N	{"hashCheck": {"exists": false, "source": "database"}, "compositeHash": "e3e161366891ac9a7672adffc5983cfda70a1efd50b7aeaca84a4b2814c16b6f", "recommendation": "AUTO_APPROVE", "scoreBreakdown": {"total": 100, "dataMatch": 5, "dataExtraction": 30, "hashUniqueness": 20, "documentCompleteness": 15, "certificateAuthenticity": 30}, "confidenceScore": 100, "authenticityCheck": {"reason": "Certificate file hash matches original certificate from certificate-generator (issuer verified)", "source": "issued_certificates", "authentic": true, "matchType": "file_hash", "blockchainTxId": null, "certificateData": {"vehiclePlate": "LLE-2077", "transferRequestId": null, "verificationDetails": "No adverse record found. Vehicle cleared for registration.", "originalCertificateType": "hpg_clearance"}, "originalFileHash": "75e22dd8533cdc729bb582944d356df1b494b63d0e3698e10fed7d6bd15af335", "authenticityScore": 100, "originalVehicleVin": "1UEDTAW9H0WB8FM8W", "originalCertificateId": "ef4f8114-fa84-4d16-add9-89833ac1f4b6", "originalCompositeHash": "ade49b57d0c6a6b72f4a65b555d1fb47b1441059261887cf993062a72d1d322e", "originalCertificateFound": true, "originalCertificateNumber": "HPG-2026-QUQGX0"}, "clearanceRequestId": "abf8aa59-e3c7-47e9-a268-6eaebb7befec"}
79ce691b-8e42-49da-9511-cdef9859c47d	98306c80-511b-4126-a27f-85cad274594a	TRANSFER_HPG_APPROVED	HPG approved transfer request 0f63c604-950e-4fa8-9616-d34014bef14e via clearance request abf8aa59-e3c7-47e9-a268-6eaebb7befec	654bb34d-fec4-458c-94bc-2223d885a6d7	2026-01-25 10:13:52.668589	\N	{"notes": null, "transferRequestId": "0f63c604-950e-4fa8-9616-d34014bef14e", "clearanceRequestId": "abf8aa59-e3c7-47e9-a268-6eaebb7befec"}
4d89a160-397f-434a-b730-53a7f8f5e8b7	98306c80-511b-4126-a27f-85cad274594a	HPG_CLEARANCE_APPROVED	HPG verification approved by hpg@hpg.gov.ph. 	654bb34d-fec4-458c-94bc-2223d885a6d7	2026-01-25 10:13:53.141516	\N	{"engineNumber": "4GR-CE103258", "macroEtching": false, "chassisNumber": "1UEDTAW9H0WB8FM8W", "blockchainTxId": null, "blockchainError": "Verification update failed: No valid responses from any peers. Errors:\\n    peer=peer0.lto.gov.ph, status=500, message=Failed to update verification status: Invalid verifier type: hpg", "clearanceRequestId": "abf8aa59-e3c7-47e9-a268-6eaebb7befec"}
6f8b3990-42e2-4a09-b859-4393064d7fbb	98306c80-511b-4126-a27f-85cad274594a	BLOCKCHAIN_TRANSFERRED	Ownership transfer recorded on Hyperledger Fabric. TX: b27e473873307e656cbbe04a83b20bed86f675320f2f3e60debe5efedc4c96df	a57fd791-bef2-4881-baa9-bfbd1c8b799c	2026-01-25 10:58:48.394768	b27e473873307e656cbbe04a83b20bed86f675320f2f3e60debe5efedc4c96df	{"source": "transfer_approval", "newOwner": "latagjoshuaivan@gmail.com", "chaincode": "vehicle-registration", "fabricNetwork": "ltochannel", "previousOwner": "kimandrei012@gmail.com", "transferredAt": "2026-01-25T10:58:48.394Z", "transferRequestId": "0f63c604-950e-4fa8-9616-d34014bef14e"}
ddd6802a-41a3-42e3-911d-50a82e5f27cb	98306c80-511b-4126-a27f-85cad274594a	TRANSFER_COMPLETED	Transfer completed: Ownership transferred from Kim Andrei Besmar to Joshua Ivan Latag	a57fd791-bef2-4881-baa9-bfbd1c8b799c	2026-01-25 10:58:48.44899	b27e473873307e656cbbe04a83b20bed86f675320f2f3e60debe5efedc4c96df	{"approvedBy": "a57fd791-bef2-4881-baa9-bfbd1c8b799c", "newOwnerId": "1b76c49c-b8d7-4c10-84aa-6b2bfd1c3fbc", "newOwnerName": "Joshua Ivan Latag", "transferDate": "2026-01-25T10:58:48.448Z", "newOwnerEmail": "latagjoshuaivan@gmail.com", "blockchainTxId": "b27e473873307e656cbbe04a83b20bed86f675320f2f3e60debe5efedc4c96df", "transferReason": "Sale", "previousOwnerId": "36b86e7e-7668-49dc-8dd6-6610ce092a73", "previousOwnerName": "Kim Andrei Besmar", "transferRequestId": "0f63c604-950e-4fa8-9616-d34014bef14e", "previousOwnerEmail": "kimandrei012@gmail.com"}
157f0b95-da8d-4b3a-9f1d-6e4cf522f074	047cad0d-57fc-4a82-85cc-2eed577a56f8	INSURANCE_AUTO_VERIFIED_APPROVED	Insurance auto-verified and approved. Score: 100%	36b86e7e-7668-49dc-8dd6-6610ce092a73	2026-01-26 07:31:59.066854	\N	{"documentId": "53767c53-fcc2-478e-ba4f-e7f806ee50ba", "clearanceRequestId": "f04843ad-e200-4945-b3c5-868f37037da0", "autoVerificationResult": {"basis": {"hashUnique": true, "notExpired": true, "patternValid": true}, "score": 100, "status": "APPROVED", "ocrData": {"insuranceExpiry": "26-Jan-2027", "insuranceCompany": "Details\\nCompany Name", "insurancePolicyNumber": "CTPL-2026-3U1RM5"}, "automated": true, "hashCheck": {"exists": false, "source": "database"}, "confidence": 1, "patternCheck": {"valid": true, "reason": "Format matches expected pattern", "pattern": "CTPL-YYYY-XXXXXX (e.g., CTPL-2026-C9P5EX)", "confidence": 100, "normalized": "CTPL-2026-3U1RM5"}, "compositeHash": "12aa4227111e45db504caaf4f4134693d4cd8974738cf1d59e2a7fda2d467015", "blockchainTxId": null, "authenticityCheck": {"reason": "Certificate file hash matches original certificate from certificate-generator (issuer verified)", "source": "issued_certificates", "authentic": true, "matchType": "file_hash", "blockchainTxId": null, "certificateData": {"coverageType": "CTPL", "coverageAmount": "PHP 200,000 / PHP 50,000"}, "originalFileHash": "ee3396de5211bc190f537443324d4573bbc0db75458b16d28bfca122df573c41", "authenticityScore": 100, "originalVehicleVin": "4NHY0RU1LP7T93D20", "originalCertificateId": "06faedf7-9131-493f-8a53-04a384662d4e", "originalCompositeHash": "6b8b539aa21f6de190093e999000dd8422597844ff7bc21bb4c8de114123fffe", "originalCertificateFound": true, "originalCertificateNumber": "CTPL-2026-3U1RM5"}}}
406c2c3e-9916-42e8-b792-73e8a12b641f	047cad0d-57fc-4a82-85cc-2eed577a56f8	CLEARANCE_REQUESTS_AUTO_SENT	Clearance requests automatically sent to organizations. HPG: Yes, Insurance: Yes. Auto-verification: Insurance: APPROVED (Auto)	36b86e7e-7668-49dc-8dd6-6610ce092a73	2026-01-26 07:31:59.080872	\N	{"hpgRequestId": "07feb258-1a82-4c72-9dcd-9c95e9caee9b", "insuranceRequestId": "f04843ad-e200-4945-b3c5-868f37037da0", "autoVerificationResults": {"insurance": {"basis": {"hashUnique": true, "notExpired": true, "patternValid": true}, "score": 100, "status": "APPROVED", "ocrData": {"insuranceExpiry": "26-Jan-2027", "insuranceCompany": "Details\\nCompany Name", "insurancePolicyNumber": "CTPL-2026-3U1RM5"}, "automated": true, "hashCheck": {"exists": false, "source": "database"}, "confidence": 1, "patternCheck": {"valid": true, "reason": "Format matches expected pattern", "pattern": "CTPL-YYYY-XXXXXX (e.g., CTPL-2026-C9P5EX)", "confidence": 100, "normalized": "CTPL-2026-3U1RM5"}, "compositeHash": "12aa4227111e45db504caaf4f4134693d4cd8974738cf1d59e2a7fda2d467015", "blockchainTxId": null, "authenticityCheck": {"reason": "Certificate file hash matches original certificate from certificate-generator (issuer verified)", "source": "issued_certificates", "authentic": true, "matchType": "file_hash", "blockchainTxId": null, "certificateData": {"coverageType": "CTPL", "coverageAmount": "PHP 200,000 / PHP 50,000"}, "originalFileHash": "ee3396de5211bc190f537443324d4573bbc0db75458b16d28bfca122df573c41", "authenticityScore": 100, "originalVehicleVin": "4NHY0RU1LP7T93D20", "originalCertificateId": "06faedf7-9131-493f-8a53-04a384662d4e", "originalCompositeHash": "6b8b539aa21f6de190093e999000dd8422597844ff7bc21bb4c8de114123fffe", "originalCertificateFound": true, "originalCertificateNumber": "CTPL-2026-3U1RM5"}}}}
ad58f972-7946-4cac-b0b1-003cd487472c	047cad0d-57fc-4a82-85cc-2eed577a56f8	HPG_AUTO_VERIFY	HPG auto-verification completed. Confidence: 100%. Recommendation: AUTO_APPROVE	654bb34d-fec4-458c-94bc-2223d885a6d7	2026-01-26 07:33:23.578999	\N	{"hashCheck": {"exists": false, "source": "database"}, "compositeHash": "9e907de8b3b67a8c18ebf70914fab18bf525e157880cfc8dca42dc5f23fd0c45", "recommendation": "AUTO_APPROVE", "scoreBreakdown": {"total": 100, "dataMatch": 5, "dataExtraction": 30, "hashUniqueness": 20, "documentCompleteness": 15, "certificateAuthenticity": 30}, "confidenceScore": 100, "authenticityCheck": {"reason": "Certificate file hash matches original certificate from certificate-generator (issuer verified)", "source": "issued_certificates", "authentic": true, "matchType": "file_hash", "blockchainTxId": null, "certificateData": {"vehiclePlate": "KDS-4361", "verificationDetails": {"engine_condition": "Good", "chassis_condition": "Good"}}, "originalFileHash": "3c07f5a2aee93ab2b3eb4170cfdb08573480f2e09f21d04aea6d4c2b9d990903", "authenticityScore": 100, "originalVehicleVin": "4NHY0RU1LP7T93D20", "originalCertificateId": "bf2dc7c4-c1dc-4b62-adf4-1b96e92423de", "originalCompositeHash": "ab431bed6d20376ab19f942e17c9b5c7bf70fc007fdaf3ccab2199ab166e54bf", "originalCertificateFound": true, "originalCertificateNumber": "HPG-2026-TIR609"}, "clearanceRequestId": "07feb258-1a82-4c72-9dcd-9c95e9caee9b"}
c4501ac2-30f6-4516-b4eb-e51e42009bf5	047cad0d-57fc-4a82-85cc-2eed577a56f8	HPG_CLEARANCE_APPROVED	HPG verification approved by hpg@hpg.gov.ph. 	654bb34d-fec4-458c-94bc-2223d885a6d7	2026-01-26 07:35:06.360162	\N	{"engineNumber": "1GR-CE361136", "macroEtching": false, "chassisNumber": "4NHY0RU1LP7T93D20", "blockchainTxId": null, "blockchainError": null, "clearanceRequestId": "07feb258-1a82-4c72-9dcd-9c95e9caee9b"}
19ff60d5-35dd-4113-8c54-395879e600db	98306c80-511b-4126-a27f-85cad274594a	TRANSFER_REQUESTED	Transfer request submitted by latagjoshuaivan@gmail.com	1b76c49c-b8d7-4c10-84aa-6b2bfd1c3fbc	2026-01-26 07:44:29.886499	\N	{"transferRequestId": "c8856697-7c27-4946-9c73-9f210b4da45b"}
f7f56503-b88c-46b0-9233-6b226881d9a8	98306c80-511b-4126-a27f-85cad274594a	HPG_AUTOMATION_PHASE1	HPG Phase 1 automation completed for transfer. OCR: No, Database: CLEAN	36b86e7e-7668-49dc-8dd6-6610ce092a73	2026-01-26 07:45:43.453611	\N	{"extractedData": null, "transferRequestId": "c8856697-7c27-4946-9c73-9f210b4da45b", "clearanceRequestId": "70f506c8-a05a-4fce-bb1e-5f8f8a4cd7db", "databaseCheckResult": {"status": "CLEAN", "details": "Vehicle not found in HPG hot list", "checkedAt": "2026-01-26T07:45:43.446Z", "matchedRecords": [], "recommendation": "PROCEED"}}
663efaca-390f-4361-9147-5b7b51dcd071	98306c80-511b-4126-a27f-85cad274594a	TRANSFER_FORWARDED_TO_HPG	Transfer request forwarded to HPG for clearance review	36b86e7e-7668-49dc-8dd6-6610ce092a73	2026-01-26 07:45:43.463716	\N	{"autoTriggered": true, "documentsSent": 2, "transferRequestId": "c8856697-7c27-4946-9c73-9f210b4da45b", "clearanceRequestId": "70f506c8-a05a-4fce-bb1e-5f8f8a4cd7db"}
5646460b-c419-43a2-8a83-ae33fb2a0248	98306c80-511b-4126-a27f-85cad274594a	TRANSFER_HPG_AUTO_VERIFIED_PENDING	Transfer HPG auto-verified but flagged for manual review. Score: 93%, Reason: undefined	36b86e7e-7668-49dc-8dd6-6610ce092a73	2026-01-26 07:45:43.592009	\N	{"transferRequestId": "c8856697-7c27-4946-9c73-9f210b4da45b", "clearanceRequestId": "70f506c8-a05a-4fce-bb1e-5f8f8a4cd7db", "autoVerificationResult": {"score": 93, "status": "PENDING", "ocrData": {"year": "2026", "color": "White", "model": "Ford Ranger", "series": "Ford Ranger", "yearModel": "2026", "plateNumber": "KDS-4361"}, "automated": true, "hashCheck": {"exists": false, "source": "database"}, "confidence": 0.93, "compositeHash": "a4d173cbebccdee718327c7b203d3c38891a58ac93bf482cbd96112a6acfa070", "preFilledData": {"engineNumber": "4GR-CE103258", "chassisNumber": "1UEDTAW9H0WB8FM8W"}, "dataComparison": {"engineMatchVehicle": true, "chassisMatchVehicle": true, "engineMatchOriginal": false, "chassisMatchOriginal": false, "originalCertificateData": {"vehiclePlate": "KDS-4361", "verificationDetails": {"engine_condition": "Good", "chassis_condition": "Good"}}}, "recommendation": "AUTO_APPROVE", "scoreBreakdown": {"total": 93, "dataMatch": 5, "dataExtraction": 30, "hashUniqueness": 20, "documentCompleteness": 8, "certificateAuthenticity": 30}, "authenticityCheck": {"reason": "Certificate file hash matches original certificate from certificate-generator (issuer verified)", "source": "issued_certificates", "authentic": true, "matchType": "file_hash", "blockchainTxId": null, "certificateData": {"vehiclePlate": "KDS-4361", "verificationDetails": {"engine_condition": "Good", "chassis_condition": "Good"}}, "originalFileHash": "3c07f5a2aee93ab2b3eb4170cfdb08573480f2e09f21d04aea6d4c2b9d990903", "authenticityScore": 100, "originalVehicleVin": "4NHY0RU1LP7T93D20", "originalCertificateId": "bf2dc7c4-c1dc-4b62-adf4-1b96e92423de", "originalCompositeHash": "ab431bed6d20376ab19f942e17c9b5c7bf70fc007fdaf3ccab2199ab166e54bf", "originalCertificateFound": true, "originalCertificateNumber": "HPG-2026-TIR609"}, "recommendationReason": "High confidence score. Certificate authenticated via blockchain. All checks passed. Manual physical inspection still required."}}
c4ad9c52-dba8-4ae0-adfd-39f9e4b379d0	98306c80-511b-4126-a27f-85cad274594a	TRANSFER_FORWARDED_TO_INSURANCE	Transfer request forwarded to Insurance for clearance review	36b86e7e-7668-49dc-8dd6-6610ce092a73	2026-01-26 07:45:43.616455	\N	{"autoTriggered": true, "documentsSent": 1, "transferRequestId": "c8856697-7c27-4946-9c73-9f210b4da45b", "clearanceRequestId": "8c281dfe-239b-498d-a383-51ec5893fa4e"}
374b89bc-ed1b-41b7-aac5-6fc4be790343	98306c80-511b-4126-a27f-85cad274594a	TRANSFER_INSURANCE_AUTO_VERIFIED_APPROVED	Transfer Insurance auto-verified and approved. Score: 100%	36b86e7e-7668-49dc-8dd6-6610ce092a73	2026-01-26 07:45:43.75125	\N	{"transferRequestId": "c8856697-7c27-4946-9c73-9f210b4da45b", "clearanceRequestId": "8c281dfe-239b-498d-a383-51ec5893fa4e", "autoVerificationResult": {"basis": {"hashUnique": true, "notExpired": true, "patternValid": true}, "score": 100, "status": "APPROVED", "ocrData": {"insuranceExpiry": "26-Jan-2027", "insuranceCompany": "Details\\nCompany Name", "insurancePolicyNumber": "CTPL-2026-3U1RM5"}, "automated": true, "hashCheck": {"exists": false, "source": "database"}, "confidence": 1, "patternCheck": {"valid": true, "reason": "Format matches expected pattern", "pattern": "CTPL-YYYY-XXXXXX (e.g., CTPL-2026-C9P5EX)", "confidence": 100, "normalized": "CTPL-2026-3U1RM5"}, "compositeHash": "b3c9ffdda29a15b89bb0e872bc2b49190967569c5a51db99eee4eddd224bd9a5", "blockchainTxId": null, "authenticityCheck": {"reason": "Certificate file hash matches original certificate from certificate-generator (issuer verified)", "source": "issued_certificates", "authentic": true, "matchType": "file_hash", "blockchainTxId": null, "certificateData": {"coverageType": "CTPL", "coverageAmount": "PHP 200,000 / PHP 50,000"}, "originalFileHash": "ee3396de5211bc190f537443324d4573bbc0db75458b16d28bfca122df573c41", "authenticityScore": 100, "originalVehicleVin": "4NHY0RU1LP7T93D20", "originalCertificateId": "06faedf7-9131-493f-8a53-04a384662d4e", "originalCompositeHash": "6b8b539aa21f6de190093e999000dd8422597844ff7bc21bb4c8de114123fffe", "originalCertificateFound": true, "originalCertificateNumber": "CTPL-2026-3U1RM5"}}}
\.


--
-- TOC entry 3845 (class 0 OID 16569)
-- Dependencies: 218
-- Data for Name: vehicle_verifications; Type: TABLE DATA; Schema: public; Owner: lto_user
--

COPY public.vehicle_verifications (id, vehicle_id, verification_type, status, verified_by, verified_at, notes, created_at, updated_at, clearance_request_id, automated, verification_score, verification_metadata, auto_verified_at) FROM stdin;
3f4efbd3-7f75-4c37-85fc-a28b62e11311	2b072bb7-913e-4ea0-9347-f36ccf8d044b	hpg	PENDING	\N	\N	\N	2026-01-24 16:52:36.945567	2026-01-24 16:52:36.945567	\N	f	\N	{}	\N
aaacad24-70e9-4904-a428-9667ef93f94b	2b072bb7-913e-4ea0-9347-f36ccf8d044b	insurance	PENDING	\N	2026-01-24 16:52:37.325946	Auto-verification completed with issues: Certificate authenticity failed: Error checking authenticity: syntax error at or near "from"	2026-01-24 16:52:36.987364	2026-01-24 16:52:37.325946	\N	t	100	{"ocrData": {"insuranceExpiry": "24-Jan-2027", "insuranceCompany": "Details\\nCompany Name", "insurancePolicyNumber": "CTPL-2026-IQR4QU"}, "hashCheck": {"exists": false, "source": "database"}, "verifiedAt": "2026-01-24T16:52:37.286Z", "expiryCheck": {"reason": "Valid", "isValid": true, "expiryDate": "2027-01-24T23:59:59.999Z", "daysUntilExpiry": 365}, "flagReasons": ["Certificate authenticity failed: Error checking authenticity: syntax error at or near \\"from\\""], "autoVerified": true, "patternCheck": {"valid": true, "reason": "Format matches expected pattern", "pattern": "CTPL-YYYY-XXXXXX (e.g., CTPL-2026-C9P5EX)", "confidence": 100, "normalized": "CTPL-2026-IQR4QU"}, "policyNumber": "CTPL-2026-IQR4QU", "authenticityCheck": {"error": "syntax error at or near \\"from\\"", "reason": "Error checking authenticity: syntax error at or near \\"from\\"", "authentic": false, "authenticityScore": 0}, "verificationScore": {"score": 100, "checks": {"hashUnique": true, "notExpired": true, "patternValid": true}, "decision": "APPROVE", "maxScore": 100, "percentage": 100, "patternCheck": {"valid": true, "reason": "Format matches expected pattern", "pattern": "CTPL-YYYY-XXXXXX (e.g., CTPL-2026-C9P5EX)", "confidence": 100, "normalized": "CTPL-2026-IQR4QU"}}, "verificationResult": "FAILED"}	2026-01-24 16:52:37.325946
1fd92776-96f6-4861-ba7b-c0f8428963f4	e302a557-2f17-4c3d-9630-f859b8404327	hpg	PENDING	\N	\N	\N	2026-01-24 18:27:55.129606	2026-01-24 18:27:55.129606	\N	f	\N	{}	\N
5ce17dc0-0e00-44f6-971a-c7910271c6b6	e302a557-2f17-4c3d-9630-f859b8404327	insurance	PENDING	\N	2026-01-24 18:27:55.35286	Certificate authenticity failed: Error checking authenticity: syntax error at or near "from"	2026-01-24 18:27:55.322298	2026-01-24 18:27:55.35286	\N	t	100	{"basis": {"hashUnique": true, "notExpired": true, "patternValid": true}, "score": 100, "reason": "Certificate authenticity failed: Error checking authenticity: syntax error at or near \\"from\\"", "status": "PENDING", "ocrData": {"insuranceExpiry": "24-Jan-2027", "insuranceCompany": "Details\\nCompany Name", "insurancePolicyNumber": "CTPL-2026-CGYUF2"}, "automated": true, "hashCheck": {"exists": false, "source": "database"}, "confidence": 1, "flagReasons": ["Certificate authenticity failed: Error checking authenticity: syntax error at or near \\"from\\""], "autoVerified": true, "patternCheck": {"valid": true, "reason": "Format matches expected pattern", "pattern": "CTPL-YYYY-XXXXXX (e.g., CTPL-2026-C9P5EX)", "confidence": 100, "normalized": "CTPL-2026-CGYUF2"}, "authenticityCheck": {"error": "syntax error at or near \\"from\\"", "reason": "Error checking authenticity: syntax error at or near \\"from\\"", "authentic": false, "authenticityScore": 0}, "verificationResult": "FAILED"}	2026-01-24 18:27:55.35286
1c95b036-5131-4a96-a660-07ab4e23fce4	858a20ac-2371-40ee-95b0-8f54bdc06db3	hpg	PENDING	\N	\N	\N	2026-01-24 18:44:16.418534	2026-01-24 18:44:16.418534	\N	f	\N	{}	\N
3b7ce4e5-d2e1-4723-9d42-ccbf7c2465b4	858a20ac-2371-40ee-95b0-8f54bdc06db3	insurance	PENDING	\N	2026-01-24 18:44:16.649717	Certificate authenticity failed: Error checking authenticity: syntax error at or near "from"	2026-01-24 18:44:16.614621	2026-01-24 18:44:16.649717	\N	t	100	{"basis": {"hashUnique": true, "notExpired": true, "patternValid": true}, "score": 100, "reason": "Certificate authenticity failed: Error checking authenticity: syntax error at or near \\"from\\"", "status": "PENDING", "ocrData": {"insuranceExpiry": "24-Jan-2027", "insuranceCompany": "Details\\nCompany Name", "insurancePolicyNumber": "CTPL-2026-8TVPD4"}, "automated": true, "hashCheck": {"exists": false, "source": "database"}, "confidence": 1, "flagReasons": ["Certificate authenticity failed: Error checking authenticity: syntax error at or near \\"from\\""], "autoVerified": true, "patternCheck": {"valid": true, "reason": "Format matches expected pattern", "pattern": "CTPL-YYYY-XXXXXX (e.g., CTPL-2026-C9P5EX)", "confidence": 100, "normalized": "CTPL-2026-8TVPD4"}, "authenticityCheck": {"error": "syntax error at or near \\"from\\"", "reason": "Error checking authenticity: syntax error at or near \\"from\\"", "authentic": false, "authenticityScore": 0}, "verificationResult": "FAILED"}	2026-01-24 18:44:16.649717
c5b948ac-c802-4945-9e44-f10d9dadb31f	f0350d21-a03c-465f-a536-6d8038b4c100	hpg	PENDING	\N	\N	\N	2026-01-24 18:57:01.029278	2026-01-24 18:57:01.029278	\N	f	\N	{}	\N
de4084f0-00e5-4686-9294-32943ac45807	f0350d21-a03c-465f-a536-6d8038b4c100	insurance	PENDING	\N	2026-01-24 18:57:01.353263	Certificate authenticity failed: No original certificate found with matching file hash in issued_certificates or certificates tables	2026-01-24 18:57:01.3231	2026-01-24 18:57:01.353263	\N	t	100	{"basis": {"hashUnique": true, "notExpired": true, "patternValid": true}, "score": 100, "reason": "Certificate authenticity failed: No original certificate found with matching file hash in issued_certificates or certificates tables", "status": "PENDING", "ocrData": {"insuranceExpiry": "24-Jan-2027", "insuranceCompany": "Details\\nCompany Name", "insurancePolicyNumber": "CTPL-2026-583PRU"}, "automated": true, "hashCheck": {"exists": false, "source": "database"}, "confidence": 1, "flagReasons": ["Certificate authenticity failed: No original certificate found with matching file hash in issued_certificates or certificates tables"], "autoVerified": true, "patternCheck": {"valid": true, "reason": "Format matches expected pattern", "pattern": "CTPL-YYYY-XXXXXX (e.g., CTPL-2026-C9P5EX)", "confidence": 100, "normalized": "CTPL-2026-583PRU"}, "authenticityCheck": {"reason": "No original certificate found with matching file hash in issued_certificates or certificates tables", "source": "none", "authentic": false, "debugInfo": {"certificateType": "insurance", "searchedFileHash": "b99186a123a2e0948c369ccc29fbb2a2...", "totalCertificatesChecked": 0}, "authenticityScore": 0, "originalCertificateFound": false}, "verificationResult": "FAILED"}	2026-01-24 18:57:01.353263
57422b05-a64b-4fff-bb0c-1f795323f5b1	6dd179cd-2f50-4833-82ed-003f34fa817d	insurance	APPROVED	\N	2026-01-24 19:19:07.289797	\N	2026-01-24 19:19:07.260355	2026-01-24 19:19:07.289797	\N	t	100	{"basis": {"hashUnique": true, "notExpired": true, "patternValid": true}, "score": 100, "status": "APPROVED", "ocrData": {"insuranceExpiry": "24-Jan-2027", "insuranceCompany": "Details\\nCompany Name", "insurancePolicyNumber": "CTPL-2026-JTMM87"}, "automated": true, "hashCheck": {"exists": false, "source": "database"}, "confidence": 1, "autoVerified": true, "patternCheck": {"valid": true, "reason": "Format matches expected pattern", "pattern": "CTPL-YYYY-XXXXXX (e.g., CTPL-2026-C9P5EX)", "confidence": 100, "normalized": "CTPL-2026-JTMM87"}, "compositeHash": "d65e8bc04ebb05e8a36c6f293e00f231caa369a5f410f446a1d662e258fe4ee1", "blockchainTxId": null, "authenticityCheck": {"reason": "Certificate file hash matches original certificate from certificate-generator (issuer verified)", "source": "issued_certificates", "authentic": true, "matchType": "file_hash", "blockchainTxId": null, "certificateData": {"coverageType": "CTPL", "coverageAmount": "PHP 200,000 / PHP 50,000"}, "originalFileHash": "6346fc47b3c259dceb06e298687603e17ac21a7409d68a61ac428e94da91a85b", "authenticityScore": 100, "originalVehicleVin": "F5TFNJM7BDH13S38W", "originalCertificateId": "f4bc48bc-db4d-4b45-89f8-2a548b7c7419", "originalCompositeHash": "319533584cecfaab6af455e3bba1f53db8ef403c289b96aed1a103418383c704", "originalCertificateFound": true, "originalCertificateNumber": "CTPL-2026-JTMM87"}, "verificationResult": "APPROVED"}	2026-01-24 19:19:07.289797
2c686dcd-16c3-418a-8178-5bd9e28318a5	6dd179cd-2f50-4833-82ed-003f34fa817d	hpg	APPROVED	654bb34d-fec4-458c-94bc-2223d885a6d7	2026-01-24 19:20:06.473862	\N	2026-01-24 19:19:07.099396	2026-01-24 19:20:06.473862	\N	t	100	{"note": "HPG always requires manual physical inspection and final approval", "ocrData": {"year": "2026", "color": "White", "model": "Honda Civic", "series": "Honda Civic", "yearModel": "2026", "plateNumber": "XSX-7285"}, "hashCheck": {"exists": false, "source": "database"}, "compositeHash": "604a67a78ac1be2eb5e41c6b9694d34767850efa3457b6c581e29db79d9d267a", "autoVerifiedAt": "2026-01-24T19:19:54.258Z", "recommendation": "AUTO_APPROVE", "scoreBreakdown": {"total": 100, "dataMatch": 5, "dataExtraction": 30, "hashUniqueness": 20, "documentCompleteness": 15, "certificateAuthenticity": 30}, "authenticityCheck": {"reason": "Certificate file hash matches original certificate from certificate-generator (issuer verified)", "source": "issued_certificates", "authentic": true, "matchType": "file_hash", "blockchainTxId": null, "certificateData": {"vehiclePlate": "XSX-7285", "verificationDetails": {"engine_condition": "Good", "chassis_condition": "Good"}}, "originalFileHash": "c7f9d56a3de1debc290d47b31f1823b7c49bd5b9a9214bf452342bb602512849", "authenticityScore": 100, "originalVehicleVin": "F5TFNJM7BDH13S38W", "originalCertificateId": "295c2cf7-edc6-4c2a-8a33-fd435386c4b9", "originalCompositeHash": "52037fce3b0a1b78809ecfba74865ebe1fd79f13ac10ecc4650e6cde1730c6ef", "originalCertificateFound": true, "originalCertificateNumber": "HPG-2026-179TCA"}, "originalCertificate": {"issuedAt": "2026-01-24T00:00:00.000Z", "compositeHash": "52037fce3b0a1b78809ecfba74865ebe1fd79f13ac10ecc4650e6cde1730c6ef", "certificateNumber": "HPG-2026-179TCA"}, "recommendationReason": "High confidence score. Certificate authenticated via blockchain. All checks passed. Manual physical inspection still required."}	2026-01-24 19:19:54.292307
5cab3685-835b-40e1-97c4-da3f73b491a8	e8949d82-01b3-49ef-af1a-9380edb2c3e4	insurance	APPROVED	\N	2026-01-25 03:03:53.634774	\N	2026-01-25 03:03:53.602104	2026-01-25 03:03:53.634774	\N	t	100	{"basis": {"hashUnique": true, "notExpired": true, "patternValid": true}, "score": 100, "status": "APPROVED", "ocrData": {"insuranceExpiry": "25-Jan-2027", "insuranceCompany": "Details\\nCompany Name", "insurancePolicyNumber": "CTPL-2026-54OZ2O"}, "automated": true, "hashCheck": {"exists": false, "source": "database"}, "confidence": 1, "autoVerified": true, "patternCheck": {"valid": true, "reason": "Format matches expected pattern", "pattern": "CTPL-YYYY-XXXXXX (e.g., CTPL-2026-C9P5EX)", "confidence": 100, "normalized": "CTPL-2026-54OZ2O"}, "compositeHash": "0fb269b02aa1ba830617dd6846f6c8a7be67aa80419c279f57852c0ea538234d", "blockchainTxId": null, "authenticityCheck": {"reason": "Certificate file hash matches original certificate from certificate-generator (issuer verified)", "source": "issued_certificates", "authentic": true, "matchType": "file_hash", "blockchainTxId": null, "certificateData": {"coverageType": "CTPL", "coverageAmount": "PHP 200,000 / PHP 50,000"}, "originalFileHash": "00a2144344f27407b31f04585b64a2cde7fb741ddaa0cbae9e355366144c32b7", "authenticityScore": 100, "originalVehicleVin": "BX0SDRHABB4GG71DE", "originalCertificateId": "221541f6-9fa3-45dd-8e4f-3db13103015c", "originalCompositeHash": "db4452a158aa7dc4679cfffe224eeef73742f8d0554f0da04ec19148fcd92206", "originalCertificateFound": true, "originalCertificateNumber": "CTPL-2026-54OZ2O"}, "verificationResult": "APPROVED"}	2026-01-25 03:03:53.634774
31d5af88-d30e-4200-a7fc-a650083d6058	e8949d82-01b3-49ef-af1a-9380edb2c3e4	hpg	APPROVED	654bb34d-fec4-458c-94bc-2223d885a6d7	2026-01-25 03:05:07.58641	\N	2026-01-25 03:03:53.456499	2026-01-25 03:05:07.58641	\N	t	100	{"note": "HPG always requires manual physical inspection and final approval", "ocrData": {"year": "2026", "color": "White", "model": "Honda City", "series": "Honda City", "yearModel": "2026", "plateNumber": "KKT-4961"}, "hashCheck": {"exists": false, "source": "database"}, "compositeHash": "0de0392654d9136d90472fdfceeb55198aeca013631f2085a66ee7d3b6097845", "autoVerifiedAt": "2026-01-25T03:04:45.027Z", "recommendation": "AUTO_APPROVE", "scoreBreakdown": {"total": 100, "dataMatch": 5, "dataExtraction": 30, "hashUniqueness": 20, "documentCompleteness": 15, "certificateAuthenticity": 30}, "authenticityCheck": {"reason": "Certificate file hash matches original certificate from certificate-generator (issuer verified)", "source": "issued_certificates", "authentic": true, "matchType": "file_hash", "blockchainTxId": null, "certificateData": {"vehiclePlate": "KKT-4961", "verificationDetails": {"engine_condition": "Good", "chassis_condition": "Good"}}, "originalFileHash": "a63f9eb4aa7e26241046618a41df02f615db148002d4ed19dbcc3ab8b14ed0b4", "authenticityScore": 100, "originalVehicleVin": "BX0SDRHABB4GG71DE", "originalCertificateId": "a7b70159-3ec5-4309-a365-e6ead467a5fe", "originalCompositeHash": "b7ea6b3680b0d0b1011cc4268ec2f372941ead4165519bb1bbe94240aac4a030", "originalCertificateFound": true, "originalCertificateNumber": "HPG-2026-D56E86"}, "originalCertificate": {"issuedAt": "2026-01-25T00:00:00.000Z", "compositeHash": "b7ea6b3680b0d0b1011cc4268ec2f372941ead4165519bb1bbe94240aac4a030", "certificateNumber": "HPG-2026-D56E86"}, "recommendationReason": "High confidence score. Certificate authenticated via blockchain. All checks passed. Manual physical inspection still required."}	2026-01-25 03:04:45.037074
b4fca48a-14be-4f39-af0f-f105aa60f104	8f16185b-84a1-4e4f-b3d0-b267326e02d4	insurance	APPROVED	\N	2026-01-25 03:17:54.996129	\N	2026-01-25 03:17:54.970347	2026-01-25 03:17:54.996129	\N	t	100	{"basis": {"hashUnique": true, "notExpired": true, "patternValid": true}, "score": 100, "status": "APPROVED", "ocrData": {"insuranceExpiry": "25-Jan-2027", "insuranceCompany": "Details\\nCompany Name", "insurancePolicyNumber": "CTPL-2026-0EWVYC"}, "automated": true, "hashCheck": {"exists": false, "source": "database"}, "confidence": 1, "autoVerified": true, "patternCheck": {"valid": true, "reason": "Format matches expected pattern", "pattern": "CTPL-YYYY-XXXXXX (e.g., CTPL-2026-C9P5EX)", "confidence": 100, "normalized": "CTPL-2026-0EWVYC"}, "compositeHash": "5d6beefdeb690d4d4ec09f76718a343f6d8e934e25d7affa7de82863d49b9ba8", "blockchainTxId": null, "authenticityCheck": {"reason": "Certificate file hash matches original certificate from certificate-generator (issuer verified)", "source": "issued_certificates", "authentic": true, "matchType": "file_hash", "blockchainTxId": null, "certificateData": {"coverageType": "CTPL", "coverageAmount": "PHP 200,000 / PHP 50,000"}, "originalFileHash": "2aeeb87284a8e3306b1724bb6b3939f266e845329ea4d7672cb4ead3055cf616", "authenticityScore": 100, "originalVehicleVin": "TVL7CSH7AASKK8ADX", "originalCertificateId": "03bbdab6-ffdf-4f7b-8895-a23ee0132a13", "originalCompositeHash": "b1a433e9ee9805006dc8d404a52b5fbc0dc484b8c619867f6e6188b2e22b3baa", "originalCertificateFound": true, "originalCertificateNumber": "CTPL-2026-0EWVYC"}, "verificationResult": "APPROVED"}	2026-01-25 03:17:54.996129
cb054be5-2e3b-4166-ac29-ad097b162e07	8f16185b-84a1-4e4f-b3d0-b267326e02d4	hpg	APPROVED	654bb34d-fec4-458c-94bc-2223d885a6d7	2026-01-25 03:18:56.544737	\N	2026-01-25 03:17:54.838018	2026-01-25 03:18:56.544737	\N	t	100	{"note": "HPG always requires manual physical inspection and final approval", "ocrData": {"year": "2026", "color": "White", "model": "Kia Rio", "series": "Kia Rio", "yearModel": "2026", "plateNumber": "VZL-7845"}, "hashCheck": {"exists": false, "source": "database"}, "compositeHash": "f1280a7caf1c03f8cbae80ecad0e259f4991218568612e7aa672742fd9055c65", "autoVerifiedAt": "2026-01-25T03:18:51.260Z", "recommendation": "AUTO_APPROVE", "scoreBreakdown": {"total": 100, "dataMatch": 5, "dataExtraction": 30, "hashUniqueness": 20, "documentCompleteness": 15, "certificateAuthenticity": 30}, "authenticityCheck": {"reason": "Certificate file hash matches original certificate from certificate-generator (issuer verified)", "source": "issued_certificates", "authentic": true, "matchType": "file_hash", "blockchainTxId": null, "certificateData": {"vehiclePlate": "VZL-7845", "verificationDetails": {"engine_condition": "Good", "chassis_condition": "Good"}}, "originalFileHash": "176b97db392893ae7496538b5fa2c35f38b3510ec9771cbcff12681a48dd598d", "authenticityScore": 100, "originalVehicleVin": "TVL7CSH7AASKK8ADX", "originalCertificateId": "2bc898e3-b3f1-4649-9de6-bfb809354fcd", "originalCompositeHash": "de5c087a8933936d2ac97e4925b28f3f9a5613bb1f54d7359212ac86e99f11d2", "originalCertificateFound": true, "originalCertificateNumber": "HPG-2026-NHL9GZ"}, "originalCertificate": {"issuedAt": "2026-01-25T00:00:00.000Z", "compositeHash": "de5c087a8933936d2ac97e4925b28f3f9a5613bb1f54d7359212ac86e99f11d2", "certificateNumber": "HPG-2026-NHL9GZ"}, "recommendationReason": "High confidence score. Certificate authenticated via blockchain. All checks passed. Manual physical inspection still required."}	2026-01-25 03:18:51.269163
dc7a7fe0-dbdf-4e3c-b262-324842a394db	c23351bd-e788-4dad-9fff-d7afb25adee9	insurance	APPROVED	\N	2026-01-25 03:45:45.042988	\N	2026-01-25 03:45:45.018272	2026-01-25 03:45:45.042988	\N	t	100	{"basis": {"hashUnique": true, "notExpired": true, "patternValid": true}, "score": 100, "status": "APPROVED", "ocrData": {"insuranceExpiry": "25-Jan-2027", "insuranceCompany": "Details\\nCompany Name", "insurancePolicyNumber": "CTPL-2026-17JGAL"}, "automated": true, "hashCheck": {"exists": false, "source": "database"}, "confidence": 1, "autoVerified": true, "patternCheck": {"valid": true, "reason": "Format matches expected pattern", "pattern": "CTPL-YYYY-XXXXXX (e.g., CTPL-2026-C9P5EX)", "confidence": 100, "normalized": "CTPL-2026-17JGAL"}, "compositeHash": "944c8848b6ab989fb2df712397e5bcf01ad82ce97386be9b679a91387e8ffa57", "blockchainTxId": null, "authenticityCheck": {"reason": "Certificate file hash matches original certificate from certificate-generator (issuer verified)", "source": "issued_certificates", "authentic": true, "matchType": "file_hash", "blockchainTxId": null, "certificateData": {"coverageType": "CTPL", "coverageAmount": "PHP 200,000 / PHP 50,000"}, "originalFileHash": "88e44b797c5b1f7343836e0e81f901510e6bf9d103edb724f886278edf9c9602", "authenticityScore": 100, "originalVehicleVin": "C591CULJ8VVZDWSAN", "originalCertificateId": "5ffc9171-6411-4999-b2dc-00e496c1dd06", "originalCompositeHash": "6f68fc59318399177403cccd912502c1ab656a2e21a21beacee98123a7df5531", "originalCertificateFound": true, "originalCertificateNumber": "CTPL-2026-17JGAL"}, "verificationResult": "APPROVED"}	2026-01-25 03:45:45.042988
49171e7a-e459-4c89-a33b-4f554e77f31f	c23351bd-e788-4dad-9fff-d7afb25adee9	hpg	APPROVED	654bb34d-fec4-458c-94bc-2223d885a6d7	2026-01-25 03:46:25.880623	\N	2026-01-25 03:45:44.880078	2026-01-25 03:46:25.880623	\N	t	100	{"note": "HPG always requires manual physical inspection and final approval", "ocrData": {"year": "2026", "color": "White", "model": "Hyundai Tucson", "series": "Hyundai Tucson", "yearModel": "2026", "plateNumber": "NKZ-2698"}, "hashCheck": {"exists": false, "source": "database"}, "compositeHash": "51767ae1ee39f1bab01cb3f6799dc0ba7375ba59db636bba16477b5bb2636bcb", "autoVerifiedAt": "2026-01-25T03:46:13.492Z", "recommendation": "AUTO_APPROVE", "scoreBreakdown": {"total": 100, "dataMatch": 5, "dataExtraction": 30, "hashUniqueness": 20, "documentCompleteness": 15, "certificateAuthenticity": 30}, "authenticityCheck": {"reason": "Certificate file hash matches original certificate from certificate-generator (issuer verified)", "source": "issued_certificates", "authentic": true, "matchType": "file_hash", "blockchainTxId": null, "certificateData": {"vehiclePlate": "NKZ-2698", "verificationDetails": {"engine_condition": "Good", "chassis_condition": "Good"}}, "originalFileHash": "f18bfe44afb1008c78a3881be51fbb1c72cefe8e78e7c0dfedebd5eb21ca22b7", "authenticityScore": 100, "originalVehicleVin": "C591CULJ8VVZDWSAN", "originalCertificateId": "6b27b60c-1421-4854-b9d1-d6de82fa25e1", "originalCompositeHash": "20c0f99a77c11a491ffd267251e47ca2a7b7cdb0d8ea8b05c022250043351899", "originalCertificateFound": true, "originalCertificateNumber": "HPG-2026-8B3Q7M"}, "originalCertificate": {"issuedAt": "2026-01-25T00:00:00.000Z", "compositeHash": "20c0f99a77c11a491ffd267251e47ca2a7b7cdb0d8ea8b05c022250043351899", "certificateNumber": "HPG-2026-8B3Q7M"}, "recommendationReason": "High confidence score. Certificate authenticated via blockchain. All checks passed. Manual physical inspection still required."}	2026-01-25 03:46:13.502012
be8a1230-a7df-4016-ae3a-8741a17642e8	6c141f8b-ca45-479a-8fb2-5e92ef6e8ed3	hpg	PENDING	\N	\N	\N	2026-01-25 08:41:59.953626	2026-01-25 08:41:59.953626	\N	f	\N	{}	\N
9af17a37-0944-45c7-ae1b-aab08671e0bb	6c141f8b-ca45-479a-8fb2-5e92ef6e8ed3	insurance	APPROVED	\N	2026-01-25 08:42:00.166148	\N	2026-01-25 08:42:00.137657	2026-01-25 08:42:00.166148	\N	t	100	{"basis": {"hashUnique": true, "notExpired": true, "patternValid": true}, "score": 100, "status": "APPROVED", "ocrData": {"insuranceExpiry": "25-Jan-2027", "insuranceCompany": "Details\\nCompany Name", "insurancePolicyNumber": "CTPL-2026-QPN0R0"}, "automated": true, "hashCheck": {"exists": false, "source": "database"}, "confidence": 1, "autoVerified": true, "patternCheck": {"valid": true, "reason": "Format matches expected pattern", "pattern": "CTPL-YYYY-XXXXXX (e.g., CTPL-2026-C9P5EX)", "confidence": 100, "normalized": "CTPL-2026-QPN0R0"}, "compositeHash": "3c0eea06e472cc0fe8935368c5730362658ed5527664f1ea9ef5709fa1bbf777", "blockchainTxId": null, "authenticityCheck": {"reason": "Certificate file hash matches original certificate from certificate-generator (issuer verified)", "source": "issued_certificates", "authentic": true, "matchType": "file_hash", "blockchainTxId": null, "certificateData": {"coverageType": "CTPL", "coverageAmount": "PHP 200,000 / PHP 50,000"}, "originalFileHash": "b84b40c974d97eaa3fc4b66667ad44f6673b25d890a315f04f6399e1cf89496a", "authenticityScore": 100, "originalVehicleVin": "KFB5A57GS16JU3P6M", "originalCertificateId": "32f2b735-0428-468f-a011-7c1960fdc442", "originalCompositeHash": "df493866d3abeee4348979444e2a5ac9c5201c5ef66067be5091128019b6f5c6", "originalCertificateFound": true, "originalCertificateNumber": "CTPL-2026-QPN0R0"}, "verificationResult": "APPROVED"}	2026-01-25 08:42:00.166148
151b8008-b4a3-49b0-9fe0-696c9fb96998	047cad0d-57fc-4a82-85cc-2eed577a56f8	hpg	APPROVED	654bb34d-fec4-458c-94bc-2223d885a6d7	2026-01-26 07:35:06.352455	\N	2026-01-26 07:31:58.762307	2026-01-26 07:35:06.352455	\N	t	100	{"note": "HPG always requires manual physical inspection and final approval", "ocrData": {"year": "2026", "color": "White", "model": "Ford Ranger", "series": "Ford Ranger", "yearModel": "2026", "plateNumber": "KDS-4361"}, "hashCheck": {"exists": false, "source": "database"}, "compositeHash": "9e907de8b3b67a8c18ebf70914fab18bf525e157880cfc8dca42dc5f23fd0c45", "autoVerifiedAt": "2026-01-26T07:33:23.559Z", "recommendation": "AUTO_APPROVE", "scoreBreakdown": {"total": 100, "dataMatch": 5, "dataExtraction": 30, "hashUniqueness": 20, "documentCompleteness": 15, "certificateAuthenticity": 30}, "authenticityCheck": {"reason": "Certificate file hash matches original certificate from certificate-generator (issuer verified)", "source": "issued_certificates", "authentic": true, "matchType": "file_hash", "blockchainTxId": null, "certificateData": {"vehiclePlate": "KDS-4361", "verificationDetails": {"engine_condition": "Good", "chassis_condition": "Good"}}, "originalFileHash": "3c07f5a2aee93ab2b3eb4170cfdb08573480f2e09f21d04aea6d4c2b9d990903", "authenticityScore": 100, "originalVehicleVin": "4NHY0RU1LP7T93D20", "originalCertificateId": "bf2dc7c4-c1dc-4b62-adf4-1b96e92423de", "originalCompositeHash": "ab431bed6d20376ab19f942e17c9b5c7bf70fc007fdaf3ccab2199ab166e54bf", "originalCertificateFound": true, "originalCertificateNumber": "HPG-2026-TIR609"}, "originalCertificate": {"issuedAt": "2026-01-26T00:00:00.000Z", "compositeHash": "ab431bed6d20376ab19f942e17c9b5c7bf70fc007fdaf3ccab2199ab166e54bf", "certificateNumber": "HPG-2026-TIR609"}, "recommendationReason": "High confidence score. Certificate authenticated via blockchain. All checks passed. Manual physical inspection still required."}	2026-01-26 07:33:23.568717
402c2502-d4bc-4760-b3e6-1ff6a4488501	98306c80-511b-4126-a27f-85cad274594a	insurance	APPROVED	\N	2026-01-26 07:45:43.699461	Auto-verified: Pattern valid, Certificate authentic, Hash unique, Score 100%, Policy: CTPL-2026-3U1RM5	2026-01-25 08:39:19.368757	2026-01-26 07:45:43.699461	\N	t	100	{"ocrData": {"insuranceExpiry": "26-Jan-2027", "insuranceCompany": "Details\\nCompany Name", "insurancePolicyNumber": "CTPL-2026-3U1RM5"}, "hashCheck": {"exists": false, "source": "database"}, "verifiedAt": "2026-01-26T07:45:43.690Z", "expiryCheck": {"reason": "Valid", "isValid": true, "expiryDate": "2027-01-26T23:59:59.999Z", "daysUntilExpiry": 365}, "patternCheck": {"valid": true, "reason": "Format matches expected pattern", "pattern": "CTPL-YYYY-XXXXXX (e.g., CTPL-2026-C9P5EX)", "confidence": 100, "normalized": "CTPL-2026-3U1RM5"}, "compositeHash": "b3c9ffdda29a15b89bb0e872bc2b49190967569c5a51db99eee4eddd224bd9a5", "blockchainTxId": null, "authenticityCheck": {"reason": "Certificate file hash matches original certificate from certificate-generator (issuer verified)", "source": "issued_certificates", "authentic": true, "matchType": "file_hash", "blockchainTxId": null, "certificateData": {"coverageType": "CTPL", "coverageAmount": "PHP 200,000 / PHP 50,000"}, "originalFileHash": "ee3396de5211bc190f537443324d4573bbc0db75458b16d28bfca122df573c41", "authenticityScore": 100, "originalVehicleVin": "4NHY0RU1LP7T93D20", "originalCertificateId": "06faedf7-9131-493f-8a53-04a384662d4e", "originalCompositeHash": "6b8b539aa21f6de190093e999000dd8422597844ff7bc21bb4c8de114123fffe", "originalCertificateFound": true, "originalCertificateNumber": "CTPL-2026-3U1RM5"}, "verificationScore": {"score": 100, "checks": {"hashUnique": true, "notExpired": true, "patternValid": true}, "decision": "APPROVE", "maxScore": 100, "percentage": 100, "patternCheck": {"valid": true, "reason": "Format matches expected pattern", "pattern": "CTPL-YYYY-XXXXXX (e.g., CTPL-2026-C9P5EX)", "confidence": 100, "normalized": "CTPL-2026-3U1RM5"}}}	2026-01-26 07:45:43.699461
c8036618-807a-4b74-a775-dba663650760	047cad0d-57fc-4a82-85cc-2eed577a56f8	insurance	APPROVED	\N	2026-01-26 07:31:59.061455	\N	2026-01-26 07:31:59.025998	2026-01-26 07:31:59.061455	\N	t	100	{"basis": {"hashUnique": true, "notExpired": true, "patternValid": true}, "score": 100, "status": "APPROVED", "ocrData": {"insuranceExpiry": "26-Jan-2027", "insuranceCompany": "Details\\nCompany Name", "insurancePolicyNumber": "CTPL-2026-3U1RM5"}, "automated": true, "hashCheck": {"exists": false, "source": "database"}, "confidence": 1, "autoVerified": true, "patternCheck": {"valid": true, "reason": "Format matches expected pattern", "pattern": "CTPL-YYYY-XXXXXX (e.g., CTPL-2026-C9P5EX)", "confidence": 100, "normalized": "CTPL-2026-3U1RM5"}, "compositeHash": "12aa4227111e45db504caaf4f4134693d4cd8974738cf1d59e2a7fda2d467015", "blockchainTxId": null, "authenticityCheck": {"reason": "Certificate file hash matches original certificate from certificate-generator (issuer verified)", "source": "issued_certificates", "authentic": true, "matchType": "file_hash", "blockchainTxId": null, "certificateData": {"coverageType": "CTPL", "coverageAmount": "PHP 200,000 / PHP 50,000"}, "originalFileHash": "ee3396de5211bc190f537443324d4573bbc0db75458b16d28bfca122df573c41", "authenticityScore": 100, "originalVehicleVin": "4NHY0RU1LP7T93D20", "originalCertificateId": "06faedf7-9131-493f-8a53-04a384662d4e", "originalCompositeHash": "6b8b539aa21f6de190093e999000dd8422597844ff7bc21bb4c8de114123fffe", "originalCertificateFound": true, "originalCertificateNumber": "CTPL-2026-3U1RM5"}, "verificationResult": "APPROVED"}	2026-01-26 07:31:59.061455
463bd254-141f-4469-ae97-cce1ea88047e	98306c80-511b-4126-a27f-85cad274594a	hpg	PENDING	\N	2026-01-26 07:45:43.58286	HPG auto-verified. Confidence: 93%. High confidence score. Certificate authenticated via blockchain. All checks passed. Manual physical inspection still required.	2026-01-25 08:39:19.163128	2026-01-26 07:45:43.58286	\N	t	93	{"note": "HPG always requires manual physical inspection and final approval", "ocrData": {"year": "2026", "color": "White", "model": "Ford Ranger", "series": "Ford Ranger", "yearModel": "2026", "plateNumber": "KDS-4361"}, "hashCheck": {"exists": false, "source": "database"}, "compositeHash": "a4d173cbebccdee718327c7b203d3c38891a58ac93bf482cbd96112a6acfa070", "autoVerifiedAt": "2026-01-26T07:45:43.552Z", "recommendation": "AUTO_APPROVE", "scoreBreakdown": {"total": 93, "dataMatch": 5, "dataExtraction": 30, "hashUniqueness": 20, "documentCompleteness": 8, "certificateAuthenticity": 30}, "authenticityCheck": {"reason": "Certificate file hash matches original certificate from certificate-generator (issuer verified)", "source": "issued_certificates", "authentic": true, "matchType": "file_hash", "blockchainTxId": null, "certificateData": {"vehiclePlate": "KDS-4361", "verificationDetails": {"engine_condition": "Good", "chassis_condition": "Good"}}, "originalFileHash": "3c07f5a2aee93ab2b3eb4170cfdb08573480f2e09f21d04aea6d4c2b9d990903", "authenticityScore": 100, "originalVehicleVin": "4NHY0RU1LP7T93D20", "originalCertificateId": "bf2dc7c4-c1dc-4b62-adf4-1b96e92423de", "originalCompositeHash": "ab431bed6d20376ab19f942e17c9b5c7bf70fc007fdaf3ccab2199ab166e54bf", "originalCertificateFound": true, "originalCertificateNumber": "HPG-2026-TIR609"}, "originalCertificate": {"issuedAt": "2026-01-26T00:00:00.000Z", "compositeHash": "30602a5ef8331039ed8b1ba4b4ebaa6434a4afdb01152ad6c773301ff58ab345", "certificateNumber": "HPG-2026-JSPX4U"}, "recommendationReason": "High confidence score. Certificate authenticated via blockchain. All checks passed. Manual physical inspection still required."}	2026-01-26 07:45:43.58286
\.


--
-- TOC entry 3874 (class 0 OID 0)
-- Dependencies: 243
-- Name: cr_number_seq; Type: SEQUENCE SET; Schema: public; Owner: lto_user
--

SELECT pg_catalog.setval('public.cr_number_seq', 10, true);


--
-- TOC entry 3875 (class 0 OID 0)
-- Dependencies: 229
-- Name: mvir_number_seq; Type: SEQUENCE SET; Schema: public; Owner: lto_user
--

SELECT pg_catalog.setval('public.mvir_number_seq', 2, true);


--
-- TOC entry 3876 (class 0 OID 0)
-- Dependencies: 242
-- Name: or_number_seq; Type: SEQUENCE SET; Schema: public; Owner: lto_user
--

SELECT pg_catalog.setval('public.or_number_seq', 10, true);


-- Completed on 2026-01-26 22:08:56

--
-- PostgreSQL database dump complete
--

\unrestrict IYWOMx7rjdjb4gzhEqdlgycIaaJC9iNchMacUXxfJow9LQg2LBvdJIJYWX8sjLb

