--
-- PostgreSQL database dump
--

\restrict KL7tvvCqN9Nta6pKlBWNEa4w4uTRnqGerfD06oi62wclFCv2zUNlbiobGhdjlDq

-- Dumped from database version 15.15
-- Dumped by pg_dump version 18.1

-- Started on 2026-02-01 16:12:15

SET statement_timeout = 0;
SET lock_timeout = 0;
SET idle_in_transaction_session_timeout = 0;
SET transaction_timeout = 0;
SET client_encoding = 'UTF8';
SET standard_conforming_strings = on;
SELECT pg_catalog.set_config('search_path', '', false);
SET check_function_bodies = false;
SET xmloption = content;
SET client_min_messages = warning;
SET row_security = off;

--
-- TOC entry 3850 (class 0 OID 16629)
-- Dependencies: 223
-- Data for Name: external_issuers; Type: TABLE DATA; Schema: public; Owner: lto_user
--

COPY public.external_issuers (id, issuer_type, company_name, license_number, api_key, is_active, contact_email, contact_phone, address, created_at, updated_at) FROM stdin;
aa6d3111-ad58-47af-a235-c45fa869a133	insurance	LTO Insurance Services	INS-2026-001	test_insurance_api_key_12345	t	insurance@lto.gov.ph	\N	\N	2026-01-24 06:55:24.860016	2026-01-24 06:55:24.860016
f8aab84b-614c-4060-a81c-2f3100daa1c5	emission	LTO Emission Testing Center	EMIT-2026-001	test_emission_api_key_67890	t	emission@lto.gov.ph	\N	\N	2026-01-24 06:55:24.865858	2026-01-24 06:55:24.865858
3d2b139b-df76-4885-afba-a47995b2c134	hpg	PNP-HPG National Office	HPG-2026-001	test_hpg_api_key_abcde	t	hpg@lto.gov.ph	\N	\N	2026-01-24 06:55:24.868123	2026-01-24 06:55:24.868123
e54b05a2-8a65-4396-8457-6ae50dd702ba	csr	Default CSR Issuer	CSR-001-DEFAULT	default-csr-api-key	t	csr@default.com	\N	\N	2026-01-24 19:10:36.880507	2026-01-24 19:10:36.880507
bd059957-bf60-4afc-9506-fce067bbdd5b	sales_invoice	Default Sales Invoice Issuer	SALES-001-DEFAULT	default-sales-api-key	t	sales@default.com	\N	\N	2026-01-24 19:10:36.884664	2026-01-24 19:10:36.884664
\.


--
-- TOC entry 3851 (class 0 OID 16639)
-- Dependencies: 224
-- Data for Name: issued_certificates; Type: TABLE DATA; Schema: public; Owner: lto_user
--

COPY public.issued_certificates (id, issuer_id, certificate_type, certificate_number, vehicle_vin, owner_name, owner_id, file_hash, composite_hash, issued_at, expires_at, blockchain_tx_id, is_revoked, revocation_reason, revoked_at, metadata, created_at) FROM stdin;
f41c6b8b-98fd-4bf2-9637-4e907856f69b	aa6d3111-ad58-47af-a235-c45fa869a133	ctpl	CTPL-2026-YU8JBL	CMX2XU6HE2JSHD2AS	Kim Andrei Besmar	\N	f8b4a7a0260b5e221193fccfdc5af79157fb7ec1e50602124543bb4e7bb15524	ff97b969a320c519b8818dfd44fa8a81b908b8253b063b0680b8e3e3ee3b7fcd	2026-02-01 00:00:00	2027-02-01 00:00:00	\N	f	\N	\N	{"coverageType": "CTPL", "coverageAmount": "PHP 200,000 / PHP 50,000"}	2026-02-01 03:08:39.452729
f1d49774-bc3f-4b7a-bad5-b811ad75dd6e	3d2b139b-df76-4885-afba-a47995b2c134	hpg_clearance	HPG-2026-O7AAXQ	CMX2XU6HE2JSHD2AS	Kim Andrei Besmar	\N	7730aee67d4087266485fa41b539b2e3a7ba1b46ee8420dfaefd57ff677cd05e	3f29f6e52f34602b9c55f0fda267fb2d6e0c60ef91bfb49ffc162c85de59ee3d	2026-02-01 00:00:00	\N	\N	f	\N	\N	{"vehiclePlate": "AAU-9472", "verificationDetails": {"engine_condition": "Good", "chassis_condition": "Good"}}	2026-02-01 03:08:44.741338
5372d2ba-1701-4cba-b1ac-0dcab59a50a0	aa6d3111-ad58-47af-a235-c45fa869a133	ctpl	CTPL-2026-MRMH2Q	P8992KU8SH27T9UAR	Kim Andrei Besmar	\N	b7e24fdae95178de1b5a76ea6617e20212ce1185868add8f26ad089348bc72cc	027decfc326ffa6f581487f9b7fd1191b952d6e6cbd55fdc3487975659f541f2	2026-02-01 00:00:00	2027-02-01 00:00:00	\N	f	\N	\N	{"coverageType": "CTPL", "coverageAmount": "PHP 200,000 / PHP 50,000"}	2026-02-01 07:50:24.058769
922b5e93-56d3-47c8-aee2-010a747f2de9	3d2b139b-df76-4885-afba-a47995b2c134	hpg_clearance	HPG-2026-LYDN8Q	P8992KU8SH27T9UAR	Kim Andrei Besmar	\N	730d48d17d0fb1062cb7e22f1dfc34c6c6128bf10ee601a7cb7f0ffa1c214cb1	e15882e5c6aa90f3c892d1f71628e27f73efce25413ac5c9274a8b571aa4027a	2026-02-01 00:00:00	\N	\N	f	\N	\N	{"vehiclePlate": "NSH-2993", "verificationDetails": {"engine_condition": "Good", "chassis_condition": "Good"}}	2026-02-01 07:50:28.96508
\.


--
-- TOC entry 3856 (class 0 OID 16686)
-- Dependencies: 229
-- Data for Name: users; Type: TABLE DATA; Schema: public; Owner: lto_user
--

COPY public.users (id, email, password_hash, first_name, last_name, role, organization, phone, is_active, email_verified, two_factor_enabled, last_login, created_at, updated_at, employee_id, badge_number, department, branch_office, supervisor_id, hire_date, "position", signature_file_path, digital_signature_hash, address, is_trusted_partner, trusted_partner_type, personal_email) FROM stdin;
90ee862b-c410-4370-9cf9-fa1400d9bd4f	owner@example.com	$2a$12$0V4iR1vog9LRKdCxgKYQM.sH7QZWP2yMsu5i.80xLfH/imgycOGrG	Vehicle	Owner	vehicle_owner	Individual	\N	t	t	f	\N	2026-01-24 06:02:26.045623	2026-01-24 06:02:26.045623	\N	\N	\N	\N	\N	\N	\N	\N	\N	\N	f	\N	\N
d5a83d69-7fba-4f89-bac1-c88fdcee3266	ltoofficer@lto.gov.ph	$2a$12$x58ZhXS8osrdmdZYTu108etBlEqQjpxLa7WwNqFESC809KnyN9Tx6	Juan	Dela Cruz	lto_officer	Land Transportation Office	+63 917 123 4567	t	t	f	\N	2026-01-24 09:58:59.148298	2026-01-24 09:58:59.148298	LTO-OFF-001	OFF-001	Vehicle Registration	LTO Manila Central	\N	\N	Registration Officer	\N	\N	\N	f	\N	\N
f4fe76a5-d900-4d3d-8c6a-e9b83472b2cb	staff@lto.gov.ph	$2a$12$0V4iR1vog9LRKdCxgKYQM.sH7QZWP2yMsu5i.80xLfH/imgycOGrG	Staff	User	staff	LTO	\N	t	t	f	\N	2026-01-24 06:02:26.045623	2026-01-24 06:17:41.578232	LTO-STAFF-001	STAFF-001	Vehicle Registration	LTO Manila Central	\N	2024-01-01	Registration Clerk	\N	\N	\N	f	\N	\N
1b76c49c-b8d7-4c10-84aa-6b2bfd1c3fbc	latagjoshuaivan@gmail.com	$2a$12$QmquG9pNfaOk8e8kD1i5iusw0NzHDRCjaf3YpY3Jk1YqjICBUufVq	Joshua Ivan	Latag	vehicle_owner	Individual	+639154788771	t	t	f	2026-01-26 15:04:23.073466	2026-01-24 08:23:47.841908	2026-01-26 15:04:23.073466	\N	\N	\N	\N	\N	\N	\N	\N	\N	Dagatan	f	\N	\N
73b6d066-9cb7-4b85-94c0-a808d13b005d	emission@lto.gov.ph	$2a$12$0V4iR1vog9LRKdCxgKYQM.sH7QZWP2yMsu5i.80xLfH/imgycOGrG	Emission	Verifier	emission_verifier	Emission Testing Center	\N	t	t	f	2026-01-29 04:25:47.921	2026-01-24 06:02:26.045623	2026-01-29 04:25:47.921	\N	\N	\N	\N	\N	\N	\N	\N	\N	\N	f	\N	\N
09752f67-da7e-4a6c-97c9-174760bc0d9c	longganisaseller11@gmail.com	$2a$12$/9mBiAXD1plyBwjOYvI73ObrBHOQIxM3SRmqNGSTucD5hY.xW4lke	Andrei	Besmar	vehicle_owner	Individual	09672564545	t	t	f	2026-01-27 04:22:49.973156	2026-01-27 04:04:53.683016	2026-01-27 04:22:49.973156	\N	\N	\N	\N	\N	\N	\N	\N	\N	Lipa City	f	\N	\N
5eff4107-d246-4f21-b8f4-9f9e7e5b64a9	hpgadmin@hpg.gov.ph	$2a$12$8K1p/a0dL3YvEZrj8nH3hO5vJ5K5K5K5K5K5K5K5K5K5K5K5K5K5K	HPG	Administrator	admin	Highway Patrol Group	+63 2 2345 6789	t	t	f	\N	2026-01-24 06:13:28.265259	2026-01-24 09:24:41.599913	\N	\N	\N	\N	\N	\N	\N	\N	\N	\N	f	\N	\N
5a672d9b-dabc-4778-b380-7587dadab040	dullajasperdave@gmail.com	$2a$12$ReVqd9sepf/4BWPKk.S6QeNSGNKUJM3/zlzWfGnztLzebyBOPGlTy	Jasper	Dulla	vehicle_owner	Individual	09482106236	t	t	f	2026-01-29 06:14:57.427561	2026-01-25 08:11:36.069813	2026-01-29 06:14:57.427561	\N	\N	\N	\N	\N	\N	\N	\N	\N	San Lucas, Lipa City	f	\N	\N
c7179b34-ff7f-4004-9495-2cf9f049c3d1	ltofficer@lto.gov.ph	$2a$12$0V4iR1vog9LRKdCxgKYQM.sH7QZWP2yMsu5i.80xLfH/imgycOGrG	Juan	Dela Cruz	lto_officer	Land Transportation Office	+63 917 123 4567	t	t	f	2026-01-24 10:42:22.140097	2026-01-24 06:13:28.262002	2026-01-24 10:42:22.140097	\N	OFF-001	Vehicle Registration	LTO Manila Central	\N	\N	Registration Officer	\N	\N	\N	f	\N	\N
276b0346-be41-4f47-b3fe-256dbfec0a74	reinzpoqi@gmail.com	$2a$12$bRXmV8Bw6.nxleMHNWdhleDklY5EgYw5SZoGkb5zBafHYeIOh9.UO	Reinz	Cejalvo	vehicle_owner	Individual	09638645674	t	t	f	2026-01-27 00:55:32.729613	2026-01-27 00:54:46.332642	2026-01-27 00:55:32.729613	\N	\N	\N	\N	\N	\N	\N	\N	\N	Brgy. Bongco, Pototan	f	\N	\N
4651da8f-85ea-4942-86b8-58fde85d1d09	freyniedulla@gmail.com	$2a$12$c2R8utYk/wdxv5asa3pGBe1pF1/kCgjfj8igrA34Bp8d.bvs04dFa	Freynie Rose	Dulla	vehicle_owner	Individual	+639501186724	t	t	f	2026-01-27 01:04:14.130234	2026-01-27 00:42:55.857385	2026-01-27 01:04:14.130234	\N	\N	\N	\N	\N	\N	\N	\N	\N	Brgy. Dongsol Pototan, Iloilo 5008	f	\N	\N
842bac3c-0b3e-4475-9ffc-8eeae7627819	2220503@ub.edu.ph	$2a$12$BvVor4oIV.8a4kx83GTLTeZkBNFgOEaVg7wcxMQP9cO.3dilEyL4O	Jasper	Dave	vehicle_owner	Individual	09482106236	t	t	f	2026-01-27 01:10:40.679153	2026-01-27 00:43:14.964339	2026-01-27 01:10:40.679153	\N	\N	\N	\N	\N	\N	\N	\N	\N	Lipa City	f	\N	\N
21d178c0-37c5-466e-b2eb-560e32981cbd	insurance@lto.gov.ph	$2a$12$0V4iR1vog9LRKdCxgKYQM.sH7QZWP2yMsu5i.80xLfH/imgycOGrG	Insurance	Verifier	insurance_verifier	Insurance Company	\N	t	t	f	2026-01-31 07:33:49.64609	2026-01-24 06:02:26.045623	2026-01-31 07:33:49.64609	\N	\N	\N	\N	\N	\N	\N	\N	\N	\N	f	\N	\N
654bb34d-fec4-458c-94bc-2223d885a6d7	hpg@hpg.gov.ph	$2a$12$x58ZhXS8osrdmdZYTu108etBlEqQjpxLa7WwNqFESC809KnyN9Tx6	HPG	Administrator	admin	Highway Patrol Group	+63 2 2345 6789	t	t	f	2026-02-01 07:16:18.759828	2026-01-24 09:53:44.574528	2026-02-01 07:16:18.759828	\N	\N	\N	\N	\N	\N	\N	\N	\N	\N	f	\N	hpg.lipaph@gmail.com
36b86e7e-7668-49dc-8dd6-6610ce092a73	kimandrei012@gmail.com	$2a$12$6/RiYmpgAnT0J5Jr8spPNe/cKKQjj8NcvCl4gOzS86ZJZ2oWZZHRu	Kim Andrei	Besmar	vehicle_owner	Individual	09672564545	t	t	f	2026-02-01 07:47:36.774477	2026-01-25 03:38:54.665833	2026-02-01 07:47:36.774477	\N	\N	\N	\N	\N	\N	\N	\N	\N	Lipa City	f	\N	\N
a57fd791-bef2-4881-baa9-bfbd1c8b799c	admin@lto.gov.ph	$2a$12$0V4iR1vog9LRKdCxgKYQM.sH7QZWP2yMsu5i.80xLfH/imgycOGrG	Admin	User	admin	Land Transportation Office	\N	t	t	f	2026-02-01 07:48:21.066173	2026-01-24 06:02:26.045623	2026-02-01 07:48:21.066173	LTO-ADMIN-001	ADMIN-001	Administration	LTO Manila Central	\N	2024-01-01	LTO Administrator	\N	\N	\N	f	\N	lto.lipaph@gmail.com
e71fccc9-57c4-42c5-9a59-324078118fda	certificategenerator@generator.com	$2a$12$0V4iR1vog9LRKdCxgKYQM.sH7QZWP2yMsu5i.80xLfH/imgycOGrG	Certificate	Generator	admin	Certificate Generation Service	\N	t	t	f	2026-02-01 07:49:26.899685	2026-01-29 14:08:42.108655	2026-02-01 07:49:26.899685	\N	\N	\N	\N	\N	\N	\N	\N	\N	\N	f	\N	lto.lipaph@gmail.com
73477102-f36b-448a-89d4-9dc3e93466f8	insurance@insurance.gov.ph	$2a$12$0V4iR1vog9LRKdCxgKYQM.sH7QZWP2yMsu5i.80xLfH/imgycOGrG	Insurance	Verifier	insurance_verifier	Insurance Verification Office	+63 2 3456 7890	t	t	f	2026-02-01 07:53:34.882005	2026-01-24 06:29:41.287341	2026-02-01 07:53:34.882005	\N	\N	\N	\N	\N	\N	\N	\N	\N	\N	f	\N	insurance.lipaph@gmail.com
\.


--
-- TOC entry 3867 (class 0 OID 16777)
-- Dependencies: 241
-- Data for Name: vehicles; Type: TABLE DATA; Schema: public; Owner: lto_user
--

COPY public.vehicles (id, vin, plate_number, make, model, year, color, engine_number, chassis_number, vehicle_type, fuel_type, transmission, engine_displacement, owner_id, status, registration_date, last_updated, priority, notes, mvir_number, inspection_date, inspection_result, roadworthiness_status, emission_compliance, inspection_officer, inspection_notes, inspection_documents, registration_expiry_date, insurance_expiry_date, emission_expiry_date, expiry_notified_30d, expiry_notified_7d, expiry_notified_1d, blockchain_tx_id, vehicle_category, passenger_capacity, gross_vehicle_weight, net_weight, registration_type, origin_type, or_number, cr_number, or_issued_at, cr_issued_at, date_of_registration, scrapped_at, scrap_reason, scrapped_by) FROM stdin;
156199dd-f999-49cc-bc53-9d4a7a9267d1	YES667ACBLSJPRUSN	AAU-9472	Toyota	Fortuner	2025	Black	3UR-GE882458	YES667ACBLSJPRUSN	SUV	GASOLINE	MANUAL	\N	36b86e7e-7668-49dc-8dd6-6610ce092a73	SUBMITTED	2026-02-01 05:57:42.737116	2026-02-01 05:57:43.821138	MEDIUM		\N	\N	\N	\N	\N	\N	\N	\N	\N	\N	\N	f	f	f	\N	M1	6	1000.00	500.00	Private	NEW_REG	\N	\N	\N	\N	\N	\N	\N	\N
b447d2f5-dbf9-4785-983d-3d84cc4c40c0	P8992KU8SH27T9UAR	NSH-2993	Honda	Civic	2022	Gray	2NR-FE800572	P8992KU8SH27T9UAR	SUV	GASOLINE	MANUAL	\N	36b86e7e-7668-49dc-8dd6-6610ce092a73	SUBMITTED	2026-02-01 07:52:39.912131	2026-02-01 07:52:41.340561	MEDIUM		\N	\N	\N	\N	\N	\N	\N	\N	\N	\N	\N	f	f	f	\N	M1	8	6000.00	499.00	Private	NEW_REG	\N	\N	\N	\N	\N	\N	\N	\N
\.


--
-- TOC entry 3843 (class 0 OID 16566)
-- Dependencies: 216
-- Data for Name: certificate_submissions; Type: TABLE DATA; Schema: public; Owner: lto_user
--

COPY public.certificate_submissions (id, vehicle_id, certificate_type, uploaded_file_path, uploaded_file_hash, verification_status, verification_notes, matched_certificate_id, submitted_by, verified_by, submitted_at, verified_at, created_at) FROM stdin;
\.


--
-- TOC entry 3847 (class 0 OID 16606)
-- Dependencies: 220
-- Data for Name: documents; Type: TABLE DATA; Schema: public; Owner: lto_user
--

COPY public.documents (id, vehicle_id, document_type, filename, original_name, file_path, file_size, mime_type, file_hash, uploaded_by, uploaded_at, verified, verified_at, verified_by, is_inspection_document, inspection_document_type, ipfs_cid) FROM stdin;
775ab3fe-def9-46a2-9e24-94a43c4b5a12	156199dd-f999-49cc-bc53-9d4a7a9267d1	hpg_clearance	document-1769925462309-379034524.pdf	HPG_Clearance_HPG-2026-O7AAXQ.pdf	/app/backend/uploads/document-1769925462309-379034524.pdf	56664	application/pdf	7730aee67d4087266485fa41b539b2e3a7ba1b46ee8420dfaefd57ff677cd05e	36b86e7e-7668-49dc-8dd6-6610ce092a73	2026-02-01 05:57:42.41279	f	\N	\N	f	\N	bafkreidxgcxom7kaq4tgjbp2ig2ttmxdu65bwrxoqqqn7lx5k77wo7gqly
96b8bad4-a018-4e95-9ab9-648fb7572c46	156199dd-f999-49cc-bc53-9d4a7a9267d1	insurance_cert	document-1769925462375-754844761.pdf	Insurance_Certificate_CTPL-2026-YU8JBL.pdf	/app/backend/uploads/document-1769925462375-754844761.pdf	69418	application/pdf	f8b4a7a0260b5e221193fccfdc5af79157fb7ec1e50602124543bb4e7bb15524	36b86e7e-7668-49dc-8dd6-6610ce092a73	2026-02-01 05:57:42.418259	f	\N	\N	f	\N	bafkreihywst2ajqllyrbde74z7ofv54rk75x5qpfaybberkdxnhhxmkveq
3f1d1092-7830-464a-bc2c-9020656ec2bb	156199dd-f999-49cc-bc53-9d4a7a9267d1	sales_invoice	document-1769925462400-388930535.pdf	Sales_Invoice_INV-20260201-05W95Z.pdf	/app/backend/uploads/document-1769925462400-388930535.pdf	103793	application/pdf	3fceebc5ed9eb92bd77d8fb01c0dde87560d8817aef1636ee9d38213a161cc91	36b86e7e-7668-49dc-8dd6-6610ce092a73	2026-02-01 05:57:42.469745	f	\N	\N	f	\N	bafkreib7z3v4l3m6xev5o7mpwaoa3xuhkygyqf5o6frw52otqij2cyomse
5399232d-b4d9-487b-88ee-63b1ae5aae8d	156199dd-f999-49cc-bc53-9d4a7a9267d1	csr	document-1769925462457-128743265.pdf	CSR_CSR-2026-JB7CIN.pdf	/app/backend/uploads/document-1769925462457-128743265.pdf	149683	application/pdf	57b59d6ce92c509717adf4754bdb011f6b1655133f0c3a74cd7f6898a02af63f	36b86e7e-7668-49dc-8dd6-6610ce092a73	2026-02-01 05:57:42.63946	f	\N	\N	f	\N	bafkreicxwwowz2jmkclrplpuovf5wai7nmlfkez7bq5hjtl7ncmkakxwh4
3b8c411f-4d43-4355-91f3-26201a57beec	156199dd-f999-49cc-bc53-9d4a7a9267d1	owner_id	document-1769925462486-696511859.jpg	driver.jpg	/app/backend/uploads/document-1769925462486-696511859.jpg	204486	image/jpeg	7533ea1855116289c7c0e60f81de32b055a809c531db7efab0ccfe993ec2eb8b	36b86e7e-7668-49dc-8dd6-6610ce092a73	2026-02-01 05:57:42.654971	f	\N	\N	f	\N	bafkreidvgpvbqvirmke4pqhgb6a54mvqkwuatrjr3n7pvmgm72mt5qxlrm
646ec488-a673-4892-8f8d-2461d17194f5	b447d2f5-dbf9-4785-983d-3d84cc4c40c0	hpg_clearance	document-1769932359428-677835483.pdf	HPG_Clearance_HPG-2026-LYDN8Q.pdf	/app/backend/uploads/document-1769932359428-677835483.pdf	56595	application/pdf	730d48d17d0fb1062cb7e22f1dfc34c6c6128bf10ee601a7cb7f0ffa1c214cb1	36b86e7e-7668-49dc-8dd6-6610ce092a73	2026-02-01 07:52:39.469318	f	\N	\N	f	\N	bafkreidtbvenc7ipwedczn7cf4o7ynggyyjix4io4ya2ps37b75byikmwe
8f78c058-191d-4505-9bce-bcb0fc2641cc	b447d2f5-dbf9-4785-983d-3d84cc4c40c0	insurance_cert	document-1769932359531-798639848.pdf	Insurance_Certificate_CTPL-2026-MRMH2Q.pdf	/app/backend/uploads/document-1769932359531-798639848.pdf	68722	application/pdf	b7e24fdae95178de1b5a76ea6617e20212ce1185868add8f26ad089348bc72cc	36b86e7e-7668-49dc-8dd6-6610ce092a73	2026-02-01 07:52:39.557532	f	\N	\N	f	\N	bafkreifx4jh5v2krpdpbwwtw5jtbpyqcclhbdbmgrloy6jvnbcjurpdszq
d58cadfc-01c7-4939-8638-095655ef9220	b447d2f5-dbf9-4785-983d-3d84cc4c40c0	sales_invoice	document-1769932359646-422273377.pdf	Sales_Invoice_INV-20260201-CTEMNZ.pdf	/app/backend/uploads/document-1769932359646-422273377.pdf	103054	application/pdf	69be61b4c92a3d34b86c26a17c70d9fc83fda43154b65e0da14b596940144aa9	36b86e7e-7668-49dc-8dd6-6610ce092a73	2026-02-01 07:52:39.668923	f	\N	\N	f	\N	bafkreidjxzq3jsjkhu2lq3bguf6hbwp4qp62imkuwzpa3ikllfuuafckve
72dae8ba-616c-4b0a-aa82-ef8b80c8a8b9	b447d2f5-dbf9-4785-983d-3d84cc4c40c0	csr	document-1769932359758-816293757.pdf	CSR_CSR-2026-P09WCP.pdf	/app/backend/uploads/document-1769932359758-816293757.pdf	148918	application/pdf	09326e9fc559122024f85d731d66b8d3168c76ac28a6415d57fabbaf4329b8d7	36b86e7e-7668-49dc-8dd6-6610ce092a73	2026-02-01 07:52:39.791118	f	\N	\N	f	\N	bafkreiajgjxj7rkzciqcj6c5omownogtc2ghnlbiuzav2v72xoxugkny24
2de289ac-489f-41df-b3a8-7be14b689f70	b447d2f5-dbf9-4785-983d-3d84cc4c40c0	owner_id	document-1769932359764-283588343.jpg	driver.jpg	/app/backend/uploads/document-1769932359764-283588343.jpg	204486	image/jpeg	7533ea1855116289c7c0e60f81de32b055a809c531db7efab0ccfe993ec2eb8b	36b86e7e-7668-49dc-8dd6-6610ce092a73	2026-02-01 07:52:39.840691	f	\N	\N	f	\N	bafkreidvgpvbqvirmke4pqhgb6a54mvqkwuatrjr3n7pvmgm72mt5qxlrm
\.


--
-- TOC entry 3844 (class 0 OID 16577)
-- Dependencies: 217
-- Data for Name: certificates; Type: TABLE DATA; Schema: public; Owner: lto_user
--

COPY public.certificates (id, clearance_request_id, vehicle_id, certificate_type, certificate_number, file_path, ipfs_cid, issued_by, issued_at, expires_at, status, metadata, created_at, file_hash, composite_hash, blockchain_tx_id, application_status, document_id, verified_at, verified_by, revocation_reason, revoked_at) FROM stdin;
\.


--
-- TOC entry 3845 (class 0 OID 16590)
-- Dependencies: 218
-- Data for Name: clearance_requests; Type: TABLE DATA; Schema: public; Owner: lto_user
--

COPY public.clearance_requests (id, vehicle_id, request_type, status, requested_by, requested_at, assigned_to, completed_at, certificate_id, purpose, notes, metadata, created_at, updated_at, verification_mode) FROM stdin;
3dcd213e-ef69-429b-a985-31362a17630c	156199dd-f999-49cc-bc53-9d4a7a9267d1	insurance	PENDING	36b86e7e-7668-49dc-8dd6-6610ce092a73	2026-02-01 05:57:43.804526	73477102-f36b-448a-89d4-9dc3e93466f8	\N	\N	Initial Vehicle Registration - Insurance Verification	Automatically sent upon vehicle registration submission	{"documents": [{"id": "96b8bad4-a018-4e95-9ab9-648fb7572c46", "cid": "bafkreihywst2ajqllyrbde74z7ofv54rk75x5qpfaybberkdxnhhxmkveq", "path": "/app/backend/uploads/document-1769925462375-754844761.pdf", "type": "insurance_cert", "filename": "Insurance_Certificate_CTPL-2026-YU8JBL.pdf"}], "ownerName": "Kim Andrei Besmar", "documentId": "96b8bad4-a018-4e95-9ab9-648fb7572c46", "ownerEmail": "kimandrei012@gmail.com", "vehicleVin": "YES667ACBLSJPRUSN", "verifiedAt": null, "verifiedBy": "system", "documentCid": "bafkreihywst2ajqllyrbde74z7ofv54rk75x5qpfaybberkdxnhhxmkveq", "vehicleMake": "Toyota", "vehicleYear": 2025, "autoVerified": true, "documentPath": "/app/backend/uploads/document-1769925462375-754844761.pdf", "documentType": "insurance_cert", "vehicleModel": "Fortuner", "vehiclePlate": "AAU-9472", "documentFilename": "Insurance_Certificate_CTPL-2026-YU8JBL.pdf", "autoVerificationResult": {"basis": {"hashUnique": true, "notExpired": true, "patternValid": true}, "score": 100, "reason": "Certificate authenticity failed: No original certificate found with matching file hash in issued_certificates or certificates tables", "status": "PENDING", "ocrData": {"insuranceExpiry": "01-Feb-2027", "insuranceCompany": "Details\\nCompany Name", "insurancePolicyNumber": "CTPL-2026-YU8JBL"}, "automated": true, "hashCheck": {"exists": false, "source": "database"}, "confidence": 1, "flagReasons": ["Certificate authenticity failed: No original certificate found with matching file hash in issued_certificates or certificates tables"], "patternCheck": {"valid": true, "reason": "Format matches expected pattern", "pattern": "CTPL-YYYY-XXXXXX (e.g., CTPL-2026-C9P5EX)", "confidence": 100, "normalized": "CTPL-2026-YU8JBL"}, "authenticityCheck": {"reason": "No original certificate found with matching file hash in issued_certificates or certificates tables", "source": "none", "authentic": false, "debugInfo": {"certificateType": "insurance", "searchedFileHash": "f8b4a7a0260b5e221193fccfdc5af791...", "totalCertificatesChecked": 0}, "authenticityScore": 0, "originalCertificateFound": false}, "verificationResult": "FAILED"}}	2026-02-01 05:57:43.804526	2026-02-01 05:57:43.804526	MANUAL
09acc3e5-a0c8-4f0b-89fb-a5e26601be68	b447d2f5-dbf9-4785-983d-3d84cc4c40c0	hpg	PENDING	36b86e7e-7668-49dc-8dd6-6610ce092a73	2026-02-01 07:52:41.043448	5eff4107-d246-4f21-b8f4-9f9e7e5b64a9	\N	\N	Initial Vehicle Registration - HPG Clearance	Automatically sent upon vehicle registration submission	{"documents": [{"id": "2de289ac-489f-41df-b3a8-7be14b689f70", "cid": "bafkreidvgpvbqvirmke4pqhgb6a54mvqkwuatrjr3n7pvmgm72mt5qxlrm", "path": "/app/backend/uploads/document-1769932359764-283588343.jpg", "type": "owner_id", "filename": "driver.jpg"}, {"id": "646ec488-a673-4892-8f8d-2461d17194f5", "cid": "bafkreidtbvenc7ipwedczn7cf4o7ynggyyjix4io4ya2ps37b75byikmwe", "path": "/app/backend/uploads/document-1769932359428-677835483.pdf", "type": "hpg_clearance", "filename": "HPG_Clearance_HPG-2026-LYDN8Q.pdf"}], "orCrDocId": null, "ownerName": "Kim Andrei Besmar", "orCrDocCid": null, "ownerEmail": "kimandrei012@gmail.com", "vehicleVin": "P8992KU8SH27T9UAR", "orCrDocPath": null, "vehicleMake": "Honda", "vehicleYear": 2022, "engineNumber": "2NR-FE800572", "ownerIdDocId": "2de289ac-489f-41df-b3a8-7be14b689f70", "vehicleColor": "Gray", "vehicleModel": "Civic", "vehiclePlate": "NSH-2993", "chassisNumber": "P8992KU8SH27T9UAR", "extractedData": {"vin": "P8992KU8SH27T9UAR", "source": "vehicle_metadata", "plateNumber": "NSH-2993", "engineNumber": "2NR-FE800572", "ocrExtracted": false, "chassisNumber": "P8992KU8SH27T9UAR"}, "ownerIdDocCid": "bafkreidvgpvbqvirmke4pqhgb6a54mvqkwuatrjr3n7pvmgm72mt5qxlrm", "ownerIdDocPath": "/app/backend/uploads/document-1769932359764-283588343.jpg", "orCrDocFilename": null, "automationPhase1": {"completed": true, "completedAt": "2026-02-01T07:52:41.062Z", "databaseChecked": true}, "hpgDatabaseCheck": {"status": "CLEAN", "details": "Vehicle not found in HPG hot list", "checkedAt": "2026-02-01T07:52:41.056Z", "matchedRecords": [], "recommendation": "PROCEED"}, "hpgClearanceDocId": "646ec488-a673-4892-8f8d-2461d17194f5", "hpgClearanceDocCid": "bafkreidtbvenc7ipwedczn7cf4o7ynggyyjix4io4ya2ps37b75byikmwe", "ownerIdDocFilename": "driver.jpg", "hpgClearanceDocPath": "/app/backend/uploads/document-1769932359428-677835483.pdf", "registrationCertDocId": null, "registrationCertDocCid": null, "hpgClearanceDocFilename": "HPG_Clearance_HPG-2026-LYDN8Q.pdf"}	2026-02-01 07:52:41.043448	2026-02-01 07:52:41.062381	MANUAL
5199573c-efe9-477d-b33f-8002c7daa6c2	156199dd-f999-49cc-bc53-9d4a7a9267d1	hpg	APPROVED	36b86e7e-7668-49dc-8dd6-6610ce092a73	2026-02-01 05:57:43.553864	5eff4107-d246-4f21-b8f4-9f9e7e5b64a9	2026-02-01 06:20:56.594276	\N	Initial Vehicle Registration - HPG Clearance	Automatically sent upon vehicle registration submission	{"photos": [], "remarks": null, "stencil": null, "documents": [{"id": "3b8c411f-4d43-4355-91f3-26201a57beec", "cid": "bafkreidvgpvbqvirmke4pqhgb6a54mvqkwuatrjr3n7pvmgm72mt5qxlrm", "path": "/app/backend/uploads/document-1769925462486-696511859.jpg", "type": "owner_id", "filename": "driver.jpg"}, {"id": "775ab3fe-def9-46a2-9e24-94a43c4b5a12", "cid": "bafkreidxgcxom7kaq4tgjbp2ig2ttmxdu65bwrxoqqqn7lx5k77wo7gqly", "path": "/app/backend/uploads/document-1769925462309-379034524.pdf", "type": "hpg_clearance", "filename": "HPG_Clearance_HPG-2026-O7AAXQ.pdf"}], "orCrDocId": null, "ownerName": "Kim Andrei Besmar", "autoVerify": {"completed": true, "hashCheck": {"exists": false, "source": "database"}, "completedAt": "2026-02-01T06:20:42.460Z", "completedBy": "654bb34d-fec4-458c-94bc-2223d885a6d7", "compositeHash": "91fcfc767b48bb3e33d82410882cca5d8600dc614c3d3aab2b367c9c6e0cbbd6", "preFilledData": {"engineNumber": "3UR-GE882458", "chassisNumber": "YES667ACBLSJPRUSN"}, "recommendation": "AUTO_APPROVE", "scoreBreakdown": {"total": 100, "dataMatch": 5, "dataExtraction": 30, "hashUniqueness": 20, "documentCompleteness": 15, "certificateAuthenticity": 30}, "confidenceScore": 100, "authenticityCheck": {"reason": "Certificate file hash matches original certificate from certificate-generator (issuer verified)", "source": "issued_certificates", "authentic": true, "matchType": "file_hash", "blockchainTxId": null, "certificateData": {"vehiclePlate": "AAU-9472", "verificationDetails": {"engine_condition": "Good", "chassis_condition": "Good"}}, "originalFileHash": "7730aee67d4087266485fa41b539b2e3a7ba1b46ee8420dfaefd57ff677cd05e", "authenticityScore": 100, "originalVehicleVin": "CMX2XU6HE2JSHD2AS", "originalCertificateId": "f1d49774-bc3f-4b7a-bad5-b811ad75dd6e", "originalCompositeHash": "3f29f6e52f34602b9c55f0fda267fb2d6e0c60ef91bfb49ffc162c85de59ee3d", "originalCertificateFound": true, "originalCertificateNumber": "HPG-2026-O7AAXQ"}, "recommendationReason": "High confidence score. Certificate authenticated via blockchain. All checks passed. Manual physical inspection still required."}, "orCrDocCid": null, "ownerEmail": "kimandrei012@gmail.com", "vehicleVin": "YES667ACBLSJPRUSN", "verifiedAt": "2026-02-01T06:20:56.593Z", "verifiedBy": "654bb34d-fec4-458c-94bc-2223d885a6d7", "orCrDocPath": null, "vehicleMake": "Toyota", "vehicleYear": 2025, "engineNumber": "3UR-GE882458", "macroEtching": false, "ownerIdDocId": "3b8c411f-4d43-4355-91f3-26201a57beec", "vehicleColor": "Black", "vehicleModel": "Fortuner", "vehiclePlate": "AAU-9472", "chassisNumber": "YES667ACBLSJPRUSN", "extractedData": {"vin": "YES667ACBLSJPRUSN", "source": "vehicle_metadata", "plateNumber": "AAU-9472", "engineNumber": "3UR-GE882458", "ocrExtracted": false, "chassisNumber": "YES667ACBLSJPRUSN"}, "ownerIdDocCid": "bafkreidvgpvbqvirmke4pqhgb6a54mvqkwuatrjr3n7pvmgm72mt5qxlrm", "ownerIdDocPath": "/app/backend/uploads/document-1769925462486-696511859.jpg", "orCrDocFilename": null, "automationPhase1": {"completed": true, "completedAt": "2026-02-01T05:57:43.574Z", "databaseChecked": true}, "hpgDatabaseCheck": {"status": "CLEAN", "details": "Vehicle not found in HPG hot list", "checkedAt": "2026-02-01T05:57:43.571Z", "matchedRecords": [], "recommendation": "PROCEED"}, "hpgClearanceDocId": "775ab3fe-def9-46a2-9e24-94a43c4b5a12", "hpgClearanceDocCid": "bafkreidxgcxom7kaq4tgjbp2ig2ttmxdu65bwrxoqqqn7lx5k77wo7gqly", "ownerIdDocFilename": "driver.jpg", "hpgClearanceDocPath": "/app/backend/uploads/document-1769925462309-379034524.pdf", "registrationCertDocId": null, "registrationCertDocCid": null, "hpgClearanceDocFilename": "HPG_Clearance_HPG-2026-O7AAXQ.pdf"}	2026-02-01 05:57:43.553864	2026-02-01 06:20:56.594276	MANUAL
632ece44-f545-4661-a7b8-1511a6cb1ea9	b447d2f5-dbf9-4785-983d-3d84cc4c40c0	insurance	PENDING	36b86e7e-7668-49dc-8dd6-6610ce092a73	2026-02-01 07:52:41.322443	21d178c0-37c5-466e-b2eb-560e32981cbd	\N	\N	Initial Vehicle Registration - Insurance Verification	Automatically sent upon vehicle registration submission	{"documents": [{"id": "8f78c058-191d-4505-9bce-bcb0fc2641cc", "cid": "bafkreifx4jh5v2krpdpbwwtw5jtbpyqcclhbdbmgrloy6jvnbcjurpdszq", "path": "/app/backend/uploads/document-1769932359531-798639848.pdf", "type": "insurance_cert", "filename": "Insurance_Certificate_CTPL-2026-MRMH2Q.pdf"}], "ownerName": "Kim Andrei Besmar", "documentId": "8f78c058-191d-4505-9bce-bcb0fc2641cc", "ownerEmail": "kimandrei012@gmail.com", "vehicleVin": "P8992KU8SH27T9UAR", "verifiedAt": null, "verifiedBy": "system", "documentCid": "bafkreifx4jh5v2krpdpbwwtw5jtbpyqcclhbdbmgrloy6jvnbcjurpdszq", "vehicleMake": "Honda", "vehicleYear": 2022, "autoVerified": true, "documentPath": "/app/backend/uploads/document-1769932359531-798639848.pdf", "documentType": "insurance_cert", "vehicleModel": "Civic", "vehiclePlate": "NSH-2993", "documentFilename": "Insurance_Certificate_CTPL-2026-MRMH2Q.pdf", "autoVerificationResult": {"basis": {"hashUnique": true, "notExpired": true, "patternValid": true}, "score": 100, "reason": "Certificate authenticity failed: No original certificate found with matching file hash in issued_certificates or certificates tables", "status": "PENDING", "ocrData": {"insuranceExpiry": "01-Feb-2027", "insuranceCompany": "Details\\nCompany Name", "insurancePolicyNumber": "CTPL-2026-MRMH2Q"}, "automated": true, "hashCheck": {"exists": false, "source": "database"}, "confidence": 1, "flagReasons": ["Certificate authenticity failed: No original certificate found with matching file hash in issued_certificates or certificates tables"], "patternCheck": {"valid": true, "reason": "Format matches expected pattern", "pattern": "CTPL-YYYY-XXXXXX (e.g., CTPL-2026-C9P5EX)", "confidence": 100, "normalized": "CTPL-2026-MRMH2Q"}, "authenticityCheck": {"reason": "No original certificate found with matching file hash in issued_certificates or certificates tables", "source": "none", "authentic": false, "debugInfo": {"certificateType": "insurance", "searchedFileHash": "b7e24fdae95178de1b5a76ea6617e202...", "totalCertificatesChecked": 0}, "authenticityScore": 0, "originalCertificateFound": false}, "verificationResult": "FAILED"}}	2026-02-01 07:52:41.322443	2026-02-01 07:52:41.322443	MANUAL
\.


--
-- TOC entry 3848 (class 0 OID 16615)
-- Dependencies: 221
-- Data for Name: email_verification_tokens; Type: TABLE DATA; Schema: public; Owner: lto_user
--

COPY public.email_verification_tokens (id, user_id, token_hash, token_secret, expires_at, created_at, used_at, used_by_ip) FROM stdin;
c80657ff-c402-4c2f-b452-01a60dd13893	a57fd791-bef2-4881-baa9-bfbd1c8b799c	c7c438074ef10662cdecf600b26084f04b41044c4bd6fa8ba77086f9f8cd46fe	ed8b22ec3c873a00ee25e1e6992b400b33303b5df2e75a3e2e41548e3f41a42b	2026-02-01 07:58:05.089	2026-02-01 07:48:05.090376	2026-02-01 07:48:21.0634	136.158.79.107
289f6fef-5660-499c-9422-5c9bc5b8dad2	e71fccc9-57c4-42c5-9a59-324078118fda	a0f1c3454a5f086bf8aaa9e2080bd6aee9ee24299b612516ba0567c4ce57861a	fbe7ad26dabef3b3bbcbc53f91ea8b63f93574de80797ac54211783c9c9f519b	2026-02-01 07:59:09.516	2026-02-01 07:49:09.517585	2026-02-01 07:49:26.897542	136.158.79.107
ab3c1bfc-70d6-4dff-b643-8ed72467e347	73477102-f36b-448a-89d4-9dc3e93466f8	28a271a61f3b1e79626d70301f7b95a8e53c2b462e2b26f115a2908e6a573170	aa7800eae168eca2705cb7a98766e097d23c92ea459ff9d313fdff7dc0369f55	2026-02-01 08:03:12.374	2026-02-01 07:53:12.375488	2026-02-01 07:53:34.879498	136.158.79.107
\.


--
-- TOC entry 3849 (class 0 OID 16622)
-- Dependencies: 222
-- Data for Name: expiry_notifications; Type: TABLE DATA; Schema: public; Owner: lto_user
--

COPY public.expiry_notifications (id, vehicle_id, user_id, notification_type, sent_at, email_sent, sms_sent) FROM stdin;
\.


--
-- TOC entry 3853 (class 0 OID 16650)
-- Dependencies: 226
-- Data for Name: notifications; Type: TABLE DATA; Schema: public; Owner: lto_user
--

COPY public.notifications (id, user_id, title, message, type, read, sent_at, read_at) FROM stdin;
302f3e33-6b2c-4f22-a5ba-689822c9e693	5eff4107-d246-4f21-b8f4-9f9e7e5b64a9	New HPG Clearance Request	New clearance request for vehicle AAU-9472	info	f	2026-02-01 05:57:43.566836	\N
f224cedc-8229-4295-91d5-51ac9316ad50	73477102-f36b-448a-89d4-9dc3e93466f8	New Insurance Verification Request	New insurance verification request for vehicle AAU-9472	info	f	2026-02-01 05:57:43.819072	\N
d01b7e41-69db-4387-b867-d4bbb8b807b5	5eff4107-d246-4f21-b8f4-9f9e7e5b64a9	HPG Verification Approved	HPG verification approved for vehicle AAU-9472	success	f	2026-02-01 06:20:57.372272	\N
548d1047-fe8c-4a52-8ce2-7253f66ee57e	36b86e7e-7668-49dc-8dd6-6610ce092a73	HPG Clearance Approved	Your HPG clearance request for vehicle AAU-9472 has been approved.	success	f	2026-02-01 06:20:57.375638	\N
a56995a3-bd2c-4ced-88c9-1a6bb989a2c0	5eff4107-d246-4f21-b8f4-9f9e7e5b64a9	New HPG Clearance Request	New clearance request for vehicle NSH-2993	info	f	2026-02-01 07:52:41.053384	\N
7146850a-5bbc-41d9-913f-5ac05c257668	21d178c0-37c5-466e-b2eb-560e32981cbd	New Insurance Verification Request	New insurance verification request for vehicle NSH-2993	info	f	2026-02-01 07:52:41.337852	\N
\.


--
-- TOC entry 3859 (class 0 OID 16712)
-- Dependencies: 233
-- Data for Name: refresh_tokens; Type: TABLE DATA; Schema: public; Owner: lto_user
--

COPY public.refresh_tokens (id, user_id, token_hash, expires_at, created_at) FROM stdin;
dad74ea6-4b43-48d7-aa1d-4b2ec4cfdbb9	1b76c49c-b8d7-4c10-84aa-6b2bfd1c3fbc	f53735902e15ce7f5f54ffe0aa2fb0ae9f71318080dc55cc9e0341d50894a5cc	2026-01-31 08:23:47.864	2026-01-24 08:23:47.86525
3b70cade-1245-435a-afad-e9e2a7885f47	1b76c49c-b8d7-4c10-84aa-6b2bfd1c3fbc	9007b6e47896aae0b31551de0e8407997d969a9cd79dacae0d7744ab259546d7	2026-01-31 08:24:14.9	2026-01-24 08:24:14.901421
3ccc3330-60e7-41c4-9c2f-7f6a361b8154	a57fd791-bef2-4881-baa9-bfbd1c8b799c	5942902480e2d081ff343a4943eec8b2fd4d1ba9cb22bed593389da8dc43d3fa	2026-01-31 08:46:37.002	2026-01-24 08:46:37.003388
7c0e7130-8590-4321-a005-0847c81baa34	a57fd791-bef2-4881-baa9-bfbd1c8b799c	44ab685ced67db4dd2c09b18410f254a295b25b3546f958fdbcea482cfb31a50	2026-01-31 08:46:46.076	2026-01-24 08:46:46.07684
2a05b910-3aeb-4b0e-8c72-03faa8870964	a57fd791-bef2-4881-baa9-bfbd1c8b799c	d2a357e702a547fbc835993372a7738725de6b758011f35a28b5cbeb345e2ebd	2026-01-31 08:47:01.46	2026-01-24 08:47:01.46092
47b1395f-b52b-4991-9dd2-084bd7fce253	a57fd791-bef2-4881-baa9-bfbd1c8b799c	9f89c0d8df16ea5312a5211f3ae316f9dbdf2ef241b07cbdd297da54e0044b72	2026-01-31 08:47:37.212	2026-01-24 08:47:37.214238
a2da8017-acf3-4ece-8558-3f1d1e8954a3	a57fd791-bef2-4881-baa9-bfbd1c8b799c	f5bc37bc793be68916461feffebf3f806fe13cf317d2a309d7dffa48ef8db21e	2026-01-31 09:02:52.618	2026-01-24 09:02:52.619944
c1ba17c3-379c-42f3-9cd0-a7fb5215f163	a57fd791-bef2-4881-baa9-bfbd1c8b799c	b3847ca574efb96d88f4d026a1281600480f7a48adaff4c0823f04b38307793b	2026-01-31 09:03:10.004	2026-01-24 09:03:10.00503
0e4ef2a4-57bd-4000-8ed5-3a5fa7bff5cb	a57fd791-bef2-4881-baa9-bfbd1c8b799c	6d71d63cf8f7799a639dc9aa41c345a385cc7bfd737f1ef316ee344a8fb81411	2026-01-31 09:03:26.442	2026-01-24 09:03:26.443416
e378f7bc-360a-448e-99d9-8f6ebe39e1c3	a57fd791-bef2-4881-baa9-bfbd1c8b799c	d53331ce821ba7676ee2afb248f631f96c5542963d51c0c88e2903354b55540f	2026-01-31 09:14:11.296	2026-01-24 09:14:11.297161
e057036a-df4f-4776-a0c6-8756dbb6d8b9	a57fd791-bef2-4881-baa9-bfbd1c8b799c	eed270673e9c44b96cdf5a2d222f88e569ae5511e048b41e1b2fb4f462fb4e91	2026-01-31 09:14:29.896	2026-01-24 09:14:29.897739
f4998a87-a0c2-42cc-b35e-81f639d7f4f4	c7179b34-ff7f-4004-9495-2cf9f049c3d1	bbde7249300777e5bb59932538dfe37ca9c47d428a9f4be4f2e3b81a1fc9a381	2026-01-31 09:16:56.961	2026-01-24 09:16:56.9621
710178fa-bd12-49cc-86ec-1902d3cf54ea	a57fd791-bef2-4881-baa9-bfbd1c8b799c	0b554f0aae9a3be55995e7e2c59a61413fbf33a93b2f7bc0f56a686dd87ed452	2026-01-31 09:29:22.893	2026-01-24 09:29:22.894729
1898af62-b189-43a6-9af4-ea2b2fd94233	a57fd791-bef2-4881-baa9-bfbd1c8b799c	aa325dc21c68acfaced40c96eb333503f4c507134e877037d58005245a7f2572	2026-01-31 09:29:41.016	2026-01-24 09:29:41.017566
d2a05bb8-fb39-47ba-863d-fcf51ec35fe9	c7179b34-ff7f-4004-9495-2cf9f049c3d1	d45a6c72adf9a6ff07f421ad6c801ef1b5aed8b336efac8cde3cc63a857bfd49	2026-01-31 09:30:19.395	2026-01-24 09:30:19.396226
efac6cdc-d108-4846-95de-f68e4da0fa44	c7179b34-ff7f-4004-9495-2cf9f049c3d1	4b8c1eeb5a0b08bc7c399778af43e681997652236272c667a7f444569b38df44	2026-01-31 10:01:21.389	2026-01-24 10:01:21.389433
61c72aa6-4bc5-45ec-beed-8488be0ce5b4	a57fd791-bef2-4881-baa9-bfbd1c8b799c	5ca097a026fd25aa5b70a3378c207b99e2301efbcd9b0fc987dc5c3514c69b24	2026-01-31 10:10:30.373	2026-01-24 10:10:30.374579
cb351ee2-84e7-4f97-8d0f-afa82e3c155a	654bb34d-fec4-458c-94bc-2223d885a6d7	cc59afc7b83b8e0eebe8fca8f1c987b41ea52af8e5a38b8f23ae3a724fda8082	2026-01-31 10:11:10.447	2026-01-24 10:11:10.447732
c71b15d2-d628-426b-8aec-23911d7b332b	a57fd791-bef2-4881-baa9-bfbd1c8b799c	2a3c58deeaf9c3e24a6fe8b29daacc824a7604f6b825aa975edc020453efef33	2026-01-31 10:11:29.538	2026-01-24 10:11:29.538631
86e1326d-b1a2-429d-b3dc-3f880e3a2061	c7179b34-ff7f-4004-9495-2cf9f049c3d1	d54313d20a0f190b252d71abb9c35e1780d8229690fce377b16ff086d79f2f4d	2026-01-31 10:11:55.176	2026-01-24 10:11:55.177173
ff3eb68f-73b0-4306-9d29-35569666ec5f	c7179b34-ff7f-4004-9495-2cf9f049c3d1	f63ba9a4a448d24676bfda123e6bd4d478272be2eb9981d8af1e0edef47b7e91	2026-01-31 10:33:18.063	2026-01-24 10:33:18.064285
a744d838-2ea0-4cab-95bd-acdd9789c3b8	1b76c49c-b8d7-4c10-84aa-6b2bfd1c3fbc	bfae5ce411b5a8a8beafc3f664160ca384ebe4f5ca9f4c75389ff239827adc9e	2026-01-31 10:38:08.26	2026-01-24 10:38:08.261351
47f65ce7-6094-40ab-b03b-f899bce9ffa3	1b76c49c-b8d7-4c10-84aa-6b2bfd1c3fbc	b87c90ce4f90fbb8ea59f3a18344a794504eedd39b8cde25f70b3268fa6b72d5	2026-01-31 10:38:30.406	2026-01-24 10:38:30.407374
31a5facd-ee36-4fb5-bd19-abbba10c5acb	a57fd791-bef2-4881-baa9-bfbd1c8b799c	ee7f89de9ac3ecf393834625afaaea3163d7a67667a4f933f77420f26747231f	2026-01-31 10:41:21.029	2026-01-24 10:41:21.030558
057092b0-5e52-4fc7-9b1b-41b37c44f9f2	654bb34d-fec4-458c-94bc-2223d885a6d7	1a29a086de6188ba164d9ca83ebb3a65e88cb24c63e3289b992c72b86aae798d	2026-01-31 10:41:50.216	2026-01-24 10:41:50.217268
1af6bc84-01f2-4851-b011-f7d7868adb5e	c7179b34-ff7f-4004-9495-2cf9f049c3d1	c2e94f2747b3f6b935c7984bc0c542ad97da1163086f289552df5bd3027dea7a	2026-01-31 10:42:22.157	2026-01-24 10:42:22.159926
df2687cd-8385-4a28-ab6d-547255a55c84	654bb34d-fec4-458c-94bc-2223d885a6d7	7cd5fac9994cfd1c997ea476a4f76e8768fed92730680ab705408d7c5021793e	2026-01-31 11:44:16.979	2026-01-24 11:44:16.980916
dc95d981-4f67-4ed9-afcf-39fd3338f96c	1b76c49c-b8d7-4c10-84aa-6b2bfd1c3fbc	dde7ba1613d0be24bc32ccbe28f5cc10697dd0c4f0bf51f7313ef4e462dfce29	2026-01-31 12:29:30.956	2026-01-24 12:29:30.956762
ad9afdb7-a4a7-4053-82e1-2e27ea6e1b0b	654bb34d-fec4-458c-94bc-2223d885a6d7	3958bcdc59814fe8749448fbcc6657f41b13d1b1e063541cbdce67fa20380362	2026-01-31 12:35:35.719	2026-01-24 12:35:35.719954
a19092e1-efb3-4654-a6f5-c6a2061a58fb	73477102-f36b-448a-89d4-9dc3e93466f8	1e7d0537ef29a5430ed203152fcb9938a44b47127423b41a6d48835e6ad72d45	2026-01-31 12:36:08.124	2026-01-24 12:36:08.12462
03891a13-ab9d-4525-8a6e-c1e7cf20c429	1b76c49c-b8d7-4c10-84aa-6b2bfd1c3fbc	ee82c9538d02185369a5110324323592aa4d8deb52e8d3ec205a35c125ce1d5a	2026-01-31 15:50:02.871	2026-01-24 15:50:02.872366
9c81a3ae-e1be-42ee-8d44-2a63026b06d3	a57fd791-bef2-4881-baa9-bfbd1c8b799c	a29af0a2b58c18aadadbc77cdb5fec765d0690d21cffeff1ea5a168cbc307b7e	2026-01-31 15:50:26.696	2026-01-24 15:50:26.696873
9f7ec846-1491-48cd-8a69-d74cd532c926	a57fd791-bef2-4881-baa9-bfbd1c8b799c	9728d15ef02cb1ceaec20bfedcc98886bac2195644a3a280e412be086f9b7d9c	2026-01-31 15:50:41.551	2026-01-24 15:50:41.552455
a0e5226d-221d-425a-bcbc-fe743f8e4807	a57fd791-bef2-4881-baa9-bfbd1c8b799c	8c1623f808c57d7c37b2f8bc45737aa322dc441a8fc2df49f5fa19d2120a1f0f	2026-01-31 15:51:10.638	2026-01-24 15:51:10.639143
0bd0e166-c81f-4e69-9a1e-635ca89dedee	654bb34d-fec4-458c-94bc-2223d885a6d7	ffafeeb1157a4bd04142b17a13793740173c0efe6c96a47006a6c0a103f55442	2026-01-31 15:53:34.112	2026-01-24 15:53:34.113254
0f1e8ad6-fdcb-43e2-89f3-67bb4535ae98	a57fd791-bef2-4881-baa9-bfbd1c8b799c	7db784066e362be9c2fb331f52ea8415243f2f7f1c87bff8489bc9cf56119557	2026-01-31 17:39:07.737	2026-01-24 17:39:07.738829
15c444f9-58ff-434a-a207-9a6e6eee62d3	1b76c49c-b8d7-4c10-84aa-6b2bfd1c3fbc	8438e77fbfb86fcf4561d60853e4fe0a974812c266dea26c91fafea316ee2c69	2026-01-31 17:40:05.731	2026-01-24 17:40:05.734622
e4233e78-8111-4062-bb47-871072056be3	1b76c49c-b8d7-4c10-84aa-6b2bfd1c3fbc	ab7d8afae8c4a3c9b87082d27a91dcd4e26dbbcd302b66d1741013f9968c0876	2026-01-31 17:51:01.965	2026-01-24 17:51:01.966668
b0dbdac4-e0aa-4c82-af47-b8d6056a82a8	1b76c49c-b8d7-4c10-84aa-6b2bfd1c3fbc	1e095bd07e08d4ff95520aba798b74d0ec4aad69187abf1cd1aa5492eab3826b	2026-01-31 17:56:00.484	2026-01-24 17:56:00.485345
8533c0b9-3f50-4e44-a88f-7b53a70a09b9	1b76c49c-b8d7-4c10-84aa-6b2bfd1c3fbc	bd61d1839a94aa4ac5dc72bbb9ed473014a950f3bde463f9ef3b33f3d9499495	2026-01-31 18:16:15.735	2026-01-24 18:16:15.735992
d9c5c9d2-d996-45d7-bc3c-7f626eb5e873	1b76c49c-b8d7-4c10-84aa-6b2bfd1c3fbc	16a12cec1df7917d8cc82c452c99c547efa4e9024c0c5e713569a6ffa7a912ed	2026-01-31 18:26:56.744	2026-01-24 18:26:56.745605
3f4d3dbd-a3d5-4fd2-a250-4300c951507e	1b76c49c-b8d7-4c10-84aa-6b2bfd1c3fbc	30966cec1afdfcabbd15283fbca21f25aa2e796b4fb8aa46c4031574d5d28ec7	2026-01-31 18:56:02.496	2026-01-24 18:56:02.497367
44ce501f-046f-43ee-bc31-2bf3340ec03f	654bb34d-fec4-458c-94bc-2223d885a6d7	dfa20b5007505d37d3d837c737d7627c8b9b50a6438c7a1459fddbfc300f13b4	2026-01-31 19:19:38.901	2026-01-24 19:19:38.901908
0d8839bf-87aa-4fe1-9f6f-4a0c20e8f8f5	a57fd791-bef2-4881-baa9-bfbd1c8b799c	a2d2028d3a8370f04de530e8b66ef2c00a67a0c6807cbca0f16ca30426d43a25	2026-01-31 19:20:22.209	2026-01-24 19:20:22.210107
54b40901-e1ac-45c6-981b-0667dff66c5a	1b76c49c-b8d7-4c10-84aa-6b2bfd1c3fbc	6c501252f5e8461e1060427746a5a43ad65f8d03803397ee72b865d65c69e3b6	2026-01-31 20:11:11.764	2026-01-24 20:11:11.764951
842262ee-84c7-43bb-ba72-1b0bb8cdb73f	1b76c49c-b8d7-4c10-84aa-6b2bfd1c3fbc	35d8924daad42cc991cdd51e051c9f1f842860dad48412c2b9ec931ee10d41d7	2026-01-31 20:21:35.839	2026-01-24 20:21:35.840286
77d66822-5654-414b-86de-647c493724a9	1b76c49c-b8d7-4c10-84aa-6b2bfd1c3fbc	e17b402609f08f71c4908ae27613dc4803646660c7f5a1b3f04572a92f0be271	2026-02-01 02:57:44.906	2026-01-25 02:57:44.907188
2f8c7204-801b-4c4f-a47f-e14bd3beeb2f	1b76c49c-b8d7-4c10-84aa-6b2bfd1c3fbc	7ee440d5d9bd62cc6033084d67351568ed9d6c0c095a770d198ce749443ae294	2026-02-01 02:57:53.161	2026-01-25 02:57:53.162214
a66b0837-f602-4538-a6c7-37b94117ef94	654bb34d-fec4-458c-94bc-2223d885a6d7	ecec0a473fd61afb269c0c95ad2066a88fec9ba599c21b782981d834265d388b	2026-02-01 03:04:30.787	2026-01-25 03:04:30.788217
98374642-11cc-442e-8eca-44944f346dc7	a57fd791-bef2-4881-baa9-bfbd1c8b799c	5850683fbd51670e16da117dbbe9f9fa71ba5c159cb2d9bf2ee4dd6a118b365d	2026-02-01 03:05:24.595	2026-01-25 03:05:24.595683
b48eec92-6757-420e-ac17-598ba8009d5f	654bb34d-fec4-458c-94bc-2223d885a6d7	d9c0d52f32ac21947ceb100ae85f224795c12ac70b74eb069ee12859c2127908	2026-02-01 03:18:44.295	2026-01-25 03:18:44.29636
abc2c123-f8bb-44ff-9ea9-5cf9b1d04579	36b86e7e-7668-49dc-8dd6-6610ce092a73	37d668a97f481fcef76ead6d708794fff24b40eb859ce9fcd7f7e8acce65be84	2026-02-01 03:38:54.678	2026-01-25 03:38:54.67911
c9eec055-d5bc-4f68-8168-fe1f64a42034	36b86e7e-7668-49dc-8dd6-6610ce092a73	3782e8d561af53c6e0a596160af12d5d2814a300d624cdd83aad00098651674a	2026-02-01 03:39:40.173	2026-01-25 03:39:40.17404
31090883-5ce0-41cf-8fb7-69cd1e5ea22d	1b76c49c-b8d7-4c10-84aa-6b2bfd1c3fbc	4e98a45d2d7b35953b7ce56eeb75f05a89788e6771a01059c91c3f3a46298d7b	2026-02-01 03:45:11.075	2026-01-25 03:45:11.078088
e2b6dd9d-bb21-40d8-9c69-41babb618e5e	654bb34d-fec4-458c-94bc-2223d885a6d7	53563b30d7be1493a6f3f8c494dfebcb03724c836a423c9e4b27b46d056b626d	2026-02-01 03:46:05.784	2026-01-25 03:46:05.785128
e0559a59-72bf-46ce-83d7-ef4ae1c32d05	1b76c49c-b8d7-4c10-84aa-6b2bfd1c3fbc	b4b920636c47aa2118d32df03241a00cb3e85ec8efd08b9873afd721e8ca3ee2	2026-02-01 03:55:33.569	2026-01-25 03:55:33.570113
3b8f12b5-3a70-407a-8c95-91a1a7830227	a57fd791-bef2-4881-baa9-bfbd1c8b799c	61f65c2911234103b382f981ed3f39a4966560c60ee77e0bd0e3ffa8aa93b5f5	2026-02-01 04:20:13.405	2026-01-25 04:20:13.406442
ab1cec6a-27ee-48c6-aaf8-e6b744c2e388	1b76c49c-b8d7-4c10-84aa-6b2bfd1c3fbc	0009ef291b7698939ec4c2245b53035ab542ba385562cb54f26b2e9923cb8c7a	2026-02-01 04:48:14.548	2026-01-25 04:48:14.549187
5803f6e5-70bc-4c72-98cd-20bdf37c48ab	1b76c49c-b8d7-4c10-84aa-6b2bfd1c3fbc	12ae2615cf6cc2121c89ac5c90a35542972bbcf94f6559af1f3579ce210f8eb7	2026-02-01 05:39:20.405	2026-01-25 05:39:20.405974
39ce9a6a-5c4b-4547-954f-8ac1047e619f	36b86e7e-7668-49dc-8dd6-6610ce092a73	2e64751c67cba30dad00571c2a3a117b3acd1535783d8a3ab3741fb9abfdafbe	2026-02-01 05:41:34.798	2026-01-25 05:41:34.799246
0a796026-e040-4db1-84c8-7946b12becb4	a57fd791-bef2-4881-baa9-bfbd1c8b799c	ecac1fefbfa9b3d29e692736e4ac534e5b973e5725d99d3e68f5eb9529e2846e	2026-02-01 05:42:16.599	2026-01-25 05:42:16.600164
ff055a58-418a-4229-aa2a-f8f4209e85b8	a57fd791-bef2-4881-baa9-bfbd1c8b799c	f03d62ace8cf69db6c6ff3705c99e8b32a94d311e9f7b4e71cacb38791188b1c	2026-02-01 07:30:05.159	2026-01-25 07:30:05.160012
c1fc504e-fda9-408e-92ae-1a8bb232e613	a57fd791-bef2-4881-baa9-bfbd1c8b799c	83121c906123517518a6073ae6c739c0cec29774a694a5e0eea9e97f23c0bb9d	2026-02-01 07:36:02.891	2026-01-25 07:36:02.892491
0edb5ba2-668d-4198-8a4c-732df39587ec	36b86e7e-7668-49dc-8dd6-6610ce092a73	ead281bbe9a2c77f080f3adb710b05d4c99c0f58520c477335d87dff13d2692b	2026-02-01 08:04:31.603	2026-01-25 08:04:31.604445
0740af03-3739-4980-850d-e475a5559ba7	1b76c49c-b8d7-4c10-84aa-6b2bfd1c3fbc	5da9e215fc5430fd78a00d9790876ae8e866eb91d72f87f1577e399ecc8a40da	2026-02-01 08:05:17.263	2026-01-25 08:05:17.264211
a872745b-d64d-4de3-bc55-c95d16c96f04	5a672d9b-dabc-4778-b380-7587dadab040	c1df72cc1a82c138218cf62de3b20f648fbbb4dbea7447ef3e3f1b25808adf80	2026-02-01 08:11:36.085	2026-01-25 08:11:36.085923
8c9f6307-bebc-42fc-9990-c8e5ee424eb4	5a672d9b-dabc-4778-b380-7587dadab040	15dda380871c68a1f24ea66ca425ab1e462f14c41c247c6cff835a2688a4f624	2026-02-01 08:12:16.397	2026-01-25 08:12:16.39769
1d6098ef-785c-4f9c-b42e-d9803f33abfb	a57fd791-bef2-4881-baa9-bfbd1c8b799c	a152a029b817646e8e550bfd97d65f965322638575456191e307719ed15b9361	2026-02-01 08:13:22.666	2026-01-25 08:13:22.667559
fbb72ed6-43d8-4463-9f9a-5112e06d1ebe	5a672d9b-dabc-4778-b380-7587dadab040	4534cd652988c223fd26d84d07adc61142c36be2a1d57d1a8510694953b2689d	2026-02-01 08:24:17.566	2026-01-25 08:24:17.566806
ed71afda-b17e-49e1-881f-e24e950e2fcb	a57fd791-bef2-4881-baa9-bfbd1c8b799c	bd86e97ee970a3a9d1c622984013e0e58aa8607ba1fd2336d520db98bacfbbe6	2026-02-01 08:36:08.319	2026-01-25 08:36:08.320297
1c3c138c-ad43-4bab-a507-d11e04cbc475	36b86e7e-7668-49dc-8dd6-6610ce092a73	4514e247c55f528ae2b3a588e3767945c4743122b65bb0680c47bbe45cb93c4e	2026-02-01 08:39:57.884	2026-01-25 08:39:57.885133
259f6935-5107-43e2-9388-3672d82dbbcc	654bb34d-fec4-458c-94bc-2223d885a6d7	123926f16af83fa5315a4eea58eabe103e9e1cae32da418857dd1af6cc457783	2026-02-01 08:40:22.792	2026-01-25 08:40:22.792825
e6000ebf-5b38-4ec8-9ecd-ed05788a838f	36b86e7e-7668-49dc-8dd6-6610ce092a73	83593bb5c51ee33d572564aaec8c61f2ca8985602c520f9d31b90eec1691b4ab	2026-02-01 08:42:46.789	2026-01-25 08:42:46.790442
e84a8404-b285-40a5-9235-5dd62436fdd6	1b76c49c-b8d7-4c10-84aa-6b2bfd1c3fbc	0fadb1eeca17c81d9b5c1fc0f57fe3c668246bcd22ed14623c7798c07ddbc3ad	2026-02-01 08:44:26.725	2026-01-25 08:44:26.72576
86fc933c-2040-45d8-823e-558cd82e85d3	1b76c49c-b8d7-4c10-84aa-6b2bfd1c3fbc	9e6c210e6af3e37b046f76f2d40a492569eb57bd24acacd3c8f85082454225de	2026-02-01 08:46:54.212	2026-01-25 08:46:54.213289
c404135d-0ba9-4dfb-81ee-ffdb2525c35c	1b76c49c-b8d7-4c10-84aa-6b2bfd1c3fbc	324c20940a88666f9af32b23929fbe50d54377a222618c1bc4204d134a96e1a9	2026-02-01 09:00:31.994	2026-01-25 09:00:31.99799
92972c9f-ef47-44c8-8aea-61025883a696	1b76c49c-b8d7-4c10-84aa-6b2bfd1c3fbc	01b7417aa89e4177891f3e49b8fead7611b4824004519ee519c818a45bfa0caa	2026-02-01 09:06:33.484	2026-01-25 09:06:33.485191
bcbafe1b-3498-4856-9037-b7cb4c8e4c85	1b76c49c-b8d7-4c10-84aa-6b2bfd1c3fbc	67742e497ac52b0f5d098dc8e1075dd10c902e33c1a6081c96794d8b54c8a1a7	2026-02-01 09:14:36.412	2026-01-25 09:14:36.412846
5bea047b-9ac4-49f8-a309-d3146ae344a7	1b76c49c-b8d7-4c10-84aa-6b2bfd1c3fbc	a075342f86864b0dc451699a718a2ce8a9304c95a0459e87dcce35cacd7a1d4b	2026-02-01 09:17:47.587	2026-01-25 09:17:47.588286
02d0886f-f122-4e8c-bde0-037eb89090d0	5a672d9b-dabc-4778-b380-7587dadab040	7e04f1e7bae26bff1f5ed60497c2c2abc343bfbdfc893671dfa6b40a48b3f148	2026-02-01 09:19:34.485	2026-01-25 09:19:34.48573
3648923f-a96d-4520-8754-ce617b363dbe	36b86e7e-7668-49dc-8dd6-6610ce092a73	c7875a80e464d9a4016208e60520ab3d9272d5b6d0ac3cb2637561d384195206	2026-02-01 09:30:15.732	2026-01-25 09:30:15.73317
a6aeba46-b550-4707-81fd-afb3389e2126	36b86e7e-7668-49dc-8dd6-6610ce092a73	a26e2bdc2953a07ebad7fbaa24249a57acd3f26f5e4f2d4f143fd54aeb3571a2	2026-02-01 09:42:13.905	2026-01-25 09:42:13.906124
5012cb79-da57-43f2-a7a4-3ec53ab3c0ae	a57fd791-bef2-4881-baa9-bfbd1c8b799c	1baf5b870170d2c1bbc93948133fb645ad9be69732c7803184c68ca8909deee8	2026-02-01 09:54:18.328	2026-01-25 09:54:18.328594
9e6a9d27-624f-4081-9a32-40b756c84c36	1b76c49c-b8d7-4c10-84aa-6b2bfd1c3fbc	0eb3631387bd4783c20eb3688a81b9c5dc8297af83add24b414af8c2e1f52533	2026-02-01 10:03:21.511	2026-01-25 10:03:21.512785
a99e6dfd-a7a7-44dc-adcc-8e39d80a330e	a57fd791-bef2-4881-baa9-bfbd1c8b799c	b5e3993e56de739a7613215f9d2f8b3b79a9d30b9ade0e1373c150fce02e1a93	2026-02-01 10:11:52.886	2026-01-25 10:11:52.887627
e2705f24-a998-4124-8642-0f68981ace80	654bb34d-fec4-458c-94bc-2223d885a6d7	c475ec434ebc6c3186cc903bc938e3adfe49510dfd90f9cbc7b878b48514605b	2026-02-01 10:13:32.222	2026-01-25 10:13:32.222547
69ca0d8f-f919-43e6-9578-85e527d81589	a57fd791-bef2-4881-baa9-bfbd1c8b799c	9a3f117e9dfb9b1cc9c4b86d1e48713aae7fb03dd31f577a0ded711df791e4f5	2026-02-01 10:14:02.16	2026-01-25 10:14:02.162048
a54ed227-8e39-417b-ae9b-cbf39e640856	a57fd791-bef2-4881-baa9-bfbd1c8b799c	8b0b878bb67ba404f32d7da983e7052f1a0a338bf5256fe646b2ee6d346e30a2	2026-02-01 10:31:15.273	2026-01-25 10:31:15.274791
1a1a86df-8ef6-4c8c-935b-3d987bb5f9b4	a57fd791-bef2-4881-baa9-bfbd1c8b799c	9c2069c5ad3ae1c4ca84c02fd3445ecd8b65421c5fcb136ef7601577444f17d1	2026-02-01 10:42:29.448	2026-01-25 10:42:29.449473
49202628-5772-43e6-a55f-a11b74c8f9b2	1b76c49c-b8d7-4c10-84aa-6b2bfd1c3fbc	a393e626a7ad2cc30f901a1ebacd85b95c0d08618504cb0513550e540377784f	2026-02-01 11:00:14.731	2026-01-25 11:00:14.731972
6fb480bf-9e6e-4080-98c8-040f27aec2db	1b76c49c-b8d7-4c10-84aa-6b2bfd1c3fbc	51ff2cf7bb685862daeff1e8a92b9ec2d66043496a0cd7681aca691f3e358c0e	2026-02-01 12:12:32.352	2026-01-25 12:12:32.353643
1c8198bb-231c-4dc1-b76f-2c7cf315ec7d	1b76c49c-b8d7-4c10-84aa-6b2bfd1c3fbc	3c1e54648e674bc1fe23fd2047dbf78ce6d032af2fb9aa5bff454c1aa297c9d3	2026-02-01 12:34:20.179	2026-01-25 12:34:20.179719
9a5eea10-7d25-4b3f-b002-d059633ae9ce	36b86e7e-7668-49dc-8dd6-6610ce092a73	5b1890f18d8a3ce5d63d28dc0c2c89835020f2fe00192dbce7c2fa5b5699ff15	2026-02-01 14:30:39.278	2026-01-25 14:30:39.279431
bcfd360d-4ea5-4a4e-89e2-ecc44487058a	1b76c49c-b8d7-4c10-84aa-6b2bfd1c3fbc	652f4ca07b58caa15420affe3a90e8cee17733b25027bd3d7dcbdeb785fe79d3	2026-02-01 14:31:04.109	2026-01-25 14:31:04.109708
1dcb3426-6850-444f-9671-02bc772aaa2b	a57fd791-bef2-4881-baa9-bfbd1c8b799c	60e631a139612e82129ebf988778882208d22d14fbd1c135d4a8d36c50cbbf56	2026-02-02 06:46:12.31	2026-01-26 06:46:12.311828
342557d8-3693-4434-8baa-df57905a5d68	36b86e7e-7668-49dc-8dd6-6610ce092a73	f5e3e8aa00ede02f48b80cc03df059f0d5eb53f41ab2acd77d320953f5f4fabb	2026-02-02 06:47:34.715	2026-01-26 06:47:34.716265
af1f2756-2141-47d7-ac9e-3a078102bf0c	a57fd791-bef2-4881-baa9-bfbd1c8b799c	e4e5a7f0f0a6a583cef3317ba14116c80b56acf85c19d77cb16aa2910e97ff43	2026-02-02 07:29:23.262	2026-01-26 07:29:23.263246
55c30f8a-faa7-439e-b2e4-0e7d1b8a068c	654bb34d-fec4-458c-94bc-2223d885a6d7	26c8101db10670a26ca4058a7da41e85e9bf8bde294cf68637a6925068c495b2	2026-02-02 07:32:25.74	2026-01-26 07:32:25.741233
237c1446-46ab-43cf-a2dd-31ed3871763f	36b86e7e-7668-49dc-8dd6-6610ce092a73	9e0e2a4afe425a8dc7e4584b404f7359d396dcb0068220290e77a4b29a00e93b	2026-02-02 07:38:08.942	2026-01-26 07:38:08.943569
56283fe5-d982-4c4b-9e14-82e8ec25ca2c	a57fd791-bef2-4881-baa9-bfbd1c8b799c	5b32d96abd0a0bd379f825879b1118aade7ca84213e1e2d8319bac7c61e573e6	2026-02-02 07:40:53.32	2026-01-26 07:40:53.321196
2c474f2f-b82d-4968-8f04-96947bb5d315	36b86e7e-7668-49dc-8dd6-6610ce092a73	62f4b1c2151c2b80d5924ef766f897d2a0fd0cd7e3d97662e4187fbb28e37c30	2026-02-02 07:44:58.612	2026-01-26 07:44:58.613324
0b006b68-2a45-4b67-8586-43907e964f36	a57fd791-bef2-4881-baa9-bfbd1c8b799c	c310baf25f9d1f7cec556a0b646dd1c193ebfd17cd8b37694ed218f9c6d000ad	2026-02-02 07:46:06.098	2026-01-26 07:46:06.098998
e0cbb508-b390-4ed4-bcd8-34e64bb1c2db	1b76c49c-b8d7-4c10-84aa-6b2bfd1c3fbc	837a66e8d7c56080d790f4214111081764dd10c0501fbf260628a99a51f1692d	2026-02-02 07:48:01.992	2026-01-26 07:48:01.992687
c5fbfcd8-671e-4374-8966-18e8b71bca41	a57fd791-bef2-4881-baa9-bfbd1c8b799c	9dff66cfa206a3a56f5b82c8b12bb4196a03abfe2f3153bf068e81b326c2da64	2026-02-02 10:19:09.768	2026-01-26 10:19:09.769502
86d2d705-1d3e-4998-b981-9ccda41cceda	1b76c49c-b8d7-4c10-84aa-6b2bfd1c3fbc	6e02ba33dee8a54bbe6daac3101553d2b1a788eb5c98a1535b26702bd4b064b4	2026-02-02 12:04:10.574	2026-01-26 12:04:10.575402
0b81fc14-f5d5-42ba-a5e4-5657a7ea2a80	1b76c49c-b8d7-4c10-84aa-6b2bfd1c3fbc	61f6d5e9c7fa34e03f8e998d897f6df3f39382d61c4f3386ea328d4c94abb96e	2026-02-02 12:04:27.78	2026-01-26 12:04:27.780966
b908521c-ee34-4986-8cba-f231e3bd8e70	a57fd791-bef2-4881-baa9-bfbd1c8b799c	69228b1c3c96140aa7ec125fdb5cff659bf9747d4a6a3b842b40780c6681252c	2026-02-02 14:02:48.284	2026-01-26 14:02:48.285508
87a598fa-f946-4d9b-be44-58e16867290b	a57fd791-bef2-4881-baa9-bfbd1c8b799c	589b106f403d3a5c76601cdfd8ca655743ef1cbdb9bffde712ea3ce31f6619c7	2026-02-02 14:30:31.648	2026-01-26 14:30:31.649827
70c1429b-b06f-4a60-8585-bf9a6471b228	a57fd791-bef2-4881-baa9-bfbd1c8b799c	aaff7292c5a3a70d776ffdc75bc70191ca3a17b90f65592b025e5ec4147ba114	2026-02-02 14:41:10.611	2026-01-26 14:41:10.612489
0f86b64e-a884-43cb-9373-37783d9085df	654bb34d-fec4-458c-94bc-2223d885a6d7	a53d6b2a8e80121b113d2238e7f89b726e4328acb13f516609dea165e3d15ca0	2026-02-02 14:41:50.866	2026-01-26 14:41:50.867871
c1218bde-b046-4162-94c7-4d2f36ad913f	a57fd791-bef2-4881-baa9-bfbd1c8b799c	78cd80d88daa19da4281de25c16f9eeaca87bb55003f621698632052a05d51d4	2026-02-02 14:45:09.068	2026-01-26 14:45:09.068757
a0cd0c7b-9221-4af7-8d9e-44ea3b6bcda8	a57fd791-bef2-4881-baa9-bfbd1c8b799c	36a41158a4115fb78645293a0c9cb1f1f656f0dd499fb6e21a03152afc86d015	2026-02-02 14:55:44.542	2026-01-26 14:55:44.542534
b1266f3e-71d0-4872-ab69-380cb5d6235b	36b86e7e-7668-49dc-8dd6-6610ce092a73	5237ef67fd9fd0f891849d6ea6b43bd4b4c91ee400e4ba192e9402713f500b51	2026-02-02 15:00:06.199	2026-01-26 15:00:06.210246
851f015e-470a-4a79-aefa-71e6099dd75b	36b86e7e-7668-49dc-8dd6-6610ce092a73	6cc5060721e4d116cc02757bda77ed25ad3256c477158ddf6a1ed0e597cd258a	2026-02-02 15:03:24.36	2026-01-26 15:03:24.361061
1cbb4ae8-de14-4fef-95d6-c1ee51c27671	1b76c49c-b8d7-4c10-84aa-6b2bfd1c3fbc	70c48d48dcfc499a871204758add9d4f9841ebadc9c2f485d7f345499ec8b4bd	2026-02-02 15:04:23.086	2026-01-26 15:04:23.087711
ad39d6a4-d410-434e-a3bc-4c26c8801f79	a57fd791-bef2-4881-baa9-bfbd1c8b799c	58dce2aed4ec39c71687548b3a6ad68b9defc3982c6cf63a67d6da6100af858c	2026-02-02 16:55:47.916	2026-01-26 16:55:47.917704
fd1a801c-e7d8-4a5c-8402-c43b19d62586	36b86e7e-7668-49dc-8dd6-6610ce092a73	ab9c1dcdd4a521e244e2ba9e4e12f8546e903dff9f6179ee863305e6474f90dc	2026-02-02 23:20:35.666	2026-01-26 23:20:35.667284
77d6a955-18a2-4edb-857a-48ecb93828db	36b86e7e-7668-49dc-8dd6-6610ce092a73	42ecbf23b1ddd3d43d7506ecee7369273a4dc47381bbcc4af865e6c69c8d4d5a	2026-02-02 23:53:34.936	2026-01-26 23:53:34.937214
21e06ed7-a7b8-4e2f-bb3a-ba2e20ee28d7	4651da8f-85ea-4942-86b8-58fde85d1d09	9c3c2f9f7f3dd08baa7e2490058929650bffa9b5b97c39d480d80931611d9fab	2026-02-03 00:42:55.872	2026-01-27 00:42:55.872597
447e02fd-c1f2-4008-9182-a233990a9993	842bac3c-0b3e-4475-9ffc-8eeae7627819	c77c58098dfe7c4c9029ae90eeba6f43ba251c7d654ffb0b423514d2dbb4671c	2026-02-03 00:43:14.972	2026-01-27 00:43:14.972514
1f5348ee-36be-44dd-897b-e55c1f4b42e0	4651da8f-85ea-4942-86b8-58fde85d1d09	e7cbc72f82aa63e0839b02e275b638bd514eb4db8ed04705d6f81cfb1bafb6fa	2026-02-03 00:44:05.532	2026-01-27 00:44:05.532962
73a77b45-d76b-45c2-abf2-f48f5519950b	276b0346-be41-4f47-b3fe-256dbfec0a74	834c9b856e93a3362fd9925297283e1a8e41ad3e47fd05888c9831eb6e87c8c9	2026-02-03 00:54:46.344	2026-01-27 00:54:46.345221
cb12b24e-f7cb-43ac-ad96-ce85da2a3dff	276b0346-be41-4f47-b3fe-256dbfec0a74	9e9f74db830ff1021aa6df9458e6a5b95e36975fa9fac8d5e8c4c87dc71cf3a2	2026-02-03 00:55:32.737	2026-01-27 00:55:32.737551
a55e18c2-c81e-40d0-b27c-6d72093778cb	4651da8f-85ea-4942-86b8-58fde85d1d09	1184cd930b1970b932745039a24457be2aed76a76a7ab7229771db3109e0aaed	2026-02-03 01:04:14.145	2026-01-27 01:04:14.146081
3ff695f8-0572-4e0d-a238-854ff445697f	842bac3c-0b3e-4475-9ffc-8eeae7627819	11bd8d253e2a4f3b380eee9544bcb3a51b2a30631f14e271e4509270eb22bde6	2026-02-03 01:06:39.544	2026-01-27 01:06:39.54544
d4030e71-16ca-4721-b8b5-f738e66079d2	a57fd791-bef2-4881-baa9-bfbd1c8b799c	7120a67872f5c15405eb7d1e44f9c4bb0471751e8ee03f407baaee049a814f2e	2026-02-03 01:49:53.546	2026-01-27 01:49:53.547147
09450f33-7b59-4c2b-aecc-64c25928bfda	654bb34d-fec4-458c-94bc-2223d885a6d7	4097653aef281511c19b52f0e4a87fbffd5b6b3b2be58fdc7294a407cbbc8942	2026-02-03 01:55:32.918	2026-01-27 01:55:32.919228
d107f115-c654-4ce2-9103-5df94376f8d5	5a672d9b-dabc-4778-b380-7587dadab040	5745646df22b5d00f71c2f3e701301a4e84abb95f64278adf789c23fbd7c6e9e	2026-02-03 01:59:04.423	2026-01-27 01:59:04.423457
02802f0f-2bbf-466a-b4c2-11b1b0ff3467	5a672d9b-dabc-4778-b380-7587dadab040	fb454e5288f199073059da3c2cca8b3a917e4656a76bb0e111d03237e67c00bd	2026-02-03 02:35:08.042	2026-01-27 02:35:08.043058
bed76115-f74d-4e7a-8eeb-97b19927cd8a	5a672d9b-dabc-4778-b380-7587dadab040	6e6859cb4bcce24b0d7a49a6a9df3cb6eff678219de9de6d43aa367de871df8f	2026-02-03 02:47:54.843	2026-01-27 02:47:54.84484
d8ec882f-8542-4341-b6a0-60072e040041	5a672d9b-dabc-4778-b380-7587dadab040	969574a92447f370de8e5a84d647a007a4b626166de37373f625261f45df26d1	2026-02-03 02:58:01.599	2026-01-27 02:58:01.600175
c67a5d3f-f36f-4426-b8b7-4a613794d36d	5a672d9b-dabc-4778-b380-7587dadab040	7298567e944be79cc1e98a97e54adace419fe1500954d5d1f0c6438067f4d095	2026-02-03 03:15:37.276	2026-01-27 03:15:37.277402
b67d9d21-2f8c-4071-8b92-0aa33b81f17f	5a672d9b-dabc-4778-b380-7587dadab040	74e3d76314cd2585c5093ca8f46dab75105aef6b0114dcc34fff23f1b4768ae3	2026-02-03 03:27:33.544	2026-01-27 03:27:33.544909
e6fed8d9-754b-4d1b-99e0-b02fbf86161e	5a672d9b-dabc-4778-b380-7587dadab040	6ece78a662ead4ad3d8b04d8340542f7d54103b27988f32e798df792c4ee2a64	2026-02-03 04:01:35.515	2026-01-27 04:01:35.516289
561bb97c-4911-4f66-81d4-c92c1a983837	09752f67-da7e-4a6c-97c9-174760bc0d9c	47fd643d018188b72e1b3d65022ca17d3d3d28c65da536ce2262ef343c402c59	2026-02-03 04:04:53.696	2026-01-27 04:04:53.697184
6957701d-92fe-4af7-b4c9-7f78bbe6345e	a57fd791-bef2-4881-baa9-bfbd1c8b799c	aef2fafdc95e26c17a4c299cfdabaed52a45145dee6f1dcd1828a839af37c2b3	2026-02-03 04:05:53.509	2026-01-27 04:05:53.510171
54aaa3bf-42b3-4169-a790-03f55b306183	36b86e7e-7668-49dc-8dd6-6610ce092a73	9c9b5be74daa6fdb6cea5cb986eadc00c7f969e26c2ae79a48d2e020981d5337	2026-02-03 04:08:49.21	2026-01-27 04:08:49.210887
b78007c6-29d5-46ce-b823-740f319502ce	09752f67-da7e-4a6c-97c9-174760bc0d9c	ae3d9b9ae3c760ba1327a91ce5ea12c613b57460c1b033f6437ef5ba6c29369f	2026-02-03 04:10:26.526	2026-01-27 04:10:26.527008
52b050c7-36df-4b55-88d6-c7de42ee0cc0	09752f67-da7e-4a6c-97c9-174760bc0d9c	48e69460f5d8a4a3f77beebec4cf077ebe584141511abb1cf751edafb31769ba	2026-02-03 04:22:49.991	2026-01-27 04:22:49.993994
ee12deb6-2ce0-4e8a-8470-6997a77ceb22	654bb34d-fec4-458c-94bc-2223d885a6d7	0946f4aa7b8f3ea68d8110cc1ed3468384cfcc4137e045eef3dba317a914d268	2026-02-03 04:26:36.388	2026-01-27 04:26:36.388957
8a22379a-f3b4-4b74-a3f8-006c37951ff1	a57fd791-bef2-4881-baa9-bfbd1c8b799c	5f9afe0744489e65619dc7e167bd885718a7480878d16ff7815255eb407de1d5	2026-02-03 04:27:27.666	2026-01-27 04:27:27.669314
c3f8a9b4-5760-438f-bbaf-658045cf824c	5a672d9b-dabc-4778-b380-7587dadab040	b3985a4598d1d7c8cbfcaf89a505e899368dfb5a4527f830df703b3a74b31c42	2026-02-03 04:29:51.932	2026-01-27 04:29:51.933115
51775336-9447-4450-b56e-138289724cb4	a57fd791-bef2-4881-baa9-bfbd1c8b799c	699c2dad9db28ad944b363ac04f93cd896148d4a2a3a9daa6e5fb4d49613f984	2026-02-03 04:37:57.453	2026-01-27 04:37:57.454149
56e9fb63-be9a-42c2-832f-b6c1c73dc019	21d178c0-37c5-466e-b2eb-560e32981cbd	2ad1e91b2b075405207a3a30d2cfc91a4b954aab7b98e407d4836db90eb0d549	2026-02-03 05:05:56.301	2026-01-27 05:05:56.301707
6fb479cb-752e-46a9-8970-5a2f89bddc1a	a57fd791-bef2-4881-baa9-bfbd1c8b799c	d0135d5293d42218882da3203019f33789657faac4050d0561c50bafb84dabd8	2026-02-04 09:05:56.155	2026-01-28 09:05:56.156274
f06bc6d9-77d7-4629-be4d-566efa0cd050	a57fd791-bef2-4881-baa9-bfbd1c8b799c	02c30c924561494797c7a1929925aaeda55f48cdacd0bcbff47121781e82de33	2026-02-04 09:52:01.728	2026-01-28 09:52:01.730038
a27c6494-de67-4fa3-a82c-ad9a969c6010	a57fd791-bef2-4881-baa9-bfbd1c8b799c	8adc007fec99459e1358475eb1f96a99b095f12b4d629a50af456466abe01b0b	2026-02-04 10:23:47.164	2026-01-28 10:23:47.165643
e8390313-e331-4a0b-9752-102de382c4f8	5a672d9b-dabc-4778-b380-7587dadab040	795a0c1a508667e4145b6aa71d9ce2f95a1edaed6148ba21847a9cf131dc542f	2026-02-04 10:35:58.826	2026-01-28 10:35:58.826642
798ddb7b-e36f-44c0-8d68-2f2445545c0e	a57fd791-bef2-4881-baa9-bfbd1c8b799c	b188938b305098b235370348c84d2a7d6d6d79124b2745b06a73a38597ddc562	2026-02-04 10:36:20.482	2026-01-28 10:36:20.483465
515624bd-f7be-4ea0-8ac5-c9fe1aa19457	a57fd791-bef2-4881-baa9-bfbd1c8b799c	97068903eb496e6c12b7fd0a4b0d198e31319f3af5d024277cca3a59bef97ac1	2026-02-04 10:47:55.075	2026-01-28 10:47:55.076605
71ebd7cd-09dd-49be-b5b1-1bd12951122c	a57fd791-bef2-4881-baa9-bfbd1c8b799c	fecc4ca874046dd5c6b950ad35e1da19a91e32ed86ca1bef2d5a6b7d3cdc1943	2026-02-04 11:04:39.602	2026-01-28 11:04:39.602972
dfc9b2dc-828d-48d2-82ec-f47c8a9c5018	36b86e7e-7668-49dc-8dd6-6610ce092a73	635ab9ec7525b94b8351a116231d9a3df06f6a6c0808d1661733cb84737f7ee1	2026-02-05 03:04:16.933	2026-01-29 03:04:16.934142
9a54fb08-491f-4f12-b90e-8caaca08cb69	5a672d9b-dabc-4778-b380-7587dadab040	01284f865238989dbe948241e62c8b996b3310f8a7086097e694f7926f084081	2026-02-05 03:07:57.132	2026-01-29 03:07:57.133486
3e02c878-1cab-4794-87e5-be284e0ebe94	5a672d9b-dabc-4778-b380-7587dadab040	fb00d358f5952081f75d983f4b79e2273eba2ab965b83a8bf91f44976f4f5af7	2026-02-05 05:32:26.684	2026-01-29 05:32:26.685066
41ac122c-2b46-4be9-89a2-aa5d52eaa0ae	5a672d9b-dabc-4778-b380-7587dadab040	fd0f61d86401729583a9ed9e9199313e9eb3a5d16f369689f2e0cacf58de6e2e	2026-02-05 05:32:34.388	2026-01-29 05:32:34.389085
d4569483-75b3-4b97-92cd-153a90558a13	a57fd791-bef2-4881-baa9-bfbd1c8b799c	f4b936843890221f69258d6ac5bd189e39020122f90a5669209fb41d1ece294c	2026-02-05 05:52:48.318	2026-01-29 05:52:48.319381
3a89c9bf-c88b-4e29-b496-20e27412f970	5a672d9b-dabc-4778-b380-7587dadab040	9a14fb25ec45f67e03d9bc26d08aee2712442735161914da24e7b87445f0fae1	2026-02-05 06:14:48.96	2026-01-29 06:14:48.961114
c382112b-e5b5-4424-81ad-54f4931060cb	a57fd791-bef2-4881-baa9-bfbd1c8b799c	e19c1cbffd2445e8b6f8f91da24fef1bda3211c9cdd8220e9c6da2057c131950	2026-02-05 07:24:38.713	2026-01-29 07:24:38.714158
510752e4-2309-47d3-9317-5196f097e95f	654bb34d-fec4-458c-94bc-2223d885a6d7	345c49f336aaa5ed00f402cca3e1fd1240fe162d4e015be594a47a5bf36edc57	2026-02-05 07:29:30.401	2026-01-29 07:29:30.401744
9bb15e12-f5fc-4f3e-85db-204e991c75b0	a57fd791-bef2-4881-baa9-bfbd1c8b799c	a5d2b32cd83854c18c7daa2b026e9e7dac12680277fc930ff12116f7c28690e3	2026-02-06 13:44:30.433	2026-01-30 13:44:30.434096
c4fee5bc-ece3-439a-9e48-0bf6df691c3e	e71fccc9-57c4-42c5-9a59-324078118fda	6c8deeb3cb70d702a593820217efb200fe6cc365bc0b1cdbb3206ff601f4f02c	2026-02-06 15:56:43.448	2026-01-30 15:56:43.449311
33c82b77-fc14-41fc-bf66-e18d0c6282bc	a57fd791-bef2-4881-baa9-bfbd1c8b799c	2194eeb662cc134b5d3021f07d29e1edc9f283bea503ab8005ef3a469382f779	2026-02-06 16:08:49.746	2026-01-30 16:08:49.74682
64682672-c20a-400e-aa30-2d76e855d6c1	a57fd791-bef2-4881-baa9-bfbd1c8b799c	d6515546a304a571dd882537421f932256abf71100e65b8fd34083312b1922bb	2026-02-07 07:19:03.077	2026-01-31 07:19:03.078462
285a2699-35e4-4ff5-b023-f980d8c33f77	a57fd791-bef2-4881-baa9-bfbd1c8b799c	bc8b068ce7dc79b6b39ac260bbaa84c5c8fe290cc86b94746d8d89ff5bf96b48	2026-02-07 07:30:29.761	2026-01-31 07:30:29.761686
c0d90326-f7a0-4baf-84c8-7d8b48e2fbd0	a57fd791-bef2-4881-baa9-bfbd1c8b799c	8a82a1f18d60a3dcf865cc11a324029ceaa147e5184e49d4ae49d0d2b325e739	2026-02-07 07:59:25.694	2026-01-31 07:59:25.695434
f8d10539-2860-4284-b5cb-ca172606a016	a57fd791-bef2-4881-baa9-bfbd1c8b799c	e4a03332f5338121a9ef359f4d36cb8555f267691d92319856b084a258494144	2026-02-07 10:54:29.694	2026-01-31 10:54:29.695115
c365a62f-4051-45cc-8d40-3e712b03d1bb	a57fd791-bef2-4881-baa9-bfbd1c8b799c	8186c3ea3ada7bfbc63eaba9d12d259e78a83489ad9ad36a53cd9813e63ee083	2026-02-07 11:08:44.106	2026-01-31 11:08:44.107559
0503b9d8-4cc4-4c86-a125-f0b866315346	a57fd791-bef2-4881-baa9-bfbd1c8b799c	6c6133a1a82dbb686a7e7de1d4d2c003b1ed567f4871d39dc9bc0b7dcb40152e	2026-02-07 11:22:34.141	2026-01-31 11:22:34.142528
c49ec0d5-3ed7-4e2d-972c-fa099fb1b67e	a57fd791-bef2-4881-baa9-bfbd1c8b799c	ce694a48cd95d85e1a9e7cf80ebbf4c4567b14cc207e081be1bd2e888354a064	2026-02-07 13:23:12.574	2026-01-31 13:23:12.575726
65736abf-f134-43bc-9c95-6f754f8169a7	a57fd791-bef2-4881-baa9-bfbd1c8b799c	9ef1f43345405f360afb5925c80e999fc240977ce744304cc65096b6e8a92cd5	2026-02-07 13:40:09.357	2026-01-31 13:40:09.35819
7296b164-05e9-4fb3-941e-ee68640f1860	a57fd791-bef2-4881-baa9-bfbd1c8b799c	db5458291b6e32f5d9293db35ddec12f719d01587cc27342fd34adbcd67a1f09	2026-02-07 14:13:26.611	2026-01-31 14:13:26.612296
3f01c63e-00e5-4ec1-85ff-f49ab9fe3fbb	a57fd791-bef2-4881-baa9-bfbd1c8b799c	985af3ffa765d909fc3cd756e87e035f13ed932845dfecc26ed39ab39bc7dfe2	2026-02-07 14:24:47.732	2026-01-31 14:24:47.7335
bffdabf7-1853-47b9-9646-7b1469aa788c	a57fd791-bef2-4881-baa9-bfbd1c8b799c	5c76d171231f69787e779062659412e80198c334e253a6ce89f827a4a13a06fc	2026-02-07 14:37:21.962	2026-01-31 14:37:21.963231
22ac3076-a11c-4df4-a295-0f382235d37c	a57fd791-bef2-4881-baa9-bfbd1c8b799c	3fd6f6c54ceb535568af2795d95a22c698df5e9eff3fa50ce434c6ebdef4509e	2026-02-07 14:50:24.095	2026-01-31 14:50:24.096482
2fc68e38-bb19-45e1-af96-2981c7199ed6	a57fd791-bef2-4881-baa9-bfbd1c8b799c	2b4872339acbe4132597efac773713214f171f51ea48df20ec6e32f642455416	2026-02-07 15:04:10.02	2026-01-31 15:04:10.021503
016527bd-d917-4643-ba0e-70bcd9dc7c8d	a57fd791-bef2-4881-baa9-bfbd1c8b799c	4f60ab4f39681b9c3b4821ef2524482774ac4ab026427f1cc96e8c19de33f28f	2026-02-07 15:14:32.11	2026-01-31 15:14:32.110955
c7aa9542-6cff-41ef-98df-90471ae4ef61	a57fd791-bef2-4881-baa9-bfbd1c8b799c	cccb5768147311e6c1477a777ad3d5f9446b9d2dc2f6b4dc542465276ac4cac3	2026-02-07 15:28:21.816	2026-01-31 15:28:21.816987
e9cb8df8-2ffa-41c6-81e2-78386028b628	a57fd791-bef2-4881-baa9-bfbd1c8b799c	df74ee51c9ae9eb4891ff0fe9a5417074b6ccf8ad8c7bbeb5d7035d46bd51542	2026-02-07 15:38:49.33	2026-01-31 15:38:49.330946
cb7489fb-254c-4e04-aabe-243768fa8791	a57fd791-bef2-4881-baa9-bfbd1c8b799c	7eca6676bce5f54119b43992ea439f499e0d8f07cc534f5b20481a5ffeb570b0	2026-02-07 15:51:23.733	2026-01-31 15:51:23.734152
1b26e2b4-d213-4d03-a3da-02520c1fdd7f	a57fd791-bef2-4881-baa9-bfbd1c8b799c	c12759e1e15e79417e7ebe93281564061ace641e7c3b671a27033a31fbe68754	2026-02-07 16:15:56.306	2026-01-31 16:15:56.307288
a9b03c02-2849-4d02-ae32-b81dfad2ebfb	a57fd791-bef2-4881-baa9-bfbd1c8b799c	ec4940b050b058ca1e952d994d22be944679db66aa9f30230a8cec8c20c812dc	2026-02-08 02:19:31.419	2026-02-01 02:19:31.420466
2f63e8b7-8653-476c-b3dd-a05cdef7f4dc	e71fccc9-57c4-42c5-9a59-324078118fda	82397373e520bb0767702eb8e4d739b947c5880cf760b729f08d5ae8141c52a3	2026-02-08 02:21:08.932	2026-02-01 02:21:08.93266
53151b7d-8d48-4f35-8529-87e49011b78a	e71fccc9-57c4-42c5-9a59-324078118fda	0851af1fd83210272d3057e0e6e8bea7743e855309301b6c8d5ff9b29f7b1543	2026-02-08 03:06:20.172	2026-02-01 03:06:20.172684
ab0f7ce3-d1c7-420b-ae54-b2827716a81c	36b86e7e-7668-49dc-8dd6-6610ce092a73	1e21d31dec56bd3f9fcd398db75500c41af97c59495204939e2bbe74d3929399	2026-02-08 03:09:04.344	2026-02-01 03:09:04.344937
0c2fc899-7551-42b8-bf72-300b9a99cba1	36b86e7e-7668-49dc-8dd6-6610ce092a73	7e271c4a2580ef0e703a2267c0032d45347150223ce31445fdf74eb8e96f3ca6	2026-02-08 03:27:02.35	2026-02-01 03:27:02.351142
56e6abf0-75cd-4316-abb0-3258279797b7	36b86e7e-7668-49dc-8dd6-6610ce092a73	3bddaaea005e8afa6c709e3218f93a73736703f3042ec3650284523cb154026e	2026-02-08 03:45:57.352	2026-02-01 03:45:57.353229
ba881cea-5b31-42ea-8270-f52d443ca7a1	36b86e7e-7668-49dc-8dd6-6610ce092a73	3ad636ee3f274bcadfb3747b2acb4bd4dea4037c23bbdf3679442d176b1521d3	2026-02-08 04:49:10.762	2026-02-01 04:49:10.763449
a9f253a3-d98b-48e4-a10b-0d87e51e36b7	36b86e7e-7668-49dc-8dd6-6610ce092a73	8b325dccf647ffbd5368a701d5b712ac1cb0ae99f5638f65b77946c48843eaf8	2026-02-08 05:00:54.115	2026-02-01 05:00:54.116056
3a3382b3-c4b5-49d5-9afe-53ebf1c78f70	36b86e7e-7668-49dc-8dd6-6610ce092a73	fcd0ebb0c57ec5c0b71e1012800aa536f1ecbd00c7abcfab9575ec7424c44afe	2026-02-08 05:21:07.242	2026-02-01 05:21:07.242517
87f6f528-ffb6-410b-ae9f-eda629e6518c	36b86e7e-7668-49dc-8dd6-6610ce092a73	9b2021bde198f7b0661eb6120728d461183028e1bf763b97d08a58ae1e289128	2026-02-08 05:34:02.819	2026-02-01 05:34:02.82028
87b58dc2-9cdc-45d5-9e6a-271fe8b4811d	654bb34d-fec4-458c-94bc-2223d885a6d7	c86882159c54d51a73760e86d75445feb4c7c8a74517627d062115dcb005e722	2026-02-08 06:20:17.311	2026-02-01 06:20:17.311648
e4ce1fdb-af9a-44cc-90c7-603693416475	654bb34d-fec4-458c-94bc-2223d885a6d7	6ef9e9d191dad82a4a6af7089ba8cd4fe41f9206062460f68e16c699b34347f7	2026-02-08 07:16:18.764	2026-02-01 07:16:18.764807
b7a2f741-e25d-415e-8182-7ab2591e46c5	a57fd791-bef2-4881-baa9-bfbd1c8b799c	2362e8680dca2cf043aec6bec58838db320f9fe8b8967e77bcdef8c490bd598d	2026-02-08 07:48:21.07	2026-02-01 07:48:21.070812
d9f94de8-39b9-468c-a1f6-d4d2a3e3f7e4	e71fccc9-57c4-42c5-9a59-324078118fda	6704435f4f891d25d756eaf4ea4a0a888589278cc2b657cd3f241b22fe4b5db5	2026-02-08 07:49:26.909	2026-02-01 07:49:26.909898
983590eb-1607-4be2-8261-b479e037a474	73477102-f36b-448a-89d4-9dc3e93466f8	48703de8c88c68bfa8d654dc0488a3d5dd9fb6d8db1d72ec36ce50fb3707000c	2026-02-08 07:53:34.894	2026-02-01 07:53:34.894826
\.


--
-- TOC entry 3862 (class 0 OID 16738)
-- Dependencies: 236
-- Data for Name: sessions; Type: TABLE DATA; Schema: public; Owner: lto_user
--

COPY public.sessions (id, user_id, refresh_token_id, ip_address, user_agent, created_at, last_activity, expires_at) FROM stdin;
11343c2f-fb51-483e-9954-5bb245aea1e9	1b76c49c-b8d7-4c10-84aa-6b2bfd1c3fbc	3b70cade-1245-435a-afad-e9e2a7885f47	180.195.78.106	Mozilla/5.0 (Windows NT 10.0; Win64; x64) AppleWebKit/537.36 (KHTML, like Gecko) Chrome/143.0.0.0 Safari/537.36	2026-01-24 08:24:14.922822	2026-01-24 08:24:14.922822	2026-01-31 08:24:14.922
6bf05028-d89f-4ce3-92dc-79b0ab1976b8	a57fd791-bef2-4881-baa9-bfbd1c8b799c	3ccc3330-60e7-41c4-9c2f-7f6a361b8154	180.195.78.106	Mozilla/5.0 (Windows NT 10.0; Win64; x64) AppleWebKit/537.36 (KHTML, like Gecko) Chrome/143.0.0.0 Safari/537.36	2026-01-24 08:46:37.022171	2026-01-24 08:46:37.022171	2026-01-31 08:46:37.013
0e5a0062-415f-4599-bcb1-ca655231449c	a57fd791-bef2-4881-baa9-bfbd1c8b799c	7c0e7130-8590-4321-a005-0847c81baa34	180.195.78.106	Mozilla/5.0 (Windows NT 10.0; Win64; x64) AppleWebKit/537.36 (KHTML, like Gecko) Chrome/143.0.0.0 Safari/537.36	2026-01-24 08:46:46.084207	2026-01-24 08:46:46.084207	2026-01-31 08:46:46.083
fb48f85f-09ad-408f-b585-7cd80a3f9acf	a57fd791-bef2-4881-baa9-bfbd1c8b799c	2a05b910-3aeb-4b0e-8c72-03faa8870964	180.195.78.106	Mozilla/5.0 (Windows NT 10.0; Win64; x64) AppleWebKit/537.36 (KHTML, like Gecko) Chrome/143.0.0.0 Safari/537.36	2026-01-24 08:47:01.466455	2026-01-24 08:47:01.466455	2026-01-31 08:47:01.465
725a9ab2-a462-4d92-a76b-660ec98b2847	a57fd791-bef2-4881-baa9-bfbd1c8b799c	47b1395f-b52b-4991-9dd2-084bd7fce253	180.195.78.106	Mozilla/5.0 (Windows NT 10.0; Win64; x64) AppleWebKit/537.36 (KHTML, like Gecko) Chrome/143.0.0.0 Safari/537.36	2026-01-24 08:47:37.227764	2026-01-24 08:47:37.227764	2026-01-31 08:47:37.227
e66d55c6-79f3-4c34-ab60-b916e3b45d81	a57fd791-bef2-4881-baa9-bfbd1c8b799c	a2da8017-acf3-4ece-8558-3f1d1e8954a3	180.195.78.106	Mozilla/5.0 (Windows NT 10.0; Win64; x64) AppleWebKit/537.36 (KHTML, like Gecko) Chrome/143.0.0.0 Safari/537.36	2026-01-24 09:02:52.631995	2026-01-24 09:02:52.631995	2026-01-31 09:02:52.63
3c48b32d-6373-4b09-9dce-f88f486bce8c	a57fd791-bef2-4881-baa9-bfbd1c8b799c	c1ba17c3-379c-42f3-9cd0-a7fb5215f163	180.195.78.106	Mozilla/5.0 (Windows NT 10.0; Win64; x64) AppleWebKit/537.36 (KHTML, like Gecko) Chrome/143.0.0.0 Safari/537.36	2026-01-24 09:03:10.013975	2026-01-24 09:03:10.013975	2026-01-31 09:03:10.013
9710918f-5e5f-49e4-b4c6-ef6c7f16fb94	a57fd791-bef2-4881-baa9-bfbd1c8b799c	0e4ef2a4-57bd-4000-8ed5-3a5fa7bff5cb	180.195.78.106	Mozilla/5.0 (Windows NT 10.0; Win64; x64) AppleWebKit/537.36 (KHTML, like Gecko) Chrome/143.0.0.0 Safari/537.36	2026-01-24 09:03:26.449652	2026-01-24 09:03:26.449652	2026-01-31 09:03:26.449
09869ff1-fff0-446c-933b-56d5ee3a5001	a57fd791-bef2-4881-baa9-bfbd1c8b799c	e378f7bc-360a-448e-99d9-8f6ebe39e1c3	180.195.78.106	Mozilla/5.0 (Windows NT 10.0; Win64; x64) AppleWebKit/537.36 (KHTML, like Gecko) Chrome/143.0.0.0 Safari/537.36	2026-01-24 09:14:11.310336	2026-01-24 09:14:11.310336	2026-01-31 09:14:11.309
23a259cf-26ce-4472-b1df-111fb381c0a7	a57fd791-bef2-4881-baa9-bfbd1c8b799c	e057036a-df4f-4776-a0c6-8756dbb6d8b9	180.195.78.106	Mozilla/5.0 (Windows NT 10.0; Win64; x64) AppleWebKit/537.36 (KHTML, like Gecko) Chrome/143.0.0.0 Safari/537.36	2026-01-24 09:14:29.907433	2026-01-24 09:14:29.907433	2026-01-31 09:14:29.906
80c3633b-24f6-4ba5-a718-4e04a21e76a0	c7179b34-ff7f-4004-9495-2cf9f049c3d1	f4998a87-a0c2-42cc-b35e-81f639d7f4f4	180.195.78.106	Mozilla/5.0 (Windows NT 10.0; Win64; x64) AppleWebKit/537.36 (KHTML, like Gecko) Chrome/143.0.0.0 Safari/537.36	2026-01-24 09:16:56.970377	2026-01-24 09:25:59.840679	2026-01-31 09:16:56.969
7e5d05de-4e3f-4a67-8246-6c6c2ded9091	a57fd791-bef2-4881-baa9-bfbd1c8b799c	710178fa-bd12-49cc-86ec-1902d3cf54ea	180.195.78.106	Mozilla/5.0 (Windows NT 10.0; Win64; x64) AppleWebKit/537.36 (KHTML, like Gecko) Chrome/143.0.0.0 Safari/537.36	2026-01-24 09:29:22.904387	2026-01-24 09:29:22.904387	2026-01-31 09:29:22.903
35411292-8898-4738-a8bf-44c8d2cfc791	a57fd791-bef2-4881-baa9-bfbd1c8b799c	1898af62-b189-43a6-9af4-ea2b2fd94233	180.195.78.106	Mozilla/5.0 (Windows NT 10.0; Win64; x64) AppleWebKit/537.36 (KHTML, like Gecko) Chrome/143.0.0.0 Safari/537.36	2026-01-24 09:29:41.02333	2026-01-24 09:29:41.02333	2026-01-31 09:29:41.022
88bb60cc-f7df-4daf-a2cc-dbfb6c3f2f65	c7179b34-ff7f-4004-9495-2cf9f049c3d1	d2a05bb8-fb39-47ba-863d-fcf51ec35fe9	180.195.78.106	Mozilla/5.0 (Windows NT 10.0; Win64; x64) AppleWebKit/537.36 (KHTML, like Gecko) Chrome/143.0.0.0 Safari/537.36	2026-01-24 09:30:19.401571	2026-01-24 09:30:19.401571	2026-01-31 09:30:19.401
8aa0b804-63a6-4246-9acc-1c030645886c	5a672d9b-dabc-4778-b380-7587dadab040	3a89c9bf-c88b-4e29-b496-20e27412f970	180.195.71.139	Mozilla/5.0 (Windows NT 10.0; Win64; x64) AppleWebKit/537.36 (KHTML, like Gecko) Chrome/144.0.0.0 Safari/537.36	2026-01-29 06:14:48.974839	2026-01-29 06:14:48.974839	2026-02-05 06:14:48.974
3e6eab17-b7e2-45e7-b50e-075172fcfab5	c7179b34-ff7f-4004-9495-2cf9f049c3d1	efac6cdc-d108-4846-95de-f68e4da0fa44	180.195.78.106	Mozilla/5.0 (Windows NT 10.0; Win64; x64) AppleWebKit/537.36 (KHTML, like Gecko) Chrome/143.0.0.0 Safari/537.36	2026-01-24 10:01:21.393484	2026-01-24 10:01:21.393484	2026-01-31 10:01:21.393
aa4370d3-0d7f-4f68-af37-4323b4588c39	a57fd791-bef2-4881-baa9-bfbd1c8b799c	61c72aa6-4bc5-45ec-beed-8488be0ce5b4	180.195.78.106	Mozilla/5.0 (Windows NT 10.0; Win64; x64) AppleWebKit/537.36 (KHTML, like Gecko) Chrome/143.0.0.0 Safari/537.36	2026-01-24 10:10:30.384475	2026-01-24 10:10:30.384475	2026-01-31 10:10:30.383
6f07e57f-edb2-469c-91ca-e46e565fafd2	654bb34d-fec4-458c-94bc-2223d885a6d7	cb351ee2-84e7-4f97-8d0f-afa82e3c155a	180.195.78.106	Mozilla/5.0 (Windows NT 10.0; Win64; x64) AppleWebKit/537.36 (KHTML, like Gecko) Chrome/143.0.0.0 Safari/537.36	2026-01-24 10:11:10.453527	2026-01-24 10:11:10.453527	2026-01-31 10:11:10.453
6ba5b05b-0ee6-4160-b59a-36d650edbaa4	a57fd791-bef2-4881-baa9-bfbd1c8b799c	c71b15d2-d628-426b-8aec-23911d7b332b	180.195.78.106	Mozilla/5.0 (Windows NT 10.0; Win64; x64) AppleWebKit/537.36 (KHTML, like Gecko) Chrome/143.0.0.0 Safari/537.36	2026-01-24 10:11:29.547342	2026-01-24 10:11:29.547342	2026-01-31 10:11:29.546
86a1479c-b22d-49ff-ae49-8918ae505ad0	c7179b34-ff7f-4004-9495-2cf9f049c3d1	86e1326d-b1a2-429d-b3dc-3f880e3a2061	180.195.78.106	Mozilla/5.0 (Windows NT 10.0; Win64; x64) AppleWebKit/537.36 (KHTML, like Gecko) Chrome/143.0.0.0 Safari/537.36	2026-01-24 10:11:55.182205	2026-01-24 10:11:55.182205	2026-01-31 10:11:55.181
b602f593-23d7-44d0-9581-51499e371639	c7179b34-ff7f-4004-9495-2cf9f049c3d1	ff3eb68f-73b0-4306-9d29-35569666ec5f	180.195.78.106	Mozilla/5.0 (Windows NT 10.0; Win64; x64) AppleWebKit/537.36 (KHTML, like Gecko) Chrome/143.0.0.0 Safari/537.36	2026-01-24 10:33:18.077824	2026-01-24 10:33:18.077824	2026-01-31 10:33:18.077
2c2b89d3-77a6-4f55-99b9-54bd8fdfd9d1	1b76c49c-b8d7-4c10-84aa-6b2bfd1c3fbc	a744d838-2ea0-4cab-95bd-acdd9789c3b8	180.195.78.106	Mozilla/5.0 (Windows NT 10.0; Win64; x64) AppleWebKit/537.36 (KHTML, like Gecko) Chrome/143.0.0.0 Safari/537.36	2026-01-24 10:38:08.266434	2026-01-24 10:38:08.266434	2026-01-31 10:38:08.266
5880c377-85aa-49c2-8361-bf75a50a823b	1b76c49c-b8d7-4c10-84aa-6b2bfd1c3fbc	47f65ce7-6094-40ab-b03b-f899bce9ffa3	180.195.78.106	Mozilla/5.0 (Windows NT 10.0; Win64; x64) AppleWebKit/537.36 (KHTML, like Gecko) Chrome/143.0.0.0 Safari/537.36	2026-01-24 10:38:30.411555	2026-01-24 10:38:30.411555	2026-01-31 10:38:30.41
640d6b36-fc25-40c0-a2d8-c11b37e4bca6	a57fd791-bef2-4881-baa9-bfbd1c8b799c	31a5facd-ee36-4fb5-bd19-abbba10c5acb	180.195.78.106	Mozilla/5.0 (Windows NT 10.0; Win64; x64) AppleWebKit/537.36 (KHTML, like Gecko) Chrome/143.0.0.0 Safari/537.36	2026-01-24 10:41:21.038989	2026-01-24 10:41:21.038989	2026-01-31 10:41:21.038
eec13092-401d-481a-b84f-97c518da0a9e	654bb34d-fec4-458c-94bc-2223d885a6d7	057092b0-5e52-4fc7-9b1b-41b37c44f9f2	180.195.78.106	Mozilla/5.0 (Windows NT 10.0; Win64; x64) AppleWebKit/537.36 (KHTML, like Gecko) Chrome/144.0.0.0 Safari/537.36	2026-01-24 10:41:50.225089	2026-01-24 10:41:50.225089	2026-01-31 10:41:50.224
3ce2b069-fdf8-4f3e-a2ae-1c59313cfa3e	c7179b34-ff7f-4004-9495-2cf9f049c3d1	1af6bc84-01f2-4851-b011-f7d7868adb5e	180.195.78.106	Mozilla/5.0 (Windows NT 10.0; Win64; x64) AppleWebKit/537.36 (KHTML, like Gecko) Chrome/144.0.0.0 Safari/537.36	2026-01-24 10:42:22.191979	2026-01-24 10:42:22.191979	2026-01-31 10:42:22.191
4993e7b6-e092-4457-940a-420b0b5796f4	654bb34d-fec4-458c-94bc-2223d885a6d7	df2687cd-8385-4a28-ab6d-547255a55c84	180.195.78.106	Mozilla/5.0 (Windows NT 10.0; Win64; x64) AppleWebKit/537.36 (KHTML, like Gecko) Chrome/143.0.0.0 Safari/537.36	2026-01-24 11:44:16.990697	2026-01-24 11:44:16.990697	2026-01-31 11:44:16.99
7d854050-435b-4f91-8d9c-a0b3a1257fba	1b76c49c-b8d7-4c10-84aa-6b2bfd1c3fbc	03891a13-ab9d-4525-8a6e-c1e7cf20c429	180.195.78.106	Mozilla/5.0 (Windows NT 10.0; Win64; x64) AppleWebKit/537.36 (KHTML, like Gecko) Chrome/143.0.0.0 Safari/537.36	2026-01-24 15:50:02.891804	2026-01-24 16:10:11.812037	2026-01-31 15:50:02.891
eac610ba-0454-47d5-a586-226554f11ec7	1b76c49c-b8d7-4c10-84aa-6b2bfd1c3fbc	dc95d981-4f67-4ed9-afcf-39fd3338f96c	180.195.78.106	Mozilla/5.0 (Windows NT 10.0; Win64; x64) AppleWebKit/537.36 (KHTML, like Gecko) Chrome/143.0.0.0 Safari/537.36	2026-01-24 12:29:30.965927	2026-01-24 12:29:30.965927	2026-01-31 12:29:30.965
c27d505d-aab7-4e15-b067-ad005456a7b4	654bb34d-fec4-458c-94bc-2223d885a6d7	ad9afdb7-a4a7-4053-82e1-2e27ea6e1b0b	180.195.78.106	Mozilla/5.0 (Windows NT 10.0; Win64; x64) AppleWebKit/537.36 (KHTML, like Gecko) Chrome/143.0.0.0 Safari/537.36	2026-01-24 12:35:35.727572	2026-01-24 12:35:35.727572	2026-01-31 12:35:35.727
9e9b3f12-ecb3-47ce-a4d9-bb99d2e15d95	73477102-f36b-448a-89d4-9dc3e93466f8	a19092e1-efb3-4654-a6f5-c6a2061a58fb	180.195.78.106	Mozilla/5.0 (Windows NT 10.0; Win64; x64) AppleWebKit/537.36 (KHTML, like Gecko) Chrome/143.0.0.0 Safari/537.36	2026-01-24 12:36:08.131453	2026-01-24 12:36:08.131453	2026-01-31 12:36:08.13
e67991ca-10bc-492f-83d6-12c57c1e252c	a57fd791-bef2-4881-baa9-bfbd1c8b799c	9c81a3ae-e1be-42ee-8d44-2a63026b06d3	180.195.78.106	Mozilla/5.0 (Windows NT 10.0; Win64; x64) AppleWebKit/537.36 (KHTML, like Gecko) Chrome/144.0.0.0 Safari/537.36	2026-01-24 15:50:26.700608	2026-01-24 15:50:26.700608	2026-01-31 15:50:26.7
8ef0b00a-d390-43e7-abe8-3f7be74353bb	654bb34d-fec4-458c-94bc-2223d885a6d7	0bd0e166-c81f-4e69-9a1e-635ca89dedee	180.195.78.106	Mozilla/5.0 (Windows NT 10.0; Win64; x64) AppleWebKit/537.36 (KHTML, like Gecko) Chrome/144.0.0.0 Safari/537.36	2026-01-24 15:53:34.12606	2026-01-24 15:53:34.12606	2026-01-31 15:53:34.124
84439838-c2f3-4b4f-a367-de419c928644	654bb34d-fec4-458c-94bc-2223d885a6d7	44ce501f-046f-43ee-bc31-2bf3340ec03f	180.195.78.106	Mozilla/5.0 (Windows NT 10.0; Win64; x64) AppleWebKit/537.36 (KHTML, like Gecko) Chrome/143.0.0.0 Safari/537.36	2026-01-24 19:19:38.908531	2026-01-24 19:19:38.908531	2026-01-31 19:19:38.908
890f2e5c-2ce6-4550-81e9-ed24c3ac27ea	a57fd791-bef2-4881-baa9-bfbd1c8b799c	a0e5226d-221d-425a-bcbc-fe743f8e4807	180.195.78.106	Mozilla/5.0 (Windows NT 10.0; Win64; x64) AppleWebKit/537.36 (KHTML, like Gecko) Chrome/143.0.0.0 Safari/537.36	2026-01-24 15:51:10.652453	2026-01-24 16:09:23.995748	2026-01-31 15:51:10.651
651140c4-468a-49fa-8b10-03f15ed1985b	a57fd791-bef2-4881-baa9-bfbd1c8b799c	9f7ec846-1491-48cd-8a69-d74cd532c926	180.195.78.106	Mozilla/5.0 (Windows NT 10.0; Win64; x64) AppleWebKit/537.36 (KHTML, like Gecko) Chrome/144.0.0.0 Safari/537.36	2026-01-24 15:50:41.560337	2026-01-24 16:10:22.940597	2026-01-31 15:50:41.559
0864f78f-d1f2-42bc-8098-01f6ffa8dfd6	5a672d9b-dabc-4778-b380-7587dadab040	3e02c878-1cab-4794-87e5-be284e0ebe94	180.195.71.139	Mozilla/5.0 (Windows NT 10.0; Win64; x64) AppleWebKit/537.36 (KHTML, like Gecko) Chrome/144.0.0.0 Safari/537.36	2026-01-29 05:32:26.696081	2026-01-29 05:32:26.696081	2026-02-05 05:32:26.695
a3cd637d-5d3a-4c09-a111-8f5006503aa0	1b76c49c-b8d7-4c10-84aa-6b2bfd1c3fbc	5803f6e5-70bc-4c72-98cd-20bdf37c48ab	180.195.78.106	Mozilla/5.0 (Windows NT 10.0; Win64; x64) AppleWebKit/537.36 (KHTML, like Gecko) Chrome/144.0.0.0 Safari/537.36	2026-01-25 05:39:20.415498	2026-01-25 05:39:20.415498	2026-02-01 05:39:20.414
103ab5ab-8b7d-4259-ae1c-3669d938b0b4	a57fd791-bef2-4881-baa9-bfbd1c8b799c	98374642-11cc-442e-8eca-44944f346dc7	180.195.78.106	Mozilla/5.0 (Windows NT 10.0; Win64; x64) AppleWebKit/537.36 (KHTML, like Gecko) Chrome/144.0.0.0 Safari/537.36	2026-01-25 03:05:24.600351	2026-01-25 03:36:09.908084	2026-02-01 03:05:24.599
7d1bec96-fc98-46e5-b71b-9e55e4c0051d	1b76c49c-b8d7-4c10-84aa-6b2bfd1c3fbc	15c444f9-58ff-434a-a207-9a6e6eee62d3	180.195.78.106	Mozilla/5.0 (Windows NT 10.0; Win64; x64) AppleWebKit/537.36 (KHTML, like Gecko) Chrome/143.0.0.0 Safari/537.36	2026-01-24 17:40:05.743438	2026-01-24 17:40:05.743438	2026-01-31 17:40:05.743
0a3643dd-bbae-4ea1-8aa8-69eb85cab413	1b76c49c-b8d7-4c10-84aa-6b2bfd1c3fbc	54b40901-e1ac-45c6-981b-0667dff66c5a	180.195.78.106	Mozilla/5.0 (Windows NT 10.0; Win64; x64) AppleWebKit/537.36 (KHTML, like Gecko) Chrome/143.0.0.0 Safari/537.36	2026-01-24 20:11:11.772884	2026-01-24 20:11:11.772884	2026-01-31 20:11:11.772
c258b189-e5b5-49c0-8881-08369145153d	1b76c49c-b8d7-4c10-84aa-6b2bfd1c3fbc	e4233e78-8111-4062-bb47-871072056be3	180.195.78.106	Mozilla/5.0 (Windows NT 10.0; Win64; x64) AppleWebKit/537.36 (KHTML, like Gecko) Chrome/143.0.0.0 Safari/537.36	2026-01-24 17:51:01.982058	2026-01-24 17:51:01.982058	2026-01-31 17:51:01.979
978412c2-9528-4aa9-8a2c-d29537c4bc77	1b76c49c-b8d7-4c10-84aa-6b2bfd1c3fbc	b0dbdac4-e0aa-4c82-af47-b8d6056a82a8	180.195.78.106	Mozilla/5.0 (Windows NT 10.0; Win64; x64) AppleWebKit/537.36 (KHTML, like Gecko) Chrome/143.0.0.0 Safari/537.36	2026-01-24 17:56:00.496751	2026-01-24 17:56:00.496751	2026-01-31 17:56:00.496
36cbc757-e188-45cb-a1f4-e984714a424d	a57fd791-bef2-4881-baa9-bfbd1c8b799c	0f1e8ad6-fdcb-43e2-89f3-67bb4535ae98	180.195.78.106	Mozilla/5.0 (Windows NT 10.0; Win64; x64) AppleWebKit/537.36 (KHTML, like Gecko) Chrome/143.0.0.0 Safari/537.36	2026-01-24 17:39:07.74905	2026-01-24 17:57:19.118206	2026-01-31 17:39:07.748
4fa2c045-1b48-4510-8911-9a69e6848dd3	1b76c49c-b8d7-4c10-84aa-6b2bfd1c3fbc	8533c0b9-3f50-4e44-a88f-7b53a70a09b9	180.195.78.106	Mozilla/5.0 (Windows NT 10.0; Win64; x64) AppleWebKit/537.36 (KHTML, like Gecko) Chrome/143.0.0.0 Safari/537.36	2026-01-24 18:16:15.745387	2026-01-24 18:16:15.745387	2026-01-31 18:16:15.744
7b36617a-425a-42b2-9d26-8b2b8a6cbd74	36b86e7e-7668-49dc-8dd6-6610ce092a73	39ce9a6a-5c4b-4547-954f-8ac1047e619f	180.195.71.172	Mozilla/5.0 (Windows NT 10.0; Win64; x64) AppleWebKit/537.36 (KHTML, like Gecko) Chrome/144.0.0.0 Safari/537.36	2026-01-25 05:41:34.809605	2026-01-25 05:41:34.809605	2026-02-01 05:41:34.809
1e31d836-c988-4366-8fb8-59025f2c10ee	1b76c49c-b8d7-4c10-84aa-6b2bfd1c3fbc	d9c5c9d2-d996-45d7-bc3c-7f626eb5e873	180.195.78.106	Mozilla/5.0 (Windows NT 10.0; Win64; x64) AppleWebKit/537.36 (KHTML, like Gecko) Chrome/143.0.0.0 Safari/537.36	2026-01-24 18:26:56.755731	2026-01-24 18:36:00.019377	2026-01-31 18:26:56.755
18249521-753e-45d3-88ad-dd6492b46d4a	1b76c49c-b8d7-4c10-84aa-6b2bfd1c3fbc	842262ee-84c7-43bb-ba72-1b0bb8cdb73f	180.195.78.106	Mozilla/5.0 (Windows NT 10.0; Win64; x64) AppleWebKit/537.36 (KHTML, like Gecko) Chrome/143.0.0.0 Safari/537.36	2026-01-24 20:21:35.850214	2026-01-24 20:21:35.850214	2026-01-31 20:21:35.849
a96edeaf-d5b0-4275-be40-0b69551a63d3	1b76c49c-b8d7-4c10-84aa-6b2bfd1c3fbc	31090883-5ce0-41cf-8fb7-69cd1e5ea22d	180.195.78.106	Mozilla/5.0 (Windows NT 10.0; Win64; x64) AppleWebKit/537.36 (KHTML, like Gecko) Chrome/144.0.0.0 Safari/537.36	2026-01-25 03:45:11.09077	2026-01-25 03:45:11.09077	2026-02-01 03:45:11.089
eb0bf315-774e-4b2d-95b9-c8d19e94704d	654bb34d-fec4-458c-94bc-2223d885a6d7	e2b6dd9d-bb21-40d8-9c69-41babb618e5e	180.195.78.106	Mozilla/5.0 (Windows NT 10.0; Win64; x64) AppleWebKit/537.36 (KHTML, like Gecko) Chrome/144.0.0.0 Safari/537.36	2026-01-25 03:46:05.793345	2026-01-25 03:46:05.793345	2026-02-01 03:46:05.792
f32038a4-745e-44b8-a116-44fc0397d424	1b76c49c-b8d7-4c10-84aa-6b2bfd1c3fbc	3f4d3dbd-a3d5-4fd2-a250-4300c951507e	180.195.78.106	Mozilla/5.0 (Windows NT 10.0; Win64; x64) AppleWebKit/537.36 (KHTML, like Gecko) Chrome/143.0.0.0 Safari/537.36	2026-01-24 18:56:02.506784	2026-01-24 19:14:04.102857	2026-01-31 18:56:02.506
37c1b5de-db09-4a9b-a231-1b78499b3e6b	a57fd791-bef2-4881-baa9-bfbd1c8b799c	0d8839bf-87aa-4fe1-9f6f-4a0c20e8f8f5	180.195.78.106	Mozilla/5.0 (Windows NT 10.0; Win64; x64) AppleWebKit/537.36 (KHTML, like Gecko) Chrome/143.0.0.0 Safari/537.36	2026-01-24 19:20:22.222856	2026-01-24 20:51:29.589464	2026-01-31 19:20:22.222
b88fbb24-0224-4b33-b897-219b8cad4e54	1b76c49c-b8d7-4c10-84aa-6b2bfd1c3fbc	77d66822-5654-414b-86de-647c493724a9	180.195.78.106	Mozilla/5.0 (Windows NT 10.0; Win64; x64) AppleWebKit/537.36 (KHTML, like Gecko) Chrome/144.0.0.0 Safari/537.36	2026-01-25 02:57:44.917817	2026-01-25 02:57:44.917817	2026-02-01 02:57:44.917
d00edc44-0a18-4f8f-a728-06fab49ab4d5	1b76c49c-b8d7-4c10-84aa-6b2bfd1c3fbc	2f8c7204-801b-4c4f-a47f-e14bd3beeb2f	180.195.78.106	Mozilla/5.0 (Windows NT 10.0; Win64; x64) AppleWebKit/537.36 (KHTML, like Gecko) Chrome/144.0.0.0 Safari/537.36	2026-01-25 02:57:53.167356	2026-01-25 02:57:53.167356	2026-02-01 02:57:53.166
f5510b66-59bb-4c48-9967-d0477112cfeb	654bb34d-fec4-458c-94bc-2223d885a6d7	a66b0837-f602-4538-a6c7-37b94117ef94	180.195.78.106	Mozilla/5.0 (Windows NT 10.0; Win64; x64) AppleWebKit/537.36 (KHTML, like Gecko) Chrome/144.0.0.0 Safari/537.36	2026-01-25 03:04:30.793992	2026-01-25 03:04:30.793992	2026-02-01 03:04:30.793
da23214a-3d4a-4c5e-a2d8-94d2481efe61	a57fd791-bef2-4881-baa9-bfbd1c8b799c	0a796026-e040-4db1-84c8-7946b12becb4	180.195.71.172	Mozilla/5.0 (Windows NT 10.0; Win64; x64) AppleWebKit/537.36 (KHTML, like Gecko) Chrome/144.0.0.0 Safari/537.36	2026-01-25 05:42:16.607578	2026-01-25 05:42:16.607578	2026-02-01 05:42:16.607
23eb684e-1b09-490a-9079-6582885bc21f	654bb34d-fec4-458c-94bc-2223d885a6d7	b48eec92-6757-420e-ac17-598ba8009d5f	180.195.78.106	Mozilla/5.0 (Windows NT 10.0; Win64; x64) AppleWebKit/537.36 (KHTML, like Gecko) Chrome/144.0.0.0 Safari/537.36	2026-01-25 03:18:44.301372	2026-01-25 03:18:44.301372	2026-02-01 03:18:44.3
8998b7fb-b235-4ee8-bd4d-736f9c091cb7	1b76c49c-b8d7-4c10-84aa-6b2bfd1c3fbc	ab1cec6a-27ee-48c6-aaf8-e6b744c2e388	180.195.78.106	Mozilla/5.0 (Windows NT 10.0; Win64; x64) AppleWebKit/537.36 (KHTML, like Gecko) Chrome/144.0.0.0 Safari/537.36	2026-01-25 04:48:14.559543	2026-01-25 04:48:14.559543	2026-02-01 04:48:14.559
b04694f8-44c2-4c51-a041-0fa03d05eb5c	1b76c49c-b8d7-4c10-84aa-6b2bfd1c3fbc	e0559a59-72bf-46ce-83d7-ef4ae1c32d05	180.195.78.106	Mozilla/5.0 (Windows NT 10.0; Win64; x64) AppleWebKit/537.36 (KHTML, like Gecko) Chrome/144.0.0.0 Safari/537.36	2026-01-25 03:55:33.591057	2026-01-25 03:55:33.591057	2026-02-01 03:55:33.59
1a4a7658-5416-4b90-85d8-f51b79d7d242	a57fd791-bef2-4881-baa9-bfbd1c8b799c	ff055a58-418a-4229-aa2a-f8f4209e85b8	180.195.78.106	Mozilla/5.0 (Windows NT 10.0; Win64; x64) AppleWebKit/537.36 (KHTML, like Gecko) Chrome/144.0.0.0 Safari/537.36	2026-01-25 07:30:05.18168	2026-01-25 07:30:05.18168	2026-02-01 07:30:05.181
a3724227-e0eb-4d92-a4a9-505b0c784740	36b86e7e-7668-49dc-8dd6-6610ce092a73	0edb5ba2-668d-4198-8a4c-732df39587ec	180.195.71.172	Mozilla/5.0 (Windows NT 10.0; Win64; x64) AppleWebKit/537.36 (KHTML, like Gecko) Chrome/144.0.0.0 Safari/537.36	2026-01-25 08:04:31.614842	2026-01-25 08:04:31.614842	2026-02-01 08:04:31.614
d5672d61-3a58-4c67-a3ca-2b9c5dd7f7fa	36b86e7e-7668-49dc-8dd6-6610ce092a73	c9eec055-d5bc-4f68-8168-fe1f64a42034	180.195.71.172	Mozilla/5.0 (Windows NT 10.0; Win64; x64) AppleWebKit/537.36 (KHTML, like Gecko) Chrome/144.0.0.0 Safari/537.36	2026-01-25 03:39:40.180712	2026-01-25 04:08:42.350888	2026-02-01 03:39:40.18
f885799a-78ef-459e-9a7c-19979483c545	a57fd791-bef2-4881-baa9-bfbd1c8b799c	c1fc504e-fda9-408e-92ae-1a8bb232e613	180.195.78.106	Mozilla/5.0 (Windows NT 10.0; Win64; x64) AppleWebKit/537.36 (KHTML, like Gecko) Chrome/144.0.0.0 Safari/537.36	2026-01-25 07:36:02.9069	2026-01-25 07:36:02.9069	2026-02-01 07:36:02.906
a68bf0cd-965e-46b4-8cfd-f025c307741b	1b76c49c-b8d7-4c10-84aa-6b2bfd1c3fbc	0740af03-3739-4980-850d-e475a5559ba7	180.195.78.106	Mozilla/5.0 (Windows NT 10.0; Win64; x64) AppleWebKit/537.36 (KHTML, like Gecko) Chrome/144.0.0.0 Safari/537.36	2026-01-25 08:05:17.274672	2026-01-25 08:05:17.274672	2026-02-01 08:05:17.274
04159743-79fa-4cde-b51c-797de3b2f88a	a57fd791-bef2-4881-baa9-bfbd1c8b799c	1d6098ef-785c-4f9c-b42e-d9803f33abfb	14.1.64.2	Mozilla/5.0 (Windows NT 10.0; Win64; x64) AppleWebKit/537.36 (KHTML, like Gecko) Chrome/144.0.0.0 Safari/537.36	2026-01-25 08:13:22.678486	2026-01-25 10:31:51.998684	2026-02-01 08:13:22.677
c4e7bdea-e536-47fd-b6d9-1cec0fd2f3ce	5a672d9b-dabc-4778-b380-7587dadab040	fbb72ed6-43d8-4463-9f9a-5112e06d1ebe	14.1.64.2	Mozilla/5.0 (Windows NT 10.0; Win64; x64) AppleWebKit/537.36 (KHTML, like Gecko) Chrome/144.0.0.0 Safari/537.36	2026-01-25 08:24:17.575339	2026-01-25 08:24:17.575339	2026-02-01 08:24:17.574
a635e11f-7455-4c0c-9408-91884e5db542	5a672d9b-dabc-4778-b380-7587dadab040	8c9f6307-bebc-42fc-9990-c8e5ee424eb4	14.1.64.2	Mozilla/5.0 (Windows NT 10.0; Win64; x64) AppleWebKit/537.36 (KHTML, like Gecko) Chrome/144.0.0.0 Safari/537.36	2026-01-25 08:12:16.403523	2026-01-25 08:12:16.403523	2026-02-01 08:12:16.403
f7d31d4f-f7e1-439d-9fb4-4f586f53eec6	a57fd791-bef2-4881-baa9-bfbd1c8b799c	3b8f12b5-3a70-407a-8c95-91a1a7830227	180.195.78.106	Mozilla/5.0 (Windows NT 10.0; Win64; x64) AppleWebKit/537.36 (KHTML, like Gecko) Chrome/144.0.0.0 Safari/537.36	2026-01-25 04:20:13.413218	2026-01-25 08:28:29.153779	2026-02-01 04:20:13.412
ddaf6e23-5e6c-4a65-ba46-ef04a3c61d5b	5a672d9b-dabc-4778-b380-7587dadab040	41ac122c-2b46-4be9-89a2-aa5d52eaa0ae	180.195.71.139	Mozilla/5.0 (Windows NT 10.0; Win64; x64) AppleWebKit/537.36 (KHTML, like Gecko) Chrome/144.0.0.0 Safari/537.36	2026-01-29 05:32:34.396844	2026-01-29 05:32:34.396844	2026-02-05 05:32:34.396
6eacbd3b-7196-4c15-9096-f608676d1593	36b86e7e-7668-49dc-8dd6-6610ce092a73	1c3c138c-ad43-4bab-a507-d11e04cbc475	180.195.71.172	Mozilla/5.0 (Windows NT 10.0; Win64; x64) AppleWebKit/537.36 (KHTML, like Gecko) Chrome/144.0.0.0 Safari/537.36	2026-01-25 08:39:57.891951	2026-01-25 08:39:57.891951	2026-02-01 08:39:57.891
96b8caa1-5e6e-425f-b106-78ff172d3c9c	654bb34d-fec4-458c-94bc-2223d885a6d7	259f6935-5107-43e2-9388-3672d82dbbcc	180.195.71.172	Mozilla/5.0 (Windows NT 10.0; Win64; x64) AppleWebKit/537.36 (KHTML, like Gecko) Chrome/144.0.0.0 Safari/537.36	2026-01-25 08:40:22.801435	2026-01-25 08:40:22.801435	2026-02-01 08:40:22.8
5113ed26-4ead-46f7-b763-7150bc293052	36b86e7e-7668-49dc-8dd6-6610ce092a73	e6000ebf-5b38-4ec8-9ecd-ed05788a838f	180.195.71.172	Mozilla/5.0 (Windows NT 10.0; Win64; x64) AppleWebKit/537.36 (KHTML, like Gecko) Chrome/144.0.0.0 Safari/537.36	2026-01-25 08:42:46.795759	2026-01-25 08:42:46.795759	2026-02-01 08:42:46.795
f0bf1401-3922-48fd-8c46-4bbf3777f917	1b76c49c-b8d7-4c10-84aa-6b2bfd1c3fbc	e84a8404-b285-40a5-9235-5dd62436fdd6	14.1.64.2	Mozilla/5.0 (Windows NT 10.0; Win64; x64) AppleWebKit/537.36 (KHTML, like Gecko) Chrome/144.0.0.0 Safari/537.36	2026-01-25 08:44:26.731555	2026-01-25 08:44:26.731555	2026-02-01 08:44:26.731
30ef3e92-db10-48fe-b3f3-1e40f2077f65	1b76c49c-b8d7-4c10-84aa-6b2bfd1c3fbc	86fc933c-2040-45d8-823e-558cd82e85d3	180.195.78.106	Mozilla/5.0 (Windows NT 10.0; Win64; x64) AppleWebKit/537.36 (KHTML, like Gecko) Chrome/144.0.0.0 Safari/537.36	2026-01-25 08:46:54.222551	2026-01-25 08:46:54.222551	2026-02-01 08:46:54.222
d618e1b1-cd9c-4ffc-8af8-afdba6f4d3b0	a57fd791-bef2-4881-baa9-bfbd1c8b799c	ed71afda-b17e-49e1-881f-e24e950e2fcb	180.195.71.172	Mozilla/5.0 (Windows NT 10.0; Win64; x64) AppleWebKit/537.36 (KHTML, like Gecko) Chrome/144.0.0.0 Safari/537.36	2026-01-25 08:36:08.329492	2026-01-25 13:31:14.194014	2026-02-01 08:36:08.328
49aae6d6-81f3-4264-a9e1-23815ab29f82	1b76c49c-b8d7-4c10-84aa-6b2bfd1c3fbc	c404135d-0ba9-4dfb-81ee-ffdb2525c35c	180.195.78.106	Mozilla/5.0 (Windows NT 10.0; Win64; x64) AppleWebKit/537.36 (KHTML, like Gecko) Chrome/144.0.0.0 Safari/537.36	2026-01-25 09:00:32.087464	2026-01-25 09:00:32.087464	2026-02-01 09:00:32.085
c300b0f6-e912-413c-9e36-ead9bca38c4f	36b86e7e-7668-49dc-8dd6-6610ce092a73	9a5eea10-7d25-4b3f-b002-d059633ae9ce	180.195.78.106	Mozilla/5.0 (Windows NT 10.0; Win64; x64) AppleWebKit/537.36 (KHTML, like Gecko) Chrome/144.0.0.0 Safari/537.36	2026-01-25 14:30:39.301836	2026-01-25 14:30:39.301836	2026-02-01 14:30:39.301
4092d3de-4653-4336-afbc-2adf32d4a009	1b76c49c-b8d7-4c10-84aa-6b2bfd1c3fbc	92972c9f-ef47-44c8-8aea-61025883a696	14.1.64.2	Mozilla/5.0 (Windows NT 10.0; Win64; x64) AppleWebKit/537.36 (KHTML, like Gecko) Chrome/144.0.0.0 Safari/537.36 Edg/144.0.0.0	2026-01-25 09:06:33.497829	2026-01-25 09:06:33.497829	2026-02-01 09:06:33.497
d1be8fd8-44af-4b9b-8244-9026e85ea976	a57fd791-bef2-4881-baa9-bfbd1c8b799c	a54ed227-8e39-417b-ae9b-cbf39e640856	180.195.78.106	Mozilla/5.0 (Windows NT 10.0; Win64; x64) AppleWebKit/537.36 (KHTML, like Gecko) Chrome/144.0.0.0 Safari/537.36	2026-01-25 10:31:15.28258	2026-01-25 10:31:15.28258	2026-02-01 10:31:15.282
71effe99-3b89-4243-bde0-04fb177e32a9	1b76c49c-b8d7-4c10-84aa-6b2bfd1c3fbc	5bea047b-9ac4-49f8-a309-d3146ae344a7	14.1.64.2	Mozilla/5.0 (Windows NT 10.0; Win64; x64) AppleWebKit/537.36 (KHTML, like Gecko) Chrome/144.0.0.0 Safari/537.36 Edg/144.0.0.0	2026-01-25 09:17:47.59696	2026-01-25 09:17:47.59696	2026-02-01 09:17:47.596
d0564dca-f6b6-411a-bdc0-8532822336b3	1b76c49c-b8d7-4c10-84aa-6b2bfd1c3fbc	6fb480bf-9e6e-4080-98c8-040f27aec2db	180.195.78.106	Mozilla/5.0 (Windows NT 10.0; Win64; x64) AppleWebKit/537.36 (KHTML, like Gecko) Chrome/144.0.0.0 Safari/537.36	2026-01-25 12:12:32.368046	2026-01-25 12:12:32.368046	2026-02-01 12:12:32.367
b040b8d9-f30f-428b-a6c9-3c56fac9e426	5a672d9b-dabc-4778-b380-7587dadab040	02d0886f-f122-4e8c-bde0-037eb89090d0	14.1.64.2	Mozilla/5.0 (Windows NT 10.0; Win64; x64) AppleWebKit/537.36 (KHTML, like Gecko) Chrome/144.0.0.0 Safari/537.36 Edg/144.0.0.0	2026-01-25 09:19:34.491903	2026-01-25 09:19:34.491903	2026-02-01 09:19:34.491
ac59ff9d-7851-4ef2-a6f1-126d3a5d6e7c	a57fd791-bef2-4881-baa9-bfbd1c8b799c	1a1a86df-8ef6-4c8c-935b-3d987bb5f9b4	180.195.78.106	Mozilla/5.0 (Windows NT 10.0; Win64; x64) AppleWebKit/537.36 (KHTML, like Gecko) Chrome/144.0.0.0 Safari/537.36	2026-01-25 10:42:29.461703	2026-01-25 10:42:29.461703	2026-02-01 10:42:29.461
d9ea5b86-f4bb-4c81-bf3e-bc9fb59e839a	36b86e7e-7668-49dc-8dd6-6610ce092a73	3648923f-a96d-4520-8754-ce617b363dbe	14.1.64.2	Mozilla/5.0 (Windows NT 10.0; Win64; x64) AppleWebKit/537.36 (KHTML, like Gecko) Chrome/144.0.0.0 Safari/537.36 Edg/144.0.0.0	2026-01-25 09:30:15.746015	2026-01-25 09:30:15.746015	2026-02-01 09:30:15.745
e94852d6-b700-45e6-947e-e47a7529ca92	1b76c49c-b8d7-4c10-84aa-6b2bfd1c3fbc	bcbafe1b-3498-4856-9037-b7cb4c8e4c85	180.195.78.106	Mozilla/5.0 (Windows NT 10.0; Win64; x64) AppleWebKit/537.36 (KHTML, like Gecko) Chrome/144.0.0.0 Safari/537.36	2026-01-25 09:14:36.420992	2026-01-25 09:33:09.384704	2026-02-01 09:14:36.42
efce5571-a18a-43af-a698-d70b73c21b21	1b76c49c-b8d7-4c10-84aa-6b2bfd1c3fbc	bcfd360d-4ea5-4a4e-89e2-ecc44487058a	180.195.78.106	Mozilla/5.0 (Windows NT 10.0; Win64; x64) AppleWebKit/537.36 (KHTML, like Gecko) Chrome/144.0.0.0 Safari/537.36	2026-01-25 14:31:04.119754	2026-01-25 21:45:15.498595	2026-02-01 14:31:04.118
01cf8ca1-156c-433a-9bfc-80f230aa3039	36b86e7e-7668-49dc-8dd6-6610ce092a73	a6aeba46-b550-4707-81fd-afb3389e2126	14.1.64.2	Mozilla/5.0 (Windows NT 10.0; Win64; x64) AppleWebKit/537.36 (KHTML, like Gecko) Chrome/144.0.0.0 Safari/537.36 Edg/144.0.0.0	2026-01-25 09:42:13.914007	2026-01-25 09:42:13.914007	2026-02-01 09:42:13.913
babf356f-c656-415b-943d-8c85689b55d3	a57fd791-bef2-4881-baa9-bfbd1c8b799c	5012cb79-da57-43f2-a7a4-3ec53ab3c0ae	180.195.78.106	Mozilla/5.0 (Windows NT 10.0; Win64; x64) AppleWebKit/537.36 (KHTML, like Gecko) Chrome/144.0.0.0 Safari/537.36	2026-01-25 09:54:18.33566	2026-01-25 09:54:18.33566	2026-02-01 09:54:18.335
6cac37d8-47ad-42d2-9ee2-868dad2e015b	1b76c49c-b8d7-4c10-84aa-6b2bfd1c3fbc	49202628-5772-43e6-a55f-a11b74c8f9b2	180.195.78.106	Mozilla/5.0 (Windows NT 10.0; Win64; x64) AppleWebKit/537.36 (KHTML, like Gecko) Chrome/144.0.0.0 Safari/537.36	2026-01-25 11:00:14.737212	2026-01-25 11:00:14.737212	2026-02-01 11:00:14.736
764d820e-e00a-48c3-af72-548b33fe467a	1b76c49c-b8d7-4c10-84aa-6b2bfd1c3fbc	9e6a9d27-624f-4081-9a32-40b756c84c36	180.195.78.106	Mozilla/5.0 (Windows NT 10.0; Win64; x64) AppleWebKit/537.36 (KHTML, like Gecko) Chrome/144.0.0.0 Safari/537.36	2026-01-25 10:03:21.521924	2026-01-25 10:03:21.521924	2026-02-01 10:03:21.521
3aaf0357-dc88-4c25-a5ab-a6fde2d91be5	1b76c49c-b8d7-4c10-84aa-6b2bfd1c3fbc	1c8198bb-231c-4dc1-b76f-2c7cf315ec7d	180.195.78.106	Mozilla/5.0 (Windows NT 10.0; Win64; x64) AppleWebKit/537.36 (KHTML, like Gecko) Chrome/144.0.0.0 Safari/537.36	2026-01-25 12:34:20.189487	2026-01-25 12:34:20.189487	2026-02-01 12:34:20.189
6d051c90-a831-4903-904f-ee2cccd3845f	a57fd791-bef2-4881-baa9-bfbd1c8b799c	a99e6dfd-a7a7-44dc-adcc-8e39d80a330e	180.195.78.106	Mozilla/5.0 (Windows NT 10.0; Win64; x64) AppleWebKit/537.36 (KHTML, like Gecko) Chrome/144.0.0.0 Safari/537.36	2026-01-25 10:11:52.894786	2026-01-25 10:11:52.894786	2026-02-01 10:11:52.894
4b1ec464-f58a-44bb-a1d2-618558c3655e	654bb34d-fec4-458c-94bc-2223d885a6d7	e2705f24-a998-4124-8642-0f68981ace80	180.195.78.106	Mozilla/5.0 (Windows NT 10.0; Win64; x64) AppleWebKit/537.36 (KHTML, like Gecko) Chrome/144.0.0.0 Safari/537.36	2026-01-25 10:13:32.229442	2026-01-25 10:13:32.229442	2026-02-01 10:13:32.229
6432deaa-e15b-4c46-b398-0516f92c8a38	a57fd791-bef2-4881-baa9-bfbd1c8b799c	69ca0d8f-f919-43e6-9578-85e527d81589	180.195.78.106	Mozilla/5.0 (Windows NT 10.0; Win64; x64) AppleWebKit/537.36 (KHTML, like Gecko) Chrome/144.0.0.0 Safari/537.36	2026-01-25 10:14:02.166682	2026-01-25 10:14:02.166682	2026-02-01 10:14:02.166
77476f06-1c8e-433e-be0e-be5173f14013	36b86e7e-7668-49dc-8dd6-6610ce092a73	237c1446-46ab-43cf-a2dd-31ed3871763f	175.176.60.5	Mozilla/5.0 (Windows NT 10.0; Win64; x64) AppleWebKit/537.36 (KHTML, like Gecko) Chrome/144.0.0.0 Safari/537.36	2026-01-26 07:38:08.9506	2026-01-26 07:38:08.9506	2026-02-02 07:38:08.95
6ea732e7-b5e9-4771-b5b3-a9f21c03e45e	654bb34d-fec4-458c-94bc-2223d885a6d7	55c30f8a-faa7-439e-b2e4-0e7d1b8a068c	175.176.60.5	Mozilla/5.0 (Windows NT 10.0; Win64; x64) AppleWebKit/537.36 (KHTML, like Gecko) Chrome/144.0.0.0 Safari/537.36	2026-01-26 07:32:25.749269	2026-01-26 07:32:25.749269	2026-02-02 07:32:25.748
88dd82f0-1e8c-4802-9eb9-604a62dcb3a9	a57fd791-bef2-4881-baa9-bfbd1c8b799c	1dcb3426-6850-444f-9671-02bc772aaa2b	175.176.60.5	Mozilla/5.0 (Windows NT 10.0; Win64; x64) AppleWebKit/537.36 (KHTML, like Gecko) Chrome/144.0.0.0 Safari/537.36	2026-01-26 06:46:12.323111	2026-01-26 07:24:12.994156	2026-02-02 06:46:12.322
1f3308d2-c25c-4a60-b9f2-abaaefd5454a	1b76c49c-b8d7-4c10-84aa-6b2bfd1c3fbc	e0cbb508-b390-4ed4-bcd8-34e64bb1c2db	175.176.60.5	Mozilla/5.0 (Windows NT 10.0; Win64; x64) AppleWebKit/537.36 (KHTML, like Gecko) Chrome/144.0.0.0 Safari/537.36	2026-01-26 07:48:02.002781	2026-01-26 07:57:13.139143	2026-02-02 07:48:02.002
a5bbefe4-1e28-4d91-9b04-32887d636503	36b86e7e-7668-49dc-8dd6-6610ce092a73	2c474f2f-b82d-4968-8f04-96947bb5d315	175.176.60.5	Mozilla/5.0 (Windows NT 10.0; Win64; x64) AppleWebKit/537.36 (KHTML, like Gecko) Chrome/144.0.0.0 Safari/537.36	2026-01-26 07:44:58.619689	2026-01-26 07:44:58.619689	2026-02-02 07:44:58.619
4ef22f08-6116-44df-a17c-9320f7901aa0	36b86e7e-7668-49dc-8dd6-6610ce092a73	342557d8-3693-4434-8baa-df57905a5d68	131.226.106.82	Mozilla/5.0 (Windows NT 10.0; Win64; x64) AppleWebKit/537.36 (KHTML, like Gecko) Chrome/144.0.0.0 Safari/537.36	2026-01-26 06:47:34.726894	2026-01-26 08:08:53.218205	2026-02-02 06:47:34.726
7b8c6081-8098-4348-8183-91546e130e42	a57fd791-bef2-4881-baa9-bfbd1c8b799c	0b006b68-2a45-4b67-8586-43907e964f36	175.176.60.5	Mozilla/5.0 (Windows NT 10.0; Win64; x64) AppleWebKit/537.36 (KHTML, like Gecko) Chrome/144.0.0.0 Safari/537.36	2026-01-26 07:46:06.107598	2026-01-26 07:46:06.107598	2026-02-02 07:46:06.106
08519b7b-ebd2-445a-bfc0-86fff282bf50	a57fd791-bef2-4881-baa9-bfbd1c8b799c	af1f2756-2141-47d7-ac9e-3a078102bf0c	131.226.106.82	Mozilla/5.0 (Windows NT 10.0; Win64; x64) AppleWebKit/537.36 (KHTML, like Gecko) Chrome/144.0.0.0 Safari/537.36	2026-01-26 07:29:23.27566	2026-01-26 08:09:48.828016	2026-02-02 07:29:23.275
6d226a1b-e4ed-45ca-b114-b7f4fb89c24d	a57fd791-bef2-4881-baa9-bfbd1c8b799c	56283fe5-d982-4c4b-9e14-82e8ec25ca2c	175.176.60.5	Mozilla/5.0 (Windows NT 10.0; Win64; x64) AppleWebKit/537.36 (KHTML, like Gecko) Chrome/144.0.0.0 Safari/537.36	2026-01-26 07:40:53.328042	2026-01-26 07:58:53.738789	2026-02-02 07:40:53.327
22dba2a9-a6c5-45bb-ad79-4d3e3cc6cac4	a57fd791-bef2-4881-baa9-bfbd1c8b799c	c5fbfcd8-671e-4374-8966-18e8b71bca41	180.195.68.12	Mozilla/5.0 (Windows NT 10.0; Win64; x64) AppleWebKit/537.36 (KHTML, like Gecko) Chrome/144.0.0.0 Safari/537.36	2026-01-26 10:19:09.774489	2026-01-26 10:28:11.775844	2026-02-02 10:19:09.773
ef9c8d79-045a-485b-b029-b20e25063614	1b76c49c-b8d7-4c10-84aa-6b2bfd1c3fbc	86d2d705-1d3e-4998-b981-9ccda41cceda	180.195.68.12	Mozilla/5.0 (Windows NT 10.0; Win64; x64) AppleWebKit/537.36 (KHTML, like Gecko) Chrome/144.0.0.0 Safari/537.36	2026-01-26 12:04:10.608797	2026-01-26 12:04:10.608797	2026-02-02 12:04:10.608
04e8244c-1a5a-4d4e-8d3e-435ed3151799	a57fd791-bef2-4881-baa9-bfbd1c8b799c	c382112b-e5b5-4424-81ad-54f4931060cb	180.195.71.139	Mozilla/5.0 (Windows NT 10.0; Win64; x64) AppleWebKit/537.36 (KHTML, like Gecko) Chrome/144.0.0.0 Safari/537.36	2026-01-29 07:24:38.734304	2026-01-29 07:24:38.734304	2026-02-05 07:24:38.733
dd75f700-d3bf-4d34-ad96-ffe5d1750368	276b0346-be41-4f47-b3fe-256dbfec0a74	cb12b24e-f7cb-43ac-ad96-ce85da2a3dff	180.190.238.174	Mozilla/5.0 (Linux; Android 16; SM-A256E Build/BP2A.250605.031.A3; wv) AppleWebKit/537.36 (KHTML, like Gecko) Version/4.0 Chrome/143.0.7499.192 Mobile Safari/537.36 [FB_IAB/FB4A;FBAV/544.0.0.17.379;]	2026-01-27 00:55:32.74704	2026-01-27 00:55:32.74704	2026-02-03 00:55:32.746
991db677-2140-4375-af05-2ce395aa454c	1b76c49c-b8d7-4c10-84aa-6b2bfd1c3fbc	0b81fc14-f5d5-42ba-a5e4-5657a7ea2a80	180.195.68.12	Mozilla/5.0 (Windows NT 10.0; Win64; x64) AppleWebKit/537.36 (KHTML, like Gecko) Chrome/144.0.0.0 Safari/537.36	2026-01-26 12:04:27.785501	2026-01-26 12:50:18.450091	2026-02-02 12:04:27.785
3aa76ef8-8ab2-4673-a0c2-09ddf5293d91	36b86e7e-7668-49dc-8dd6-6610ce092a73	851f015e-470a-4a79-aefa-71e6099dd75b	180.195.68.12	Mozilla/5.0 (Windows NT 10.0; Win64; x64) AppleWebKit/537.36 (KHTML, like Gecko) Chrome/144.0.0.0 Safari/537.36	2026-01-26 15:03:24.36565	2026-01-26 16:02:29.345923	2026-02-02 15:03:24.365
37ddbdfc-39ed-4dc4-8b9c-8d5a2e124b71	5a672d9b-dabc-4778-b380-7587dadab040	e8390313-e331-4a0b-9752-102de382c4f8	180.195.71.139	Mozilla/5.0 (Windows NT 10.0; Win64; x64) AppleWebKit/537.36 (KHTML, like Gecko) Chrome/144.0.0.0 Safari/537.36	2026-01-28 10:35:58.833789	2026-01-28 10:35:58.833789	2026-02-04 10:35:58.833
fa970521-42e4-42fd-b682-cf61ecbd41ad	4651da8f-85ea-4942-86b8-58fde85d1d09	a55e18c2-c81e-40d0-b27c-6d72093778cb	180.190.238.174	Mozilla/5.0 (Linux; Android 15; RMX3760 Build/AP3A.240905.015.A2; wv) AppleWebKit/537.36 (KHTML, like Gecko) Version/4.0 Chrome/144.0.7559.59 Mobile Safari/537.36 [FB_IAB/FB4A;FBAV/545.0.0.27.62;]	2026-01-27 01:04:14.154995	2026-01-27 01:04:14.154995	2026-02-03 01:04:14.154
a5721788-1611-41ac-964e-707dc88a0eb8	842bac3c-0b3e-4475-9ffc-8eeae7627819	3ff695f8-0572-4e0d-a238-854ff445697f	180.195.68.24	Mozilla/5.0 (Windows NT 10.0; Win64; x64) AppleWebKit/537.36 (KHTML, like Gecko) Chrome/144.0.0.0 Safari/537.36	2026-01-27 01:06:39.553897	2026-01-27 01:06:39.553897	2026-02-03 01:06:39.553
851996f6-c863-4196-92a3-34e2b9987fcd	a57fd791-bef2-4881-baa9-bfbd1c8b799c	87a598fa-f946-4d9b-be44-58e16867290b	180.195.79.27	Mozilla/5.0 (Windows NT 10.0; Win64; x64) AppleWebKit/537.36 (KHTML, like Gecko) Chrome/144.0.0.0 Safari/537.36	2026-01-26 14:30:31.658829	2026-01-26 14:30:31.658829	2026-02-02 14:30:31.658
dd1caa80-2afb-44ed-8e54-a941fd577a91	a57fd791-bef2-4881-baa9-bfbd1c8b799c	70c1429b-b06f-4a60-8585-bf9a6471b228	180.195.79.27	Mozilla/5.0 (Windows NT 10.0; Win64; x64) AppleWebKit/537.36 (KHTML, like Gecko) Chrome/144.0.0.0 Safari/537.36	2026-01-26 14:41:10.621525	2026-01-26 14:41:10.621525	2026-02-02 14:41:10.621
04ce1adb-5001-480e-b05d-7340cdc2d79c	654bb34d-fec4-458c-94bc-2223d885a6d7	0f86b64e-a884-43cb-9373-37783d9085df	180.195.79.27	Mozilla/5.0 (Windows NT 10.0; Win64; x64) AppleWebKit/537.36 (KHTML, like Gecko) Chrome/144.0.0.0 Safari/537.36	2026-01-26 14:41:50.872955	2026-01-26 14:41:50.872955	2026-02-02 14:41:50.872
42e3e333-6ff7-42ea-8909-7d8d8427c98b	a57fd791-bef2-4881-baa9-bfbd1c8b799c	c1218bde-b046-4162-94c7-4d2f36ad913f	180.195.79.27	Mozilla/5.0 (Windows NT 10.0; Win64; x64) AppleWebKit/537.36 (KHTML, like Gecko) Chrome/144.0.0.0 Safari/537.36	2026-01-26 14:45:09.072926	2026-01-26 14:45:09.072926	2026-02-02 14:45:09.072
df80be0c-7a9f-4d7b-ac72-2149aafe0f33	a57fd791-bef2-4881-baa9-bfbd1c8b799c	b908521c-ee34-4986-8cba-f231e3bd8e70	180.195.68.12	Mozilla/5.0 (Windows NT 10.0; Win64; x64) AppleWebKit/537.36 (KHTML, like Gecko) Chrome/144.0.0.0 Safari/537.36	2026-01-26 14:02:48.291993	2026-01-26 14:47:54.089883	2026-02-02 14:02:48.291
a5207952-d2d6-4bb9-86b4-f8a297ef46aa	a57fd791-bef2-4881-baa9-bfbd1c8b799c	a0cd0c7b-9221-4af7-8d9e-44ea3b6bcda8	180.195.79.27	Mozilla/5.0 (Windows NT 10.0; Win64; x64) AppleWebKit/537.36 (KHTML, like Gecko) Chrome/144.0.0.0 Safari/537.36	2026-01-26 14:55:44.551031	2026-01-26 14:55:44.551031	2026-02-02 14:55:44.55
dc55fb46-693a-4f3f-9a94-94403b693a91	36b86e7e-7668-49dc-8dd6-6610ce092a73	b1266f3e-71d0-4872-ab69-380cb5d6235b	180.195.68.12	Mozilla/5.0 (Windows NT 10.0; Win64; x64) AppleWebKit/537.36 (KHTML, like Gecko) Chrome/144.0.0.0 Safari/537.36	2026-01-26 15:00:06.217169	2026-01-26 15:00:06.217169	2026-02-02 15:00:06.216
947eb465-3418-44c2-bf35-230289d4588e	36b86e7e-7668-49dc-8dd6-6610ce092a73	54aaa3bf-42b3-4169-a790-03f55b306183	180.195.71.223	Mozilla/5.0 (Windows NT 10.0; Win64; x64) AppleWebKit/537.36 (KHTML, like Gecko) Chrome/144.0.0.0 Safari/537.36	2026-01-27 04:08:49.220666	2026-01-27 04:08:49.220666	2026-02-03 04:08:49.22
8a562e34-7853-4c17-9de3-2baccfccfc60	09752f67-da7e-4a6c-97c9-174760bc0d9c	b78007c6-29d5-46ce-b823-740f319502ce	180.195.71.223	Mozilla/5.0 (Windows NT 10.0; Win64; x64) AppleWebKit/537.36 (KHTML, like Gecko) Chrome/144.0.0.0 Safari/537.36	2026-01-27 04:10:26.534175	2026-01-27 04:10:26.534175	2026-02-03 04:10:26.533
75f3b4a9-2416-4e0a-baca-d80f5355a5d4	a57fd791-bef2-4881-baa9-bfbd1c8b799c	ad39d6a4-d410-434e-a3bc-4c26c8801f79	180.195.79.27	Mozilla/5.0 (Windows NT 10.0; Win64; x64) AppleWebKit/537.36 (KHTML, like Gecko) Chrome/144.0.0.0 Safari/537.36	2026-01-26 16:55:47.925029	2026-01-26 16:55:47.925029	2026-02-02 16:55:47.924
ea09da62-6bac-4eda-95bb-583dfb9fcc8c	5a672d9b-dabc-4778-b380-7587dadab040	bed76115-f74d-4e7a-8eeb-97b19927cd8a	180.195.71.223	Mozilla/5.0 (Windows NT 10.0; Win64; x64) AppleWebKit/537.36 (KHTML, like Gecko) Chrome/144.0.0.0 Safari/537.36	2026-01-27 02:47:54.854582	2026-01-27 02:47:54.854582	2026-02-03 02:47:54.854
a6adfc56-6d73-46f3-a901-4fcd5cc865d2	5a672d9b-dabc-4778-b380-7587dadab040	02802f0f-2bbf-466a-b4c2-11b1b0ff3467	180.195.68.24	Mozilla/5.0 (Windows NT 10.0; Win64; x64) AppleWebKit/537.36 (KHTML, like Gecko) Chrome/144.0.0.0 Safari/537.36	2026-01-27 02:35:08.05569	2026-01-27 02:51:18.837493	2026-02-03 02:35:08.055
f864276a-e06d-46b5-958b-112f6a95216e	a57fd791-bef2-4881-baa9-bfbd1c8b799c	d4030e71-16ca-4721-b8b5-f738e66079d2	180.195.71.223	Mozilla/5.0 (Windows NT 10.0; Win64; x64) AppleWebKit/537.36 (KHTML, like Gecko) Chrome/144.0.0.0 Safari/537.36	2026-01-27 01:49:53.55567	2026-01-27 02:23:59.756221	2026-02-03 01:49:53.555
f37b99d1-39ec-4bf5-978a-ea1135d5a8ee	654bb34d-fec4-458c-94bc-2223d885a6d7	09450f33-7b59-4c2b-aecc-64c25928bfda	180.195.71.223	Mozilla/5.0 (Windows NT 10.0; Win64; x64) AppleWebKit/537.36 (KHTML, like Gecko) Chrome/144.0.0.0 Safari/537.36	2026-01-27 01:55:32.927098	2026-01-27 01:55:32.927098	2026-02-03 01:55:32.926
eb4e897b-d17e-4456-9d37-554cf78ddebd	a57fd791-bef2-4881-baa9-bfbd1c8b799c	6957701d-92fe-4af7-b4c9-7f78bbe6345e	180.195.71.223	Mozilla/5.0 (Windows NT 10.0; Win64; x64) AppleWebKit/537.36 (KHTML, like Gecko) Chrome/144.0.0.0 Safari/537.36	2026-01-27 04:05:53.516838	2026-01-27 06:02:57.513473	2026-02-03 04:05:53.516
596fb842-3612-4da9-829c-04aff3d7d502	5a672d9b-dabc-4778-b380-7587dadab040	d8ec882f-8542-4341-b6a0-60072e040041	180.195.68.24	Mozilla/5.0 (Windows NT 10.0; Win64; x64) AppleWebKit/537.36 (KHTML, like Gecko) Chrome/144.0.0.0 Safari/537.36	2026-01-27 02:58:01.611316	2026-01-27 03:09:18.840809	2026-02-03 02:58:01.61
fef6c47b-232e-403d-bf61-06647a9f2fbd	1b76c49c-b8d7-4c10-84aa-6b2bfd1c3fbc	1cbb4ae8-de14-4fef-95d6-c1ee51c27671	180.195.79.27	Mozilla/5.0 (Windows NT 10.0; Win64; x64) AppleWebKit/537.36 (KHTML, like Gecko) Chrome/144.0.0.0 Safari/537.36	2026-01-26 15:04:23.098004	2026-01-26 18:15:59.020689	2026-02-02 15:04:23.097
f9d38094-019f-4bb3-a6c4-2840c93f6dcc	36b86e7e-7668-49dc-8dd6-6610ce092a73	fd1a801c-e7d8-4a5c-8402-c43b19d62586	180.195.71.223	Mozilla/5.0 (Windows NT 10.0; Win64; x64) AppleWebKit/537.36 (KHTML, like Gecko) Chrome/144.0.0.0 Safari/537.36	2026-01-26 23:20:35.676336	2026-01-26 23:20:35.676336	2026-02-02 23:20:35.676
2c49dcb0-45f6-40b3-8ec1-2afa7ddb1936	36b86e7e-7668-49dc-8dd6-6610ce092a73	77d6a955-18a2-4edb-857a-48ecb93828db	180.195.71.223	Mozilla/5.0 (Windows NT 10.0; Win64; x64) AppleWebKit/537.36 (KHTML, like Gecko) Chrome/144.0.0.0 Safari/537.36	2026-01-26 23:53:34.947725	2026-01-26 23:53:34.947725	2026-02-02 23:53:34.947
3ccf8d2f-4f8d-4444-93fd-7004f8443aa5	4651da8f-85ea-4942-86b8-58fde85d1d09	1f5348ee-36be-44dd-897b-e55c1f4b42e0	180.190.238.174	Mozilla/5.0 (Linux; Android 10; K) AppleWebKit/537.36 (KHTML, like Gecko) Chrome/144.0.0.0 Mobile Safari/537.36	2026-01-27 00:44:05.537238	2026-01-27 00:44:05.537238	2026-02-03 00:44:05.536
a3c3c0ed-7905-4ddd-b0c7-36f14cc0e401	5a672d9b-dabc-4778-b380-7587dadab040	d107f115-c654-4ce2-9103-5df94376f8d5	180.195.68.24	Mozilla/5.0 (Windows NT 10.0; Win64; x64) AppleWebKit/537.36 (KHTML, like Gecko) Chrome/144.0.0.0 Safari/537.36	2026-01-27 01:59:04.42801	2026-01-27 02:33:15.882386	2026-02-03 01:59:04.427
6427b7f2-5f05-4896-bb9b-50208668c572	5a672d9b-dabc-4778-b380-7587dadab040	e6fed8d9-754b-4d1b-99e0-b02fbf86161e	180.195.71.223	Mozilla/5.0 (Windows NT 10.0; Win64; x64) AppleWebKit/537.36 (KHTML, like Gecko) Chrome/144.0.0.0 Safari/537.36	2026-01-27 04:01:35.526382	2026-01-27 04:01:35.526382	2026-02-03 04:01:35.526
d27b6761-76b8-48fd-842a-204a82446384	5a672d9b-dabc-4778-b380-7587dadab040	c67a5d3f-f36f-4426-b8b7-4a613794d36d	180.195.68.24	Mozilla/5.0 (Windows NT 10.0; Win64; x64) AppleWebKit/537.36 (KHTML, like Gecko) Chrome/144.0.0.0 Safari/537.36	2026-01-27 03:15:37.28747	2026-01-27 03:27:18.564576	2026-02-03 03:15:37.287
3d538da0-ab48-41d6-823c-0233be619506	5a672d9b-dabc-4778-b380-7587dadab040	b67d9d21-2f8c-4071-8b92-0aa33b81f17f	180.195.68.24	Mozilla/5.0 (Windows NT 10.0; Win64; x64) AppleWebKit/537.36 (KHTML, like Gecko) Chrome/144.0.0.0 Safari/537.36	2026-01-27 03:27:33.552143	2026-01-27 04:21:31.734711	2026-02-03 03:27:33.551
a4e9fd7c-d1c0-481c-b770-e0d5f3549b5f	09752f67-da7e-4a6c-97c9-174760bc0d9c	52b050c7-36df-4b55-88d6-c7de42ee0cc0	180.195.71.223	Mozilla/5.0 (Windows NT 10.0; Win64; x64) AppleWebKit/537.36 (KHTML, like Gecko) Chrome/144.0.0.0 Safari/537.36	2026-01-27 04:22:50.009427	2026-01-27 04:22:50.009427	2026-02-03 04:22:50.008
1be8df26-709c-4c5c-b40b-a18747d93fde	654bb34d-fec4-458c-94bc-2223d885a6d7	ee12deb6-2ce0-4e8a-8470-6997a77ceb22	180.195.71.223	Mozilla/5.0 (Windows NT 10.0; Win64; x64) AppleWebKit/537.36 (KHTML, like Gecko) Chrome/144.0.0.0 Safari/537.36	2026-01-27 04:26:36.398716	2026-01-27 04:26:36.398716	2026-02-03 04:26:36.398
d6983ca7-5925-40de-9155-c398e47c8879	a57fd791-bef2-4881-baa9-bfbd1c8b799c	8a22379a-f3b4-4b74-a3f8-006c37951ff1	180.195.71.223	Mozilla/5.0 (Windows NT 10.0; Win64; x64) AppleWebKit/537.36 (KHTML, like Gecko) Chrome/144.0.0.0 Safari/537.36	2026-01-27 04:27:27.673976	2026-01-27 04:27:27.673976	2026-02-03 04:27:27.673
ee62adaf-2ae4-4214-b8e9-155bf2f1cc86	a57fd791-bef2-4881-baa9-bfbd1c8b799c	51775336-9447-4450-b56e-138289724cb4	180.195.71.223	Mozilla/5.0 (Windows NT 10.0; Win64; x64) AppleWebKit/537.36 (KHTML, like Gecko) Chrome/144.0.0.0 Safari/537.36	2026-01-27 04:37:57.465362	2026-01-27 04:37:57.465362	2026-02-03 04:37:57.464
c91747eb-cad0-4643-bae4-e83fe03a15fa	654bb34d-fec4-458c-94bc-2223d885a6d7	510752e4-2309-47d3-9317-5196f097e95f	180.195.71.139	Mozilla/5.0 (Windows NT 10.0; Win64; x64) AppleWebKit/537.36 (KHTML, like Gecko) Chrome/144.0.0.0 Safari/537.36	2026-01-29 07:29:30.4113	2026-01-29 07:29:30.4113	2026-02-05 07:29:30.41
1378a43e-1550-4e42-9d8e-dad90bb56994	5a672d9b-dabc-4778-b380-7587dadab040	c3f8a9b4-5760-438f-bbaf-658045cf824c	180.195.68.24	Mozilla/5.0 (Windows NT 10.0; Win64; x64) AppleWebKit/537.36 (KHTML, like Gecko) Chrome/144.0.0.0 Safari/537.36	2026-01-27 04:29:51.941482	2026-01-27 04:57:34.508618	2026-02-03 04:29:51.94
07014ede-4f00-435f-a5e9-9dc37aff1683	21d178c0-37c5-466e-b2eb-560e32981cbd	56e9fb63-be9a-42c2-832f-b6c1c73dc019	180.195.68.24	Mozilla/5.0 (Windows NT 10.0; Win64; x64) AppleWebKit/537.36 (KHTML, like Gecko) Chrome/144.0.0.0 Safari/537.36	2026-01-27 05:05:56.312793	2026-01-27 06:09:34.656678	2026-02-03 05:05:56.312
7328f345-bfc7-417a-8d87-8ed33d2bbe4f	a57fd791-bef2-4881-baa9-bfbd1c8b799c	6fb479cb-752e-46a9-8970-5a2f89bddc1a	180.195.71.139	Mozilla/5.0 (Windows NT 10.0; Win64; x64) AppleWebKit/537.36 (KHTML, like Gecko) Chrome/144.0.0.0 Safari/537.36	2026-01-28 09:05:56.161354	2026-01-28 09:41:09.017098	2026-02-04 09:05:56.161
3b38ca61-dca7-4a5b-9fc1-75add38c1995	a57fd791-bef2-4881-baa9-bfbd1c8b799c	f06bc6d9-77d7-4629-be4d-566efa0cd050	180.195.71.139	Mozilla/5.0 (Windows NT 10.0; Win64; x64) AppleWebKit/537.36 (KHTML, like Gecko) Chrome/144.0.0.0 Safari/537.36	2026-01-28 09:52:01.743789	2026-01-28 10:05:29.730681	2026-02-04 09:52:01.743
4f4f4a01-7f9e-4880-a8b8-567dca8b3b3b	a57fd791-bef2-4881-baa9-bfbd1c8b799c	a27c6494-de67-4fa3-a82c-ad9a969c6010	180.195.71.139	Mozilla/5.0 (Windows NT 10.0; Win64; x64) AppleWebKit/537.36 (KHTML, like Gecko) Chrome/144.0.0.0 Safari/537.36	2026-01-28 10:23:47.177883	2026-01-28 10:23:47.177883	2026-02-04 10:23:47.177
6180d45d-7ff4-4dab-b115-3ce9c6645e3d	a57fd791-bef2-4881-baa9-bfbd1c8b799c	798ddb7b-e36f-44c0-8d68-2f2445545c0e	180.195.71.139	Mozilla/5.0 (Windows NT 10.0; Win64; x64) AppleWebKit/537.36 (KHTML, like Gecko) Chrome/144.0.0.0 Safari/537.36	2026-01-28 10:36:20.491594	2026-01-28 10:36:20.491594	2026-02-04 10:36:20.491
d9008359-bbbe-4bb0-aa40-b520cb295001	a57fd791-bef2-4881-baa9-bfbd1c8b799c	515624bd-f7be-4ea0-8ac5-c9fe1aa19457	180.195.71.139	Mozilla/5.0 (Windows NT 10.0; Win64; x64) AppleWebKit/537.36 (KHTML, like Gecko) Chrome/144.0.0.0 Safari/537.36	2026-01-28 10:47:55.088162	2026-01-28 10:47:55.088162	2026-02-04 10:47:55.087
28858b42-2dc6-45ea-8854-239eb3c9fe90	a57fd791-bef2-4881-baa9-bfbd1c8b799c	71ebd7cd-09dd-49be-b5b1-1bd12951122c	180.195.71.139	Mozilla/5.0 (Windows NT 10.0; Win64; x64) AppleWebKit/537.36 (KHTML, like Gecko) Chrome/144.0.0.0 Safari/537.36	2026-01-28 11:04:39.615697	2026-01-28 11:04:39.615697	2026-02-04 11:04:39.615
21324bf5-837e-4681-8535-24f6cab015e1	a57fd791-bef2-4881-baa9-bfbd1c8b799c	d4569483-75b3-4b97-92cd-153a90558a13	180.195.71.139	Mozilla/5.0 (Windows NT 10.0; Win64; x64) AppleWebKit/537.36 (KHTML, like Gecko) Chrome/144.0.0.0 Safari/537.36	2026-01-29 05:52:48.328974	2026-01-29 06:01:48.734611	2026-02-05 05:52:48.328
79c2f329-4f8d-457c-a510-f3b13fe40f42	36b86e7e-7668-49dc-8dd6-6610ce092a73	dfc9b2dc-828d-48d2-82ec-f47c8a9c5018	180.195.70.27	Mozilla/5.0 (Windows NT 10.0; Win64; x64) AppleWebKit/537.36 (KHTML, like Gecko) Chrome/144.0.0.0 Safari/537.36	2026-01-29 03:04:16.944875	2026-01-29 03:04:16.944875	2026-02-05 03:04:16.944
1fa87d4e-ba9b-4dbb-b77c-f4978cfdac1a	5a672d9b-dabc-4778-b380-7587dadab040	9a54fb08-491f-4f12-b90e-8caaca08cb69	180.195.70.27	Mozilla/5.0 (Windows NT 10.0; Win64; x64) AppleWebKit/537.36 (KHTML, like Gecko) Chrome/144.0.0.0 Safari/537.36	2026-01-29 03:07:57.139089	2026-01-29 03:07:57.139089	2026-02-05 03:07:57.138
f2194e66-5adc-499f-a223-0a6d0eff7342	a57fd791-bef2-4881-baa9-bfbd1c8b799c	9bb15e12-f5fc-4f3e-85db-204e991c75b0	180.195.66.2	Mozilla/5.0 (Windows NT 10.0; Win64; x64) AppleWebKit/537.36 (KHTML, like Gecko) Chrome/144.0.0.0 Safari/537.36	2026-01-30 13:44:30.44306	2026-01-30 13:44:30.44306	2026-02-06 13:44:30.442
85e0c82c-c4e2-4b33-9722-bd3734f3c82b	e71fccc9-57c4-42c5-9a59-324078118fda	c4fee5bc-ece3-439a-9e48-0bf6df691c3e	136.158.79.107	Mozilla/5.0 (Windows NT 10.0; Win64; x64) AppleWebKit/537.36 (KHTML, like Gecko) Chrome/144.0.0.0 Safari/537.36	2026-01-30 15:56:43.45952	2026-01-30 15:56:43.45952	2026-02-06 15:56:43.459
5061cd89-ffda-4e39-8c49-13fe639ca019	a57fd791-bef2-4881-baa9-bfbd1c8b799c	33c82b77-fc14-41fc-bf66-e18d0c6282bc	136.158.79.107	Mozilla/5.0 (Windows NT 10.0; Win64; x64) AppleWebKit/537.36 (KHTML, like Gecko) Chrome/144.0.0.0 Safari/537.36	2026-01-30 16:08:49.755806	2026-01-30 16:26:47.37279	2026-02-06 16:08:49.755
449785e8-f224-4194-a850-71b45c08113e	a57fd791-bef2-4881-baa9-bfbd1c8b799c	64682672-c20a-400e-aa30-2d76e855d6c1	136.158.79.107	Mozilla/5.0 (Windows NT 10.0; Win64; x64) AppleWebKit/537.36 (KHTML, like Gecko) Chrome/144.0.0.0 Safari/537.36	2026-01-31 07:19:03.094503	2026-01-31 07:19:03.094503	2026-02-07 07:19:03.094
cf320573-cd96-4d7b-95b8-fa6a9fbb77d3	a57fd791-bef2-4881-baa9-bfbd1c8b799c	285a2699-35e4-4ff5-b023-f980d8c33f77	136.158.79.107	Mozilla/5.0 (Windows NT 10.0; Win64; x64) AppleWebKit/537.36 (KHTML, like Gecko) Chrome/144.0.0.0 Safari/537.36	2026-01-31 07:30:29.768733	2026-01-31 07:30:29.768733	2026-02-07 07:30:29.768
57e50176-d9da-4e99-95be-a65ce5e938d3	a57fd791-bef2-4881-baa9-bfbd1c8b799c	c0d90326-f7a0-4baf-84c8-7d8b48e2fbd0	136.158.79.107	Mozilla/5.0 (Windows NT 10.0; Win64; x64) AppleWebKit/537.36 (KHTML, like Gecko) Chrome/144.0.0.0 Safari/537.36	2026-01-31 07:59:25.699804	2026-01-31 08:16:04.275376	2026-02-07 07:59:25.699
524081fd-93c3-47b4-a192-6396a6aa2d3b	a57fd791-bef2-4881-baa9-bfbd1c8b799c	f8d10539-2860-4284-b5cb-ca172606a016	136.158.79.107	Mozilla/5.0 (Windows NT 10.0; Win64; x64) AppleWebKit/537.36 (KHTML, like Gecko) Chrome/144.0.0.0 Safari/537.36	2026-01-31 10:54:29.701151	2026-01-31 10:54:29.701151	2026-02-07 10:54:29.7
9d629c5f-2aa5-4d9b-8895-2a9fb1fa3252	a57fd791-bef2-4881-baa9-bfbd1c8b799c	c365a62f-4051-45cc-8d40-3e712b03d1bb	136.158.79.107	Mozilla/5.0 (Windows NT 10.0; Win64; x64) AppleWebKit/537.36 (KHTML, like Gecko) Chrome/144.0.0.0 Safari/537.36	2026-01-31 11:08:44.11658	2026-01-31 11:08:44.11658	2026-02-07 11:08:44.116
03127a3d-0149-4315-a069-f4c43a884f9d	a57fd791-bef2-4881-baa9-bfbd1c8b799c	0503b9d8-4cc4-4c86-a125-f0b866315346	136.158.79.107	Mozilla/5.0 (Windows NT 10.0; Win64; x64) AppleWebKit/537.36 (KHTML, like Gecko) Chrome/144.0.0.0 Safari/537.36	2026-01-31 11:22:34.151364	2026-01-31 11:22:34.151364	2026-02-07 11:22:34.15
98edf05b-38b7-4788-aa7c-8a494a74f0f6	a57fd791-bef2-4881-baa9-bfbd1c8b799c	c49ec0d5-3ed7-4e2d-972c-fa099fb1b67e	136.158.79.107	Mozilla/5.0 (Windows NT 10.0; Win64; x64) AppleWebKit/537.36 (KHTML, like Gecko) Chrome/144.0.0.0 Safari/537.36	2026-01-31 13:23:12.695896	2026-01-31 13:23:12.695896	2026-02-07 13:23:12.695
5e525efc-2083-4d47-8e2b-a8747275e368	a57fd791-bef2-4881-baa9-bfbd1c8b799c	65736abf-f134-43bc-9c95-6f754f8169a7	136.158.79.107	Mozilla/5.0 (Windows NT 10.0; Win64; x64) AppleWebKit/537.36 (KHTML, like Gecko) Chrome/144.0.0.0 Safari/537.36	2026-01-31 13:40:09.367425	2026-01-31 13:40:09.367425	2026-02-07 13:40:09.367
823296c7-4fc6-460f-8200-ed5d02562536	a57fd791-bef2-4881-baa9-bfbd1c8b799c	7296b164-05e9-4fb3-941e-ee68640f1860	136.158.79.107	Mozilla/5.0 (Windows NT 10.0; Win64; x64) AppleWebKit/537.36 (KHTML, like Gecko) Chrome/144.0.0.0 Safari/537.36	2026-01-31 14:13:26.619095	2026-01-31 14:13:26.619095	2026-02-07 14:13:26.618
50836533-4914-4f37-ba26-a02445c8cfea	a57fd791-bef2-4881-baa9-bfbd1c8b799c	3f01c63e-00e5-4ec1-85ff-f49ab9fe3fbb	136.158.79.107	Mozilla/5.0 (Windows NT 10.0; Win64; x64) AppleWebKit/537.36 (KHTML, like Gecko) Chrome/144.0.0.0 Safari/537.36	2026-01-31 14:24:47.742926	2026-01-31 14:24:47.742926	2026-02-07 14:24:47.742
ddb7a465-775b-4599-8073-a50a9950e7dd	a57fd791-bef2-4881-baa9-bfbd1c8b799c	bffdabf7-1853-47b9-9646-7b1469aa788c	136.158.79.107	Mozilla/5.0 (Windows NT 10.0; Win64; x64) AppleWebKit/537.36 (KHTML, like Gecko) Chrome/144.0.0.0 Safari/537.36	2026-01-31 14:37:21.972531	2026-01-31 14:37:21.972531	2026-02-07 14:37:21.972
13a61a05-09ee-4de0-b544-84b650b8d786	a57fd791-bef2-4881-baa9-bfbd1c8b799c	22ac3076-a11c-4df4-a295-0f382235d37c	136.158.79.107	Mozilla/5.0 (Windows NT 10.0; Win64; x64) AppleWebKit/537.36 (KHTML, like Gecko) Chrome/144.0.0.0 Safari/537.36	2026-01-31 14:50:24.104804	2026-01-31 14:50:24.104804	2026-02-07 14:50:24.104
9369cd7c-d232-4049-8f9f-4c28f377518a	a57fd791-bef2-4881-baa9-bfbd1c8b799c	2fc68e38-bb19-45e1-af96-2981c7199ed6	136.158.79.107	Mozilla/5.0 (Windows NT 10.0; Win64; x64) AppleWebKit/537.36 (KHTML, like Gecko) Chrome/144.0.0.0 Safari/537.36	2026-01-31 15:04:10.031137	2026-01-31 15:04:10.031137	2026-02-07 15:04:10.03
8d8a5c5f-7e25-4272-858f-95dc5839084f	a57fd791-bef2-4881-baa9-bfbd1c8b799c	016527bd-d917-4643-ba0e-70bcd9dc7c8d	136.158.79.107	Mozilla/5.0 (Windows NT 10.0; Win64; x64) AppleWebKit/537.36 (KHTML, like Gecko) Chrome/144.0.0.0 Safari/537.36	2026-01-31 15:14:32.11992	2026-01-31 15:14:32.11992	2026-02-07 15:14:32.119
916c29cb-d784-41b3-b486-fe16a41fd665	a57fd791-bef2-4881-baa9-bfbd1c8b799c	c7aa9542-6cff-41ef-98df-90471ae4ef61	136.158.79.107	Mozilla/5.0 (Windows NT 10.0; Win64; x64) AppleWebKit/537.36 (KHTML, like Gecko) Chrome/144.0.0.0 Safari/537.36	2026-01-31 15:28:21.824274	2026-01-31 15:28:21.824274	2026-02-07 15:28:21.824
4796967d-2522-4cbc-8f16-3af7664a82ad	a57fd791-bef2-4881-baa9-bfbd1c8b799c	e9cb8df8-2ffa-41c6-81e2-78386028b628	136.158.79.107	Mozilla/5.0 (Windows NT 10.0; Win64; x64) AppleWebKit/537.36 (KHTML, like Gecko) Chrome/144.0.0.0 Safari/537.36	2026-01-31 15:38:49.338863	2026-01-31 15:38:49.338863	2026-02-07 15:38:49.338
ec16f84f-3b40-4a95-ac32-41ccf4c09e42	a57fd791-bef2-4881-baa9-bfbd1c8b799c	cb7489fb-254c-4e04-aabe-243768fa8791	136.158.79.107	Mozilla/5.0 (Windows NT 10.0; Win64; x64) AppleWebKit/537.36 (KHTML, like Gecko) Chrome/144.0.0.0 Safari/537.36	2026-01-31 15:51:23.741125	2026-01-31 15:51:23.741125	2026-02-07 15:51:23.74
672ab40a-b091-4fb2-8be1-b8b5b82adf3e	a57fd791-bef2-4881-baa9-bfbd1c8b799c	1b26e2b4-d213-4d03-a3da-02520c1fdd7f	136.158.79.107	Mozilla/5.0 (Windows NT 10.0; Win64; x64) AppleWebKit/537.36 (KHTML, like Gecko) Chrome/144.0.0.0 Safari/537.36	2026-01-31 16:15:56.315249	2026-01-31 16:15:56.315249	2026-02-07 16:15:56.314
90764dce-4324-4cce-9a82-0a456b4a7e34	a57fd791-bef2-4881-baa9-bfbd1c8b799c	a9b03c02-2849-4d02-ae32-b81dfad2ebfb	136.158.79.107	Mozilla/5.0 (Windows NT 10.0; Win64; x64) AppleWebKit/537.36 (KHTML, like Gecko) Chrome/144.0.0.0 Safari/537.36	2026-02-01 02:19:31.4288	2026-02-01 02:19:31.4288	2026-02-08 02:19:31.428
905bb031-67a7-4655-9832-258884f68bd0	e71fccc9-57c4-42c5-9a59-324078118fda	2f63e8b7-8653-476c-b3dd-a05cdef7f4dc	136.158.79.107	Mozilla/5.0 (Windows NT 10.0; Win64; x64) AppleWebKit/537.36 (KHTML, like Gecko) Chrome/144.0.0.0 Safari/537.36	2026-02-01 02:21:08.939949	2026-02-01 02:21:08.939949	2026-02-08 02:21:08.939
0e89505a-4a8b-4ec6-97da-89cd96cccdd2	e71fccc9-57c4-42c5-9a59-324078118fda	53151b7d-8d48-4f35-8529-87e49011b78a	136.158.79.107	Mozilla/5.0 (Windows NT 10.0; Win64; x64) AppleWebKit/537.36 (KHTML, like Gecko) Chrome/144.0.0.0 Safari/537.36	2026-02-01 03:06:20.180083	2026-02-01 03:06:20.180083	2026-02-08 03:06:20.179
d6b81423-63cb-4a59-b671-518618d06128	36b86e7e-7668-49dc-8dd6-6610ce092a73	ab0f7ce3-d1c7-420b-ae54-b2827716a81c	136.158.79.107	Mozilla/5.0 (Windows NT 10.0; Win64; x64) AppleWebKit/537.36 (KHTML, like Gecko) Chrome/144.0.0.0 Safari/537.36	2026-02-01 03:09:04.351377	2026-02-01 03:09:04.351377	2026-02-08 03:09:04.351
2de14d95-4637-4d37-9cf8-15488de06f46	36b86e7e-7668-49dc-8dd6-6610ce092a73	0c2fc899-7551-42b8-bf72-300b9a99cba1	136.158.79.107	Mozilla/5.0 (Windows NT 10.0; Win64; x64) AppleWebKit/537.36 (KHTML, like Gecko) Chrome/144.0.0.0 Safari/537.36	2026-02-01 03:27:02.35829	2026-02-01 03:27:02.35829	2026-02-08 03:27:02.357
d10ed7af-7718-4397-8407-b1be325bd38e	36b86e7e-7668-49dc-8dd6-6610ce092a73	56e6abf0-75cd-4316-abb0-3258279797b7	136.158.79.107	Mozilla/5.0 (Windows NT 10.0; Win64; x64) AppleWebKit/537.36 (KHTML, like Gecko) Chrome/144.0.0.0 Safari/537.36	2026-02-01 03:45:57.361532	2026-02-01 03:45:57.361532	2026-02-08 03:45:57.361
19e17f3b-d914-4942-ba82-9e3d59ab8890	36b86e7e-7668-49dc-8dd6-6610ce092a73	ba881cea-5b31-42ea-8270-f52d443ca7a1	136.158.79.107	Mozilla/5.0 (Windows NT 10.0; Win64; x64) AppleWebKit/537.36 (KHTML, like Gecko) Chrome/144.0.0.0 Safari/537.36	2026-02-01 04:49:10.77046	2026-02-01 04:49:10.77046	2026-02-08 04:49:10.77
893ff2e1-69ec-42cb-bcea-ef9f4b8d9725	36b86e7e-7668-49dc-8dd6-6610ce092a73	a9f253a3-d98b-48e4-a10b-0d87e51e36b7	136.158.79.107	Mozilla/5.0 (Windows NT 10.0; Win64; x64) AppleWebKit/537.36 (KHTML, like Gecko) Chrome/144.0.0.0 Safari/537.36	2026-02-01 05:00:54.123531	2026-02-01 05:00:54.123531	2026-02-08 05:00:54.123
60b32bf8-0c09-4569-883a-fcce481bb67e	36b86e7e-7668-49dc-8dd6-6610ce092a73	3a3382b3-c4b5-49d5-9afe-53ebf1c78f70	136.158.79.107	Mozilla/5.0 (Windows NT 10.0; Win64; x64) AppleWebKit/537.36 (KHTML, like Gecko) Chrome/144.0.0.0 Safari/537.36	2026-02-01 05:21:07.249569	2026-02-01 05:21:07.249569	2026-02-08 05:21:07.249
fb85a86b-813c-4d23-a89e-139b6504ce82	36b86e7e-7668-49dc-8dd6-6610ce092a73	87f6f528-ffb6-410b-ae9f-eda629e6518c	136.158.79.107	Mozilla/5.0 (Windows NT 10.0; Win64; x64) AppleWebKit/537.36 (KHTML, like Gecko) Chrome/144.0.0.0 Safari/537.36	2026-02-01 05:34:02.827957	2026-02-01 05:34:02.827957	2026-02-08 05:34:02.827
a3efa4f3-91c7-463b-8596-75751c90485e	654bb34d-fec4-458c-94bc-2223d885a6d7	87b58dc2-9cdc-45d5-9e6a-271fe8b4811d	136.158.79.107	Mozilla/5.0 (Windows NT 10.0; Win64; x64) AppleWebKit/537.36 (KHTML, like Gecko) Chrome/144.0.0.0 Safari/537.36	2026-02-01 06:20:17.316643	2026-02-01 06:20:17.316643	2026-02-08 06:20:17.316
020b2a2f-5c2a-48b0-afc9-3ff8e5c29fde	654bb34d-fec4-458c-94bc-2223d885a6d7	e4ce1fdb-af9a-44cc-90c7-603693416475	136.158.79.107	Mozilla/5.0 (Windows NT 10.0; Win64; x64) AppleWebKit/537.36 (KHTML, like Gecko) Chrome/144.0.0.0 Safari/537.36	2026-02-01 07:16:18.768069	2026-02-01 07:43:21.125553	2026-02-08 07:16:18.767
3cbc0848-5adf-4cc2-a820-4ca83e94699f	a57fd791-bef2-4881-baa9-bfbd1c8b799c	b7a2f741-e25d-415e-8182-7ab2591e46c5	136.158.79.107	Mozilla/5.0 (Windows NT 10.0; Win64; x64) AppleWebKit/537.36 (KHTML, like Gecko) Chrome/144.0.0.0 Safari/537.36	2026-02-01 07:48:21.073758	2026-02-01 07:48:21.073758	2026-02-08 07:48:21.073
6c846dec-4193-4618-92da-b0835627b67f	e71fccc9-57c4-42c5-9a59-324078118fda	d9f94de8-39b9-468c-a1f6-d4d2a3e3f7e4	136.158.79.107	Mozilla/5.0 (Windows NT 10.0; Win64; x64) AppleWebKit/537.36 (KHTML, like Gecko) Chrome/144.0.0.0 Safari/537.36	2026-02-01 07:49:26.916312	2026-02-01 07:49:26.916312	2026-02-08 07:49:26.916
8a7e36e8-7608-4cb5-abde-67bb87432f4b	73477102-f36b-448a-89d4-9dc3e93466f8	983590eb-1607-4be2-8261-b479e037a474	136.158.79.107	Mozilla/5.0 (Windows NT 10.0; Win64; x64) AppleWebKit/537.36 (KHTML, like Gecko) Chrome/144.0.0.0 Safari/537.36	2026-02-01 07:53:34.900169	2026-02-01 08:11:35.588973	2026-02-08 07:53:34.899
\.


--
-- TOC entry 3854 (class 0 OID 16659)
-- Dependencies: 227
-- Data for Name: officer_activity_log; Type: TABLE DATA; Schema: public; Owner: lto_user
--

COPY public.officer_activity_log (id, officer_id, activity_type, entity_type, entity_id, action, duration_seconds, notes, ip_address, user_agent, session_id, metadata, created_at) FROM stdin;
a12855c6-eef7-4b27-b25b-7314c0fe1013	654bb34d-fec4-458c-94bc-2223d885a6d7	registration	vehicle	156199dd-f999-49cc-bc53-9d4a7a9267d1	HPG_AUTO_VERIFY	\N	HPG auto-verification completed. Confidence: 100%. Recommendation: AUTO_APPROVE	\N	\N	\N	{"transaction_id": null, "vehicle_history_id": "18366c5d-4323-4a17-82aa-3a4795b7379d"}	2026-02-01 06:20:42.465043
8c92cfd5-0267-4a64-be16-07843be80e06	654bb34d-fec4-458c-94bc-2223d885a6d7	registration	vehicle	156199dd-f999-49cc-bc53-9d4a7a9267d1	HPG_CLEARANCE_APPROVED	\N	HPG verification approved by hpg@hpg.gov.ph. 	\N	\N	\N	{"transaction_id": null, "vehicle_history_id": "98a719f3-7504-4b5b-b5d1-c838c39e5f8c"}	2026-02-01 06:20:57.367997
\.


--
-- TOC entry 3860 (class 0 OID 16717)
-- Dependencies: 234
-- Data for Name: registration_document_requirements; Type: TABLE DATA; Schema: public; Owner: lto_user
--

COPY public.registration_document_requirements (id, registration_type, vehicle_category, document_type, is_required, display_name, description, accepted_formats, max_file_size_mb, display_order, is_active, created_at, updated_at) FROM stdin;
\.


--
-- TOC entry 3861 (class 0 OID 16731)
-- Dependencies: 235
-- Data for Name: request_logs; Type: TABLE DATA; Schema: public; Owner: lto_user
--

COPY public.request_logs (id, user_id, method, path, status_code, response_time_ms, ip_address, user_agent, created_at) FROM stdin;
\.


--
-- TOC entry 3863 (class 0 OID 16746)
-- Dependencies: 237
-- Data for Name: system_settings; Type: TABLE DATA; Schema: public; Owner: lto_user
--

COPY public.system_settings (key, value, description, updated_at, updated_by) FROM stdin;
system_name	TrustChain LTO	System name	2026-01-24 06:02:26.033654	\N
version	1.0.0	System version	2026-01-24 06:02:26.033654	\N
maintenance_mode	false	Maintenance mode flag	2026-01-24 06:02:26.033654	\N
max_file_size	10485760	Maximum file upload size in bytes (10MB)	2026-01-24 06:02:26.033654	\N
allowed_file_types	pdf,jpg,jpeg,png	Allowed file types for upload	2026-01-24 06:02:26.033654	\N
storage_mode	local	Storage mode (local or ipfs)	2026-01-24 06:02:26.033654	\N
blockchain_mode	fabric	Blockchain mode (mock or fabric)	2026-01-24 06:13:28.449808	\N
\.


--
-- TOC entry 3864 (class 0 OID 16752)
-- Dependencies: 238
-- Data for Name: token_blacklist; Type: TABLE DATA; Schema: public; Owner: lto_user
--

COPY public.token_blacklist (token_jti, token_hash, expires_at, created_at, reason) FROM stdin;
\.


--
-- TOC entry 3855 (class 0 OID 16667)
-- Dependencies: 228
-- Data for Name: transfer_requests; Type: TABLE DATA; Schema: public; Owner: lto_user
--

COPY public.transfer_requests (id, vehicle_id, seller_id, buyer_id, buyer_info, status, submitted_at, reviewed_by, reviewed_at, rejection_reason, forwarded_to_hpg, hpg_clearance_request_id, metadata, created_at, updated_at, insurance_clearance_request_id, emission_clearance_request_id, insurance_approval_status, emission_approval_status, hpg_approval_status, insurance_approved_at, emission_approved_at, hpg_approved_at, insurance_approved_by, emission_approved_by, hpg_approved_by, expires_at, remarks) FROM stdin;
\.


--
-- TOC entry 3865 (class 0 OID 16759)
-- Dependencies: 239
-- Data for Name: transfer_documents; Type: TABLE DATA; Schema: public; Owner: lto_user
--

COPY public.transfer_documents (id, transfer_request_id, document_type, document_id, uploaded_by, uploaded_at, notes) FROM stdin;
\.


--
-- TOC entry 3866 (class 0 OID 16767)
-- Dependencies: 240
-- Data for Name: transfer_verifications; Type: TABLE DATA; Schema: public; Owner: lto_user
--

COPY public.transfer_verifications (id, transfer_request_id, document_id, verified_by, status, notes, checklist, flagged, verified_at) FROM stdin;
\.


--
-- TOC entry 3857 (class 0 OID 16699)
-- Dependencies: 230
-- Data for Name: vehicle_history; Type: TABLE DATA; Schema: public; Owner: lto_user
--

COPY public.vehicle_history (id, vehicle_id, action, description, performed_by, performed_at, transaction_id, metadata) FROM stdin;
325b0bc2-0c8c-482d-a09b-c834be3da46e	156199dd-f999-49cc-bc53-9d4a7a9267d1	REGISTERED	Vehicle registration submitted	36b86e7e-7668-49dc-8dd6-6610ce092a73	2026-02-01 05:57:42.737116	\N	{"ownerName": "Kim Andrei Besmar", "timestamp": "2026-02-01T05:57:42.735Z", "ownerEmail": "kimandrei012@gmail.com", "vehicleVin": "YES667ACBLSJPRUSN", "vehicleMake": "Toyota", "hasDocuments": true, "vehicleModel": "Fortuner", "documentCount": 5, "documentTypes": ["pnpHpgClearance", "insuranceCertificate", "salesInvoice", "certificateOfStockReport", "ownerValidId"], "vehiclePlateNumber": "AAU-9472"}
548d52a3-4d77-43e4-a9cb-1eb56922940a	156199dd-f999-49cc-bc53-9d4a7a9267d1	HPG_CLEARANCE_REQUESTED	HPG clearance automatically requested. Purpose: Initial Vehicle Registration - HPG Clearance	36b86e7e-7668-49dc-8dd6-6610ce092a73	2026-02-01 05:57:43.564444	\N	{"clearanceRequestId": "5199573c-efe9-477d-b33f-8002c7daa6c2"}
bd5436aa-15a3-428a-af62-d06fbdf8fae2	156199dd-f999-49cc-bc53-9d4a7a9267d1	HPG_AUTOMATION_PHASE1	HPG Phase 1 automation completed. Metadata used, Database: CLEAN	36b86e7e-7668-49dc-8dd6-6610ce092a73	2026-02-01 05:57:43.57636	\N	{"extractedData": {"vin": "YES667ACBLSJPRUSN", "source": "vehicle_metadata", "plateNumber": "AAU-9472", "engineNumber": "3UR-GE882458", "ocrExtracted": false, "chassisNumber": "YES667ACBLSJPRUSN"}, "clearanceRequestId": "5199573c-efe9-477d-b33f-8002c7daa6c2", "databaseCheckResult": {"status": "CLEAN", "details": "Vehicle not found in HPG hot list", "checkedAt": "2026-02-01T05:57:43.571Z", "matchedRecords": [], "recommendation": "PROCEED"}}
d12b58b9-11b5-471d-8be7-3463378bc34c	156199dd-f999-49cc-bc53-9d4a7a9267d1	INSURANCE_AUTO_VERIFIED_PENDING	Insurance auto-verified but flagged for manual review. Score: 100%, Reason: Certificate authenticity failed: No original certificate found with matching file hash in issued_certificates or certificates tables	36b86e7e-7668-49dc-8dd6-6610ce092a73	2026-02-01 05:57:43.817077	\N	{"documentId": "96b8bad4-a018-4e95-9ab9-648fb7572c46", "clearanceRequestId": "3dcd213e-ef69-429b-a985-31362a17630c", "autoVerificationResult": {"basis": {"hashUnique": true, "notExpired": true, "patternValid": true}, "score": 100, "reason": "Certificate authenticity failed: No original certificate found with matching file hash in issued_certificates or certificates tables", "status": "PENDING", "ocrData": {"insuranceExpiry": "01-Feb-2027", "insuranceCompany": "Details\\nCompany Name", "insurancePolicyNumber": "CTPL-2026-YU8JBL"}, "automated": true, "hashCheck": {"exists": false, "source": "database"}, "confidence": 1, "flagReasons": ["Certificate authenticity failed: No original certificate found with matching file hash in issued_certificates or certificates tables"], "patternCheck": {"valid": true, "reason": "Format matches expected pattern", "pattern": "CTPL-YYYY-XXXXXX (e.g., CTPL-2026-C9P5EX)", "confidence": 100, "normalized": "CTPL-2026-YU8JBL"}, "authenticityCheck": {"reason": "No original certificate found with matching file hash in issued_certificates or certificates tables", "source": "none", "authentic": false, "debugInfo": {"certificateType": "insurance", "searchedFileHash": "f8b4a7a0260b5e221193fccfdc5af791...", "totalCertificatesChecked": 0}, "authenticityScore": 0, "originalCertificateFound": false}, "verificationResult": "FAILED"}}
068d8a6f-94bb-4d9f-adb3-2b98ac267adc	156199dd-f999-49cc-bc53-9d4a7a9267d1	CLEARANCE_REQUESTS_AUTO_SENT	Clearance requests automatically sent to organizations. HPG: Yes, Insurance: Yes. Auto-verification: Insurance: PENDING (Auto)	36b86e7e-7668-49dc-8dd6-6610ce092a73	2026-02-01 05:57:43.823397	\N	{"hpgRequestId": "5199573c-efe9-477d-b33f-8002c7daa6c2", "insuranceRequestId": "3dcd213e-ef69-429b-a985-31362a17630c", "autoVerificationResults": {"insurance": {"basis": {"hashUnique": true, "notExpired": true, "patternValid": true}, "score": 100, "reason": "Certificate authenticity failed: No original certificate found with matching file hash in issued_certificates or certificates tables", "status": "PENDING", "ocrData": {"insuranceExpiry": "01-Feb-2027", "insuranceCompany": "Details\\nCompany Name", "insurancePolicyNumber": "CTPL-2026-YU8JBL"}, "automated": true, "hashCheck": {"exists": false, "source": "database"}, "confidence": 1, "flagReasons": ["Certificate authenticity failed: No original certificate found with matching file hash in issued_certificates or certificates tables"], "patternCheck": {"valid": true, "reason": "Format matches expected pattern", "pattern": "CTPL-YYYY-XXXXXX (e.g., CTPL-2026-C9P5EX)", "confidence": 100, "normalized": "CTPL-2026-YU8JBL"}, "authenticityCheck": {"reason": "No original certificate found with matching file hash in issued_certificates or certificates tables", "source": "none", "authentic": false, "debugInfo": {"certificateType": "insurance", "searchedFileHash": "f8b4a7a0260b5e221193fccfdc5af791...", "totalCertificatesChecked": 0}, "authenticityScore": 0, "originalCertificateFound": false}, "verificationResult": "FAILED"}}}
18366c5d-4323-4a17-82aa-3a4795b7379d	156199dd-f999-49cc-bc53-9d4a7a9267d1	HPG_AUTO_VERIFY	HPG auto-verification completed. Confidence: 100%. Recommendation: AUTO_APPROVE	654bb34d-fec4-458c-94bc-2223d885a6d7	2026-02-01 06:20:42.465043	\N	{"hashCheck": {"exists": false, "source": "database"}, "compositeHash": "91fcfc767b48bb3e33d82410882cca5d8600dc614c3d3aab2b367c9c6e0cbbd6", "recommendation": "AUTO_APPROVE", "scoreBreakdown": {"total": 100, "dataMatch": 5, "dataExtraction": 30, "hashUniqueness": 20, "documentCompleteness": 15, "certificateAuthenticity": 30}, "confidenceScore": 100, "authenticityCheck": {"reason": "Certificate file hash matches original certificate from certificate-generator (issuer verified)", "source": "issued_certificates", "authentic": true, "matchType": "file_hash", "blockchainTxId": null, "certificateData": {"vehiclePlate": "AAU-9472", "verificationDetails": {"engine_condition": "Good", "chassis_condition": "Good"}}, "originalFileHash": "7730aee67d4087266485fa41b539b2e3a7ba1b46ee8420dfaefd57ff677cd05e", "authenticityScore": 100, "originalVehicleVin": "CMX2XU6HE2JSHD2AS", "originalCertificateId": "f1d49774-bc3f-4b7a-bad5-b811ad75dd6e", "originalCompositeHash": "3f29f6e52f34602b9c55f0fda267fb2d6e0c60ef91bfb49ffc162c85de59ee3d", "originalCertificateFound": true, "originalCertificateNumber": "HPG-2026-O7AAXQ"}, "clearanceRequestId": "5199573c-efe9-477d-b33f-8002c7daa6c2"}
98a719f3-7504-4b5b-b5d1-c838c39e5f8c	156199dd-f999-49cc-bc53-9d4a7a9267d1	HPG_CLEARANCE_APPROVED	HPG verification approved by hpg@hpg.gov.ph. 	654bb34d-fec4-458c-94bc-2223d885a6d7	2026-02-01 06:20:57.367997	\N	{"engineNumber": "3UR-GE882458", "macroEtching": false, "chassisNumber": "YES667ACBLSJPRUSN", "blockchainTxId": null, "blockchainError": "Verification update failed: DiscoveryService: vehicle-registration error: failed constructing descriptor for chaincodes:<name:\\"vehicle-registration\\" > ", "clearanceRequestId": "5199573c-efe9-477d-b33f-8002c7daa6c2"}
68bce4d1-a353-489b-b28b-e67dfebb9c91	b447d2f5-dbf9-4785-983d-3d84cc4c40c0	REGISTERED	Vehicle registration submitted	36b86e7e-7668-49dc-8dd6-6610ce092a73	2026-02-01 07:52:39.912131	\N	{"ownerName": "Kim Andrei Besmar", "timestamp": "2026-02-01T07:52:39.910Z", "ownerEmail": "kimandrei012@gmail.com", "vehicleVin": "P8992KU8SH27T9UAR", "vehicleMake": "Honda", "hasDocuments": true, "vehicleModel": "Civic", "documentCount": 5, "documentTypes": ["pnpHpgClearance", "insuranceCertificate", "salesInvoice", "certificateOfStockReport", "ownerValidId"], "vehiclePlateNumber": "NSH-2993"}
b7f8ef77-5e92-4fc9-a1bf-3356f40a377c	b447d2f5-dbf9-4785-983d-3d84cc4c40c0	HPG_CLEARANCE_REQUESTED	HPG clearance automatically requested. Purpose: Initial Vehicle Registration - HPG Clearance	36b86e7e-7668-49dc-8dd6-6610ce092a73	2026-02-01 07:52:41.05108	\N	{"clearanceRequestId": "09acc3e5-a0c8-4f0b-89fb-a5e26601be68"}
750f3667-4613-49ef-aec9-47053f3c56d7	b447d2f5-dbf9-4785-983d-3d84cc4c40c0	HPG_AUTOMATION_PHASE1	HPG Phase 1 automation completed. Metadata used, Database: CLEAN	36b86e7e-7668-49dc-8dd6-6610ce092a73	2026-02-01 07:52:41.064476	\N	{"extractedData": {"vin": "P8992KU8SH27T9UAR", "source": "vehicle_metadata", "plateNumber": "NSH-2993", "engineNumber": "2NR-FE800572", "ocrExtracted": false, "chassisNumber": "P8992KU8SH27T9UAR"}, "clearanceRequestId": "09acc3e5-a0c8-4f0b-89fb-a5e26601be68", "databaseCheckResult": {"status": "CLEAN", "details": "Vehicle not found in HPG hot list", "checkedAt": "2026-02-01T07:52:41.056Z", "matchedRecords": [], "recommendation": "PROCEED"}}
d0b90da9-c14f-45a1-b0b0-794b782ca8c8	b447d2f5-dbf9-4785-983d-3d84cc4c40c0	INSURANCE_AUTO_VERIFIED_PENDING	Insurance auto-verified but flagged for manual review. Score: 100%, Reason: Certificate authenticity failed: No original certificate found with matching file hash in issued_certificates or certificates tables	36b86e7e-7668-49dc-8dd6-6610ce092a73	2026-02-01 07:52:41.3354	\N	{"documentId": "8f78c058-191d-4505-9bce-bcb0fc2641cc", "clearanceRequestId": "632ece44-f545-4661-a7b8-1511a6cb1ea9", "autoVerificationResult": {"basis": {"hashUnique": true, "notExpired": true, "patternValid": true}, "score": 100, "reason": "Certificate authenticity failed: No original certificate found with matching file hash in issued_certificates or certificates tables", "status": "PENDING", "ocrData": {"insuranceExpiry": "01-Feb-2027", "insuranceCompany": "Details\\nCompany Name", "insurancePolicyNumber": "CTPL-2026-MRMH2Q"}, "automated": true, "hashCheck": {"exists": false, "source": "database"}, "confidence": 1, "flagReasons": ["Certificate authenticity failed: No original certificate found with matching file hash in issued_certificates or certificates tables"], "patternCheck": {"valid": true, "reason": "Format matches expected pattern", "pattern": "CTPL-YYYY-XXXXXX (e.g., CTPL-2026-C9P5EX)", "confidence": 100, "normalized": "CTPL-2026-MRMH2Q"}, "authenticityCheck": {"reason": "No original certificate found with matching file hash in issued_certificates or certificates tables", "source": "none", "authentic": false, "debugInfo": {"certificateType": "insurance", "searchedFileHash": "b7e24fdae95178de1b5a76ea6617e202...", "totalCertificatesChecked": 0}, "authenticityScore": 0, "originalCertificateFound": false}, "verificationResult": "FAILED"}}
4f567a11-eb81-4327-b7ec-9e6dbed2703c	b447d2f5-dbf9-4785-983d-3d84cc4c40c0	CLEARANCE_REQUESTS_AUTO_SENT	Clearance requests automatically sent to organizations. HPG: Yes, Insurance: Yes. Auto-verification: Insurance: PENDING (Auto)	36b86e7e-7668-49dc-8dd6-6610ce092a73	2026-02-01 07:52:41.343359	\N	{"hpgRequestId": "09acc3e5-a0c8-4f0b-89fb-a5e26601be68", "insuranceRequestId": "632ece44-f545-4661-a7b8-1511a6cb1ea9", "autoVerificationResults": {"insurance": {"basis": {"hashUnique": true, "notExpired": true, "patternValid": true}, "score": 100, "reason": "Certificate authenticity failed: No original certificate found with matching file hash in issued_certificates or certificates tables", "status": "PENDING", "ocrData": {"insuranceExpiry": "01-Feb-2027", "insuranceCompany": "Details\\nCompany Name", "insurancePolicyNumber": "CTPL-2026-MRMH2Q"}, "automated": true, "hashCheck": {"exists": false, "source": "database"}, "confidence": 1, "flagReasons": ["Certificate authenticity failed: No original certificate found with matching file hash in issued_certificates or certificates tables"], "patternCheck": {"valid": true, "reason": "Format matches expected pattern", "pattern": "CTPL-YYYY-XXXXXX (e.g., CTPL-2026-C9P5EX)", "confidence": 100, "normalized": "CTPL-2026-MRMH2Q"}, "authenticityCheck": {"reason": "No original certificate found with matching file hash in issued_certificates or certificates tables", "source": "none", "authentic": false, "debugInfo": {"certificateType": "insurance", "searchedFileHash": "b7e24fdae95178de1b5a76ea6617e202...", "totalCertificatesChecked": 0}, "authenticityScore": 0, "originalCertificateFound": false}, "verificationResult": "FAILED"}}}
\.


--
-- TOC entry 3868 (class 0 OID 16800)
-- Dependencies: 243
-- Data for Name: vehicle_verifications; Type: TABLE DATA; Schema: public; Owner: lto_user
--

COPY public.vehicle_verifications (id, vehicle_id, verification_type, status, verified_by, verified_at, notes, created_at, updated_at, clearance_request_id, automated, verification_score, verification_metadata, auto_verified_at) FROM stdin;
096fa871-8be8-452e-8aa8-63e6e34bcebc	156199dd-f999-49cc-bc53-9d4a7a9267d1	insurance	PENDING	\N	2026-02-01 05:57:43.814418	Certificate authenticity failed: No original certificate found with matching file hash in issued_certificates or certificates tables	2026-02-01 05:57:43.800634	2026-02-01 05:57:43.814418	\N	t	100	{"basis": {"hashUnique": true, "notExpired": true, "patternValid": true}, "score": 100, "reason": "Certificate authenticity failed: No original certificate found with matching file hash in issued_certificates or certificates tables", "status": "PENDING", "ocrData": {"insuranceExpiry": "01-Feb-2027", "insuranceCompany": "Details\\nCompany Name", "insurancePolicyNumber": "CTPL-2026-YU8JBL"}, "automated": true, "hashCheck": {"exists": false, "source": "database"}, "confidence": 1, "flagReasons": ["Certificate authenticity failed: No original certificate found with matching file hash in issued_certificates or certificates tables"], "autoVerified": true, "patternCheck": {"valid": true, "reason": "Format matches expected pattern", "pattern": "CTPL-YYYY-XXXXXX (e.g., CTPL-2026-C9P5EX)", "confidence": 100, "normalized": "CTPL-2026-YU8JBL"}, "authenticityCheck": {"reason": "No original certificate found with matching file hash in issued_certificates or certificates tables", "source": "none", "authentic": false, "debugInfo": {"certificateType": "insurance", "searchedFileHash": "f8b4a7a0260b5e221193fccfdc5af791...", "totalCertificatesChecked": 0}, "authenticityScore": 0, "originalCertificateFound": false}, "verificationResult": "FAILED"}	2026-02-01 05:57:43.814418
5e6e6afd-1c19-45b5-abc5-20f63fa3577c	156199dd-f999-49cc-bc53-9d4a7a9267d1	hpg	APPROVED	654bb34d-fec4-458c-94bc-2223d885a6d7	2026-02-01 06:20:57.36467	\N	2026-02-01 05:57:43.559917	2026-02-01 06:20:57.36467	\N	t	100	{"note": "HPG always requires manual physical inspection and final approval", "ocrData": {}, "hashCheck": {"exists": false, "source": "database"}, "compositeHash": "91fcfc767b48bb3e33d82410882cca5d8600dc614c3d3aab2b367c9c6e0cbbd6", "autoVerifiedAt": "2026-02-01T06:20:42.429Z", "recommendation": "AUTO_APPROVE", "scoreBreakdown": {"total": 100, "dataMatch": 5, "dataExtraction": 30, "hashUniqueness": 20, "documentCompleteness": 15, "certificateAuthenticity": 30}, "authenticityCheck": {"reason": "Certificate file hash matches original certificate from certificate-generator (issuer verified)", "source": "issued_certificates", "authentic": true, "matchType": "file_hash", "blockchainTxId": null, "certificateData": {"vehiclePlate": "AAU-9472", "verificationDetails": {"engine_condition": "Good", "chassis_condition": "Good"}}, "originalFileHash": "7730aee67d4087266485fa41b539b2e3a7ba1b46ee8420dfaefd57ff677cd05e", "authenticityScore": 100, "originalVehicleVin": "CMX2XU6HE2JSHD2AS", "originalCertificateId": "f1d49774-bc3f-4b7a-bad5-b811ad75dd6e", "originalCompositeHash": "3f29f6e52f34602b9c55f0fda267fb2d6e0c60ef91bfb49ffc162c85de59ee3d", "originalCertificateFound": true, "originalCertificateNumber": "HPG-2026-O7AAXQ"}, "originalCertificate": null, "recommendationReason": "High confidence score. Certificate authenticated via blockchain. All checks passed. Manual physical inspection still required."}	2026-02-01 06:20:42.455157
ac677382-9ead-42f2-9ed1-90ad3024fd05	b447d2f5-dbf9-4785-983d-3d84cc4c40c0	hpg	PENDING	\N	\N	\N	2026-02-01 07:52:41.048719	2026-02-01 07:52:41.048719	\N	f	\N	{}	\N
610e041d-1362-4244-814a-98f9414843ff	b447d2f5-dbf9-4785-983d-3d84cc4c40c0	insurance	PENDING	\N	2026-02-01 07:52:41.332748	Certificate authenticity failed: No original certificate found with matching file hash in issued_certificates or certificates tables	2026-02-01 07:52:41.319229	2026-02-01 07:52:41.332748	\N	t	100	{"basis": {"hashUnique": true, "notExpired": true, "patternValid": true}, "score": 100, "reason": "Certificate authenticity failed: No original certificate found with matching file hash in issued_certificates or certificates tables", "status": "PENDING", "ocrData": {"insuranceExpiry": "01-Feb-2027", "insuranceCompany": "Details\\nCompany Name", "insurancePolicyNumber": "CTPL-2026-MRMH2Q"}, "automated": true, "hashCheck": {"exists": false, "source": "database"}, "confidence": 1, "flagReasons": ["Certificate authenticity failed: No original certificate found with matching file hash in issued_certificates or certificates tables"], "autoVerified": true, "patternCheck": {"valid": true, "reason": "Format matches expected pattern", "pattern": "CTPL-YYYY-XXXXXX (e.g., CTPL-2026-C9P5EX)", "confidence": 100, "normalized": "CTPL-2026-MRMH2Q"}, "authenticityCheck": {"reason": "No original certificate found with matching file hash in issued_certificates or certificates tables", "source": "none", "authentic": false, "debugInfo": {"certificateType": "insurance", "searchedFileHash": "b7e24fdae95178de1b5a76ea6617e202...", "totalCertificatesChecked": 0}, "authenticityScore": 0, "originalCertificateFound": false}, "verificationResult": "FAILED"}	2026-02-01 07:52:41.332748
\.


--
-- TOC entry 3874 (class 0 OID 0)
-- Dependencies: 219
-- Name: cr_number_seq; Type: SEQUENCE SET; Schema: public; Owner: lto_user
--

SELECT pg_catalog.setval('public.cr_number_seq', 1, false);


--
-- TOC entry 3875 (class 0 OID 0)
-- Dependencies: 225
-- Name: mvir_number_seq; Type: SEQUENCE SET; Schema: public; Owner: lto_user
--

SELECT pg_catalog.setval('public.mvir_number_seq', 1, false);


--
-- TOC entry 3876 (class 0 OID 0)
-- Dependencies: 232
-- Name: or_number_seq; Type: SEQUENCE SET; Schema: public; Owner: lto_user
--

SELECT pg_catalog.setval('public.or_number_seq', 14, true);


-- Completed on 2026-02-01 16:12:19

--
-- PostgreSQL database dump complete
--

\unrestrict KL7tvvCqN9Nta6pKlBWNEa4w4uTRnqGerfD06oi62wclFCv2zUNlbiobGhdjlDq

