--
-- PostgreSQL database dump
--

\restrict ApRBVAVYSKEgmqoF3QmcE0ARKMzWb9ukhju27wORk5SRJs5lwcf8WzfDKbf4MJY

-- Dumped from database version 15.15
-- Dumped by pg_dump version 18.1

-- Started on 2026-01-25 12:41:10

SET statement_timeout = 0;
SET lock_timeout = 0;
SET idle_in_transaction_session_timeout = 0;
SET transaction_timeout = 0;
SET client_encoding = 'UTF8';
SET standard_conforming_strings = on;
SELECT pg_catalog.set_config('search_path', '', false);
SET check_function_bodies = false;
SET xmloption = content;
SET client_min_messages = warning;
SET row_security = off;

--
-- TOC entry 3986 (class 0 OID 17181)
-- Dependencies: 241
-- Data for Name: certificate_submissions; Type: TABLE DATA; Schema: public; Owner: lto_user
--

COPY public.certificate_submissions (id, vehicle_id, certificate_type, uploaded_file_path, uploaded_file_hash, verification_status, verification_notes, matched_certificate_id, submitted_by, verified_by, submitted_at, verified_at, created_at) FROM stdin;
\.


--
-- TOC entry 3980 (class 0 OID 16914)
-- Dependencies: 234
-- Data for Name: certificates; Type: TABLE DATA; Schema: public; Owner: lto_user
--

COPY public.certificates (id, clearance_request_id, vehicle_id, certificate_type, certificate_number, file_path, ipfs_cid, issued_by, issued_at, expires_at, status, metadata, created_at, file_hash, composite_hash, blockchain_tx_id, application_status, document_id, verified_at, verified_by, revocation_reason, revoked_at) FROM stdin;
\.


--
-- TOC entry 3979 (class 0 OID 16878)
-- Dependencies: 233
-- Data for Name: clearance_requests; Type: TABLE DATA; Schema: public; Owner: lto_user
--

COPY public.clearance_requests (id, vehicle_id, request_type, status, requested_by, requested_at, assigned_to, completed_at, certificate_id, purpose, notes, metadata, created_at, updated_at, verification_mode) FROM stdin;
24d2ad22-ff3b-428e-a194-5c0122c02aca	2b072bb7-913e-4ea0-9347-f36ccf8d044b	hpg	PENDING	1b76c49c-b8d7-4c10-84aa-6b2bfd1c3fbc	2026-01-24 16:52:36.937807	5eff4107-d246-4f21-b8f4-9f9e7e5b64a9	\N	\N	Initial Vehicle Registration - HPG Clearance	Automatically sent upon vehicle registration submission	{"documents": [{"id": "fa3d7a70-4213-4656-80aa-35a0c61ad173", "cid": "bafkreifxmuv6lhpf7dclr5o4ciiisza3sk7p3vdmeoztqfexfqibb5c42q", "path": "/app/backend/uploads/document-1769273555832-506991773.jpg", "type": "owner_id", "filename": "download (3).jpg"}, {"id": "e0fa1f29-d275-498a-87b4-c60ab5c0ad18", "cid": "bafkreicclndxye4sirbm4tyrakavlhfrrfni2hw23tojje26va3nkzbqje", "path": "/app/backend/uploads/document-1769273555678-353057282.pdf", "type": "hpg_clearance", "filename": "HPG_Clearance_HPG-2026-DO6EYY.pdf"}], "orCrDocId": null, "ownerName": "Joshua Ivan Latag", "orCrDocCid": null, "ownerEmail": "latagjoshuaivan@gmail.com", "vehicleVin": "DMHJ9ZBK50SBJZZ49", "orCrDocPath": null, "vehicleMake": "Foton", "vehicleYear": 2026, "engineNumber": "3UR-BE104018", "ownerIdDocId": "fa3d7a70-4213-4656-80aa-35a0c61ad173", "vehicleColor": "White", "vehicleModel": "Toano", "vehiclePlate": "LRZ-4414", "chassisNumber": "DMHJ9ZBK50SBJZZ49", "extractedData": {"vin": "DMHJ9ZBK50SBJZZ49", "source": "vehicle_metadata", "plateNumber": "LRZ-4414", "engineNumber": "3UR-BE104018", "ocrExtracted": false, "chassisNumber": "DMHJ9ZBK50SBJZZ49"}, "ownerIdDocCid": "bafkreifxmuv6lhpf7dclr5o4ciiisza3sk7p3vdmeoztqfexfqibb5c42q", "ownerIdDocPath": "/app/backend/uploads/document-1769273555832-506991773.jpg", "orCrDocFilename": null, "automationPhase1": {"completed": true, "completedAt": "2026-01-24T16:52:36.965Z", "databaseChecked": true}, "hpgDatabaseCheck": {"status": "CLEAN", "details": "Vehicle not found in HPG hot list", "checkedAt": "2026-01-24T16:52:36.959Z", "matchedRecords": [], "recommendation": "PROCEED"}, "hpgClearanceDocId": "e0fa1f29-d275-498a-87b4-c60ab5c0ad18", "hpgClearanceDocCid": "bafkreicclndxye4sirbm4tyrakavlhfrrfni2hw23tojje26va3nkzbqje", "ownerIdDocFilename": "download (3).jpg", "hpgClearanceDocPath": "/app/backend/uploads/document-1769273555678-353057282.pdf", "registrationCertDocId": null, "registrationCertDocCid": null, "hpgClearanceDocFilename": "HPG_Clearance_HPG-2026-DO6EYY.pdf"}	2026-01-24 16:52:36.937807	2026-01-24 16:52:36.966119	MANUAL
e4fb2a34-ca32-40af-b98d-4e212c3eeade	2b072bb7-913e-4ea0-9347-f36ccf8d044b	insurance	PENDING	1b76c49c-b8d7-4c10-84aa-6b2bfd1c3fbc	2026-01-24 16:52:36.980782	21d178c0-37c5-466e-b2eb-560e32981cbd	\N	\N	Initial Vehicle Registration - Insurance Verification	Automatically sent upon vehicle registration submission	{"documents": [{"id": "23de4345-7dbf-4a66-8bac-7da1d452c190", "cid": "bafkreiblyrq3a4saurcmtcqjysq447y745enqo4c6o6h5c347c6drmc3su", "path": "/app/backend/uploads/document-1769273555830-106792479.pdf", "type": "insurance_cert", "filename": "Insurance_Certificate_CTPL-2026-IQR4QU.pdf"}], "ownerName": "Joshua Ivan Latag", "documentId": "23de4345-7dbf-4a66-8bac-7da1d452c190", "ownerEmail": "latagjoshuaivan@gmail.com", "vehicleVin": "DMHJ9ZBK50SBJZZ49", "documentCid": "bafkreiblyrq3a4saurcmtcqjysq447y745enqo4c6o6h5c347c6drmc3su", "vehicleMake": "Foton", "vehicleYear": 2026, "documentPath": "/app/backend/uploads/document-1769273555830-106792479.pdf", "documentType": "insurance_cert", "vehicleModel": "Toano", "vehiclePlate": "LRZ-4414", "documentFilename": "Insurance_Certificate_CTPL-2026-IQR4QU.pdf"}	2026-01-24 16:52:36.980782	2026-01-24 16:52:36.980782	MANUAL
1a64cf4e-8413-4122-8391-bc3f7250af84	e302a557-2f17-4c3d-9630-f859b8404327	hpg	PENDING	1b76c49c-b8d7-4c10-84aa-6b2bfd1c3fbc	2026-01-24 18:27:55.119226	5eff4107-d246-4f21-b8f4-9f9e7e5b64a9	\N	\N	Initial Vehicle Registration - HPG Clearance	Automatically sent upon vehicle registration submission	{"documents": [{"id": "3a15de3f-b9ca-41c9-b932-90be648ef686", "cid": "bafkreifxmuv6lhpf7dclr5o4ciiisza3sk7p3vdmeoztqfexfqibb5c42q", "path": "/app/backend/uploads/document-1769279273971-542114240.jpg", "type": "owner_id", "filename": "download (3).jpg"}, {"id": "14710582-fce2-4be5-9162-26e08cbe4d93", "cid": "bafkreiddkkpjuy2md5zlam6apfgqqejipwiyrekbrr777t6pqbi4n65w3q", "path": "/app/backend/uploads/document-1769279273847-858662969.pdf", "type": "hpg_clearance", "filename": "HPG_Clearance_HPG-2026-YGAJX8.pdf"}], "orCrDocId": null, "ownerName": "Joshua Ivan Latag", "orCrDocCid": null, "ownerEmail": "latagjoshuaivan@gmail.com", "vehicleVin": "DV347804YE0WXGRSK", "orCrDocPath": null, "vehicleMake": "Toyota", "vehicleYear": 2026, "engineNumber": "2NR-FE575339", "ownerIdDocId": "3a15de3f-b9ca-41c9-b932-90be648ef686", "vehicleColor": "White", "vehicleModel": "HiAce", "vehiclePlate": "ACA-3346", "chassisNumber": "DV347804YE0WXGRSK", "extractedData": {"vin": "DV347804YE0WXGRSK", "source": "vehicle_metadata", "plateNumber": "ACA-3346", "engineNumber": "2NR-FE575339", "ocrExtracted": false, "chassisNumber": "DV347804YE0WXGRSK"}, "ownerIdDocCid": "bafkreifxmuv6lhpf7dclr5o4ciiisza3sk7p3vdmeoztqfexfqibb5c42q", "ownerIdDocPath": "/app/backend/uploads/document-1769279273971-542114240.jpg", "orCrDocFilename": null, "automationPhase1": {"completed": true, "completedAt": "2026-01-24T18:27:55.154Z", "databaseChecked": true}, "hpgDatabaseCheck": {"status": "CLEAN", "details": "Vehicle not found in HPG hot list", "checkedAt": "2026-01-24T18:27:55.146Z", "matchedRecords": [], "recommendation": "PROCEED"}, "hpgClearanceDocId": "14710582-fce2-4be5-9162-26e08cbe4d93", "hpgClearanceDocCid": "bafkreiddkkpjuy2md5zlam6apfgqqejipwiyrekbrr777t6pqbi4n65w3q", "ownerIdDocFilename": "download (3).jpg", "hpgClearanceDocPath": "/app/backend/uploads/document-1769279273847-858662969.pdf", "registrationCertDocId": null, "registrationCertDocCid": null, "hpgClearanceDocFilename": "HPG_Clearance_HPG-2026-YGAJX8.pdf"}	2026-01-24 18:27:55.119226	2026-01-24 18:27:55.154996	MANUAL
b0e304da-150b-440f-bfa4-897b77e28503	e302a557-2f17-4c3d-9630-f859b8404327	insurance	PENDING	1b76c49c-b8d7-4c10-84aa-6b2bfd1c3fbc	2026-01-24 18:27:55.33322	73477102-f36b-448a-89d4-9dc3e93466f8	\N	\N	Initial Vehicle Registration - Insurance Verification	Automatically sent upon vehicle registration submission	{"documents": [{"id": "7e6351fa-7836-4c0d-8f18-2ea61a168455", "cid": "bafkreihpcouha67uwphr3tipoo36sddtq5srpg2uxt6xplrvbt37oed4om", "path": "/app/backend/uploads/document-1769279273967-229167351.pdf", "type": "insurance_cert", "filename": "Insurance_Certificate_CTPL-2026-CGYUF2.pdf"}], "ownerName": "Joshua Ivan Latag", "documentId": "7e6351fa-7836-4c0d-8f18-2ea61a168455", "ownerEmail": "latagjoshuaivan@gmail.com", "vehicleVin": "DV347804YE0WXGRSK", "verifiedAt": null, "verifiedBy": "system", "documentCid": "bafkreihpcouha67uwphr3tipoo36sddtq5srpg2uxt6xplrvbt37oed4om", "vehicleMake": "Toyota", "vehicleYear": 2026, "autoVerified": true, "documentPath": "/app/backend/uploads/document-1769279273967-229167351.pdf", "documentType": "insurance_cert", "vehicleModel": "HiAce", "vehiclePlate": "ACA-3346", "documentFilename": "Insurance_Certificate_CTPL-2026-CGYUF2.pdf", "autoVerificationResult": {"basis": {"hashUnique": true, "notExpired": true, "patternValid": true}, "score": 100, "reason": "Certificate authenticity failed: Error checking authenticity: syntax error at or near \\"from\\"", "status": "PENDING", "ocrData": {"insuranceExpiry": "24-Jan-2027", "insuranceCompany": "Details\\nCompany Name", "insurancePolicyNumber": "CTPL-2026-CGYUF2"}, "automated": true, "hashCheck": {"exists": false, "source": "database"}, "confidence": 1, "flagReasons": ["Certificate authenticity failed: Error checking authenticity: syntax error at or near \\"from\\""], "patternCheck": {"valid": true, "reason": "Format matches expected pattern", "pattern": "CTPL-YYYY-XXXXXX (e.g., CTPL-2026-C9P5EX)", "confidence": 100, "normalized": "CTPL-2026-CGYUF2"}, "authenticityCheck": {"error": "syntax error at or near \\"from\\"", "reason": "Error checking authenticity: syntax error at or near \\"from\\"", "authentic": false, "authenticityScore": 0}, "verificationResult": "FAILED"}}	2026-01-24 18:27:55.33322	2026-01-24 18:27:55.33322	MANUAL
16caad41-a335-422d-8bf2-654f0a009abd	858a20ac-2371-40ee-95b0-8f54bdc06db3	hpg	PENDING	1b76c49c-b8d7-4c10-84aa-6b2bfd1c3fbc	2026-01-24 18:44:16.406477	5eff4107-d246-4f21-b8f4-9f9e7e5b64a9	\N	\N	Initial Vehicle Registration - HPG Clearance	Automatically sent upon vehicle registration submission	{"documents": [{"id": "c212d8d0-87da-4b3b-8d56-4b931b226ec7", "cid": "bafkreifxmuv6lhpf7dclr5o4ciiisza3sk7p3vdmeoztqfexfqibb5c42q", "path": "/app/backend/uploads/document-1769280254751-804250307.jpg", "type": "owner_id", "filename": "download (3).jpg"}, {"id": "f2c14a7f-fa02-4434-af10-7124fa7c624a", "cid": "bafkreicxuzzb2cg4lobqxuivhnqqpsilui5hpody7rajbu2kjallnr3tiy", "path": "/app/backend/uploads/document-1769280254692-479549361.pdf", "type": "hpg_clearance", "filename": "HPG_Clearance_HPG-2026-UF3UX4.pdf"}], "orCrDocId": null, "ownerName": "Joshua Ivan Latag", "orCrDocCid": null, "ownerEmail": "latagjoshuaivan@gmail.com", "vehicleVin": "NT226TR0SBTNX8H0C", "orCrDocPath": null, "vehicleMake": "Isuzu", "vehicleYear": 2026, "engineNumber": "2NR-CE157181", "ownerIdDocId": "c212d8d0-87da-4b3b-8d56-4b931b226ec7", "vehicleColor": "White", "vehicleModel": "N-Series", "vehiclePlate": "DNY-7331", "chassisNumber": "NT226TR0SBTNX8H0C", "extractedData": {"vin": "NT226TR0SBTNX8H0C", "source": "vehicle_metadata", "plateNumber": "DNY-7331", "engineNumber": "2NR-CE157181", "ocrExtracted": false, "chassisNumber": "NT226TR0SBTNX8H0C"}, "ownerIdDocCid": "bafkreifxmuv6lhpf7dclr5o4ciiisza3sk7p3vdmeoztqfexfqibb5c42q", "ownerIdDocPath": "/app/backend/uploads/document-1769280254751-804250307.jpg", "orCrDocFilename": null, "automationPhase1": {"completed": true, "completedAt": "2026-01-24T18:44:16.444Z", "databaseChecked": true}, "hpgDatabaseCheck": {"status": "CLEAN", "details": "Vehicle not found in HPG hot list", "checkedAt": "2026-01-24T18:44:16.436Z", "matchedRecords": [], "recommendation": "PROCEED"}, "hpgClearanceDocId": "f2c14a7f-fa02-4434-af10-7124fa7c624a", "hpgClearanceDocCid": "bafkreicxuzzb2cg4lobqxuivhnqqpsilui5hpody7rajbu2kjallnr3tiy", "ownerIdDocFilename": "download (3).jpg", "hpgClearanceDocPath": "/app/backend/uploads/document-1769280254692-479549361.pdf", "registrationCertDocId": null, "registrationCertDocCid": null, "hpgClearanceDocFilename": "HPG_Clearance_HPG-2026-UF3UX4.pdf"}	2026-01-24 18:44:16.406477	2026-01-24 18:44:16.444878	MANUAL
8850ed98-c835-461b-834d-7833165909a4	858a20ac-2371-40ee-95b0-8f54bdc06db3	insurance	PENDING	1b76c49c-b8d7-4c10-84aa-6b2bfd1c3fbc	2026-01-24 18:44:16.628337	73477102-f36b-448a-89d4-9dc3e93466f8	\N	\N	Initial Vehicle Registration - Insurance Verification	Automatically sent upon vehicle registration submission	{"documents": [{"id": "59072c45-2f26-406c-b340-ca410ec7ab29", "cid": "bafkreidlxxblj3y7dixtjvcueubjs7rhdv7mf4w2syipeerlkns3e4pngi", "path": "/app/backend/uploads/document-1769280254912-412105518.pdf", "type": "insurance_cert", "filename": "Insurance_Certificate_CTPL-2026-8TVPD4.pdf"}], "ownerName": "Joshua Ivan Latag", "documentId": "59072c45-2f26-406c-b340-ca410ec7ab29", "ownerEmail": "latagjoshuaivan@gmail.com", "vehicleVin": "NT226TR0SBTNX8H0C", "verifiedAt": null, "verifiedBy": "system", "documentCid": "bafkreidlxxblj3y7dixtjvcueubjs7rhdv7mf4w2syipeerlkns3e4pngi", "vehicleMake": "Isuzu", "vehicleYear": 2026, "autoVerified": true, "documentPath": "/app/backend/uploads/document-1769280254912-412105518.pdf", "documentType": "insurance_cert", "vehicleModel": "N-Series", "vehiclePlate": "DNY-7331", "documentFilename": "Insurance_Certificate_CTPL-2026-8TVPD4.pdf", "autoVerificationResult": {"basis": {"hashUnique": true, "notExpired": true, "patternValid": true}, "score": 100, "reason": "Certificate authenticity failed: Error checking authenticity: syntax error at or near \\"from\\"", "status": "PENDING", "ocrData": {"insuranceExpiry": "24-Jan-2027", "insuranceCompany": "Details\\nCompany Name", "insurancePolicyNumber": "CTPL-2026-8TVPD4"}, "automated": true, "hashCheck": {"exists": false, "source": "database"}, "confidence": 1, "flagReasons": ["Certificate authenticity failed: Error checking authenticity: syntax error at or near \\"from\\""], "patternCheck": {"valid": true, "reason": "Format matches expected pattern", "pattern": "CTPL-YYYY-XXXXXX (e.g., CTPL-2026-C9P5EX)", "confidence": 100, "normalized": "CTPL-2026-8TVPD4"}, "authenticityCheck": {"error": "syntax error at or near \\"from\\"", "reason": "Error checking authenticity: syntax error at or near \\"from\\"", "authentic": false, "authenticityScore": 0}, "verificationResult": "FAILED"}}	2026-01-24 18:44:16.628337	2026-01-24 18:44:16.628337	MANUAL
9b51d8c0-574c-4d41-b30c-c829e4ca4c1a	f0350d21-a03c-465f-a536-6d8038b4c100	hpg	PENDING	1b76c49c-b8d7-4c10-84aa-6b2bfd1c3fbc	2026-01-24 18:57:01.015735	5eff4107-d246-4f21-b8f4-9f9e7e5b64a9	\N	\N	Initial Vehicle Registration - HPG Clearance	Automatically sent upon vehicle registration submission	{"documents": [{"id": "00e57665-ee91-43ff-8437-919d13629f9a", "cid": "bafkreib67a5ce7zh4rzqcb4nhtfpnive6ketri2k44bc7imt5e2xcgf3sm", "path": "/app/backend/uploads/document-1769281019733-883163292.pdf", "type": "hpg_clearance", "filename": "HPG_Clearance_HPG-2026-FSVWKD.pdf"}, {"id": "dd1af224-3f76-4fb6-8aef-92a0a9216929", "cid": "bafkreifxmuv6lhpf7dclr5o4ciiisza3sk7p3vdmeoztqfexfqibb5c42q", "path": "/app/backend/uploads/document-1769281019622-687243055.jpg", "type": "owner_id", "filename": "download (3).jpg"}], "orCrDocId": null, "ownerName": "Joshua Ivan Latag", "orCrDocCid": null, "ownerEmail": "latagjoshuaivan@gmail.com", "vehicleVin": "U198H0VR10TT2RS6E", "orCrDocPath": null, "vehicleMake": "KTM", "vehicleYear": 2026, "engineNumber": "2NR-FE645151", "ownerIdDocId": "dd1af224-3f76-4fb6-8aef-92a0a9216929", "vehicleColor": "White", "vehicleModel": "Duke 200", "vehiclePlate": "VNA-5740", "chassisNumber": "U198H0VR10TT2RS6E", "extractedData": {"vin": "U198H0VR10TT2RS6E", "source": "vehicle_metadata", "plateNumber": "VNA-5740", "engineNumber": "2NR-FE645151", "ocrExtracted": false, "chassisNumber": "U198H0VR10TT2RS6E"}, "ownerIdDocCid": "bafkreifxmuv6lhpf7dclr5o4ciiisza3sk7p3vdmeoztqfexfqibb5c42q", "ownerIdDocPath": "/app/backend/uploads/document-1769281019622-687243055.jpg", "orCrDocFilename": null, "automationPhase1": {"completed": true, "completedAt": "2026-01-24T18:57:01.069Z", "databaseChecked": true}, "hpgDatabaseCheck": {"status": "CLEAN", "details": "Vehicle not found in HPG hot list", "checkedAt": "2026-01-24T18:57:01.056Z", "matchedRecords": [], "recommendation": "PROCEED"}, "hpgClearanceDocId": "00e57665-ee91-43ff-8437-919d13629f9a", "hpgClearanceDocCid": "bafkreib67a5ce7zh4rzqcb4nhtfpnive6ketri2k44bc7imt5e2xcgf3sm", "ownerIdDocFilename": "download (3).jpg", "hpgClearanceDocPath": "/app/backend/uploads/document-1769281019733-883163292.pdf", "registrationCertDocId": null, "registrationCertDocCid": null, "hpgClearanceDocFilename": "HPG_Clearance_HPG-2026-FSVWKD.pdf"}	2026-01-24 18:57:01.015735	2026-01-24 18:57:01.070899	MANUAL
ea52e5ce-a4ef-4309-a186-610d07fc1fc4	f0350d21-a03c-465f-a536-6d8038b4c100	insurance	PENDING	1b76c49c-b8d7-4c10-84aa-6b2bfd1c3fbc	2026-01-24 18:57:01.329751	73477102-f36b-448a-89d4-9dc3e93466f8	\N	\N	Initial Vehicle Registration - Insurance Verification	Automatically sent upon vehicle registration submission	{"documents": [{"id": "872dbaa8-6444-4058-887e-476708e61259", "cid": "bafkreifzsgdkci5c4ckiynu4zqu7xmvcgyejsy3snb5blsantmoexoegxi", "path": "/app/backend/uploads/document-1769281019559-490683150.pdf", "type": "insurance_cert", "filename": "Insurance_Certificate_CTPL-2026-583PRU.pdf"}], "ownerName": "Joshua Ivan Latag", "documentId": "872dbaa8-6444-4058-887e-476708e61259", "ownerEmail": "latagjoshuaivan@gmail.com", "vehicleVin": "U198H0VR10TT2RS6E", "verifiedAt": null, "verifiedBy": "system", "documentCid": "bafkreifzsgdkci5c4ckiynu4zqu7xmvcgyejsy3snb5blsantmoexoegxi", "vehicleMake": "KTM", "vehicleYear": 2026, "autoVerified": true, "documentPath": "/app/backend/uploads/document-1769281019559-490683150.pdf", "documentType": "insurance_cert", "vehicleModel": "Duke 200", "vehiclePlate": "VNA-5740", "documentFilename": "Insurance_Certificate_CTPL-2026-583PRU.pdf", "autoVerificationResult": {"basis": {"hashUnique": true, "notExpired": true, "patternValid": true}, "score": 100, "reason": "Certificate authenticity failed: No original certificate found with matching file hash in issued_certificates or certificates tables", "status": "PENDING", "ocrData": {"insuranceExpiry": "24-Jan-2027", "insuranceCompany": "Details\\nCompany Name", "insurancePolicyNumber": "CTPL-2026-583PRU"}, "automated": true, "hashCheck": {"exists": false, "source": "database"}, "confidence": 1, "flagReasons": ["Certificate authenticity failed: No original certificate found with matching file hash in issued_certificates or certificates tables"], "patternCheck": {"valid": true, "reason": "Format matches expected pattern", "pattern": "CTPL-YYYY-XXXXXX (e.g., CTPL-2026-C9P5EX)", "confidence": 100, "normalized": "CTPL-2026-583PRU"}, "authenticityCheck": {"reason": "No original certificate found with matching file hash in issued_certificates or certificates tables", "source": "none", "authentic": false, "debugInfo": {"certificateType": "insurance", "searchedFileHash": "b99186a123a2e0948c369ccc29fbb2a2...", "totalCertificatesChecked": 0}, "authenticityScore": 0, "originalCertificateFound": false}, "verificationResult": "FAILED"}}	2026-01-24 18:57:01.329751	2026-01-24 18:57:01.329751	MANUAL
ea8b9833-c571-402d-9280-e120dc224886	6dd179cd-2f50-4833-82ed-003f34fa817d	insurance	APPROVED	1b76c49c-b8d7-4c10-84aa-6b2bfd1c3fbc	2026-01-24 19:19:07.265414	73477102-f36b-448a-89d4-9dc3e93466f8	2026-01-24 19:19:07.271419	\N	Initial Vehicle Registration - Insurance Verification	Automatically sent upon vehicle registration submission	{"notes": "Auto-verified and approved. Score: 100%", "documents": [{"id": "f68a8a3d-5cc9-4d19-9788-7dcbb56c1c7c", "cid": "bafkreiddi36epm6clhoowbxctbuhma7bplbbu5aj22fgdlccr2knvenilm", "path": "/app/backend/uploads/document-1769282346028-43989520.pdf", "type": "insurance_cert", "filename": "Insurance_Certificate_CTPL-2026-JTMM87.pdf"}], "ownerName": "Joshua Ivan Latag", "documentId": "f68a8a3d-5cc9-4d19-9788-7dcbb56c1c7c", "ownerEmail": "latagjoshuaivan@gmail.com", "vehicleVin": "F5TFNJM7BDH13S38W", "verifiedAt": "2026-01-24T19:19:07.270Z", "verifiedBy": "system", "documentCid": "bafkreiddi36epm6clhoowbxctbuhma7bplbbu5aj22fgdlccr2knvenilm", "vehicleMake": "Honda", "vehicleYear": 2026, "autoVerified": true, "documentPath": "/app/backend/uploads/document-1769282346028-43989520.pdf", "documentType": "insurance_cert", "vehicleModel": "Civic", "vehiclePlate": "XSX-7285", "documentFilename": "Insurance_Certificate_CTPL-2026-JTMM87.pdf", "autoVerificationResult": {"basis": {"hashUnique": true, "notExpired": true, "patternValid": true}, "score": 100, "status": "APPROVED", "ocrData": {"insuranceExpiry": "24-Jan-2027", "insuranceCompany": "Details\\nCompany Name", "insurancePolicyNumber": "CTPL-2026-JTMM87"}, "automated": true, "hashCheck": {"exists": false, "source": "database"}, "confidence": 1, "patternCheck": {"valid": true, "reason": "Format matches expected pattern", "pattern": "CTPL-YYYY-XXXXXX (e.g., CTPL-2026-C9P5EX)", "confidence": 100, "normalized": "CTPL-2026-JTMM87"}, "compositeHash": "d65e8bc04ebb05e8a36c6f293e00f231caa369a5f410f446a1d662e258fe4ee1", "blockchainTxId": null, "authenticityCheck": {"reason": "Certificate file hash matches original certificate from certificate-generator (issuer verified)", "source": "issued_certificates", "authentic": true, "matchType": "file_hash", "blockchainTxId": null, "certificateData": {"coverageType": "CTPL", "coverageAmount": "PHP 200,000 / PHP 50,000"}, "originalFileHash": "6346fc47b3c259dceb06e298687603e17ac21a7409d68a61ac428e94da91a85b", "authenticityScore": 100, "originalVehicleVin": "F5TFNJM7BDH13S38W", "originalCertificateId": "f4bc48bc-db4d-4b45-89f8-2a548b7c7419", "originalCompositeHash": "319533584cecfaab6af455e3bba1f53db8ef403c289b96aed1a103418383c704", "originalCertificateFound": true, "originalCertificateNumber": "CTPL-2026-JTMM87"}}}	2026-01-24 19:19:07.265414	2026-01-24 19:19:07.271419	MANUAL
b3c41178-8e9c-4191-bc02-f49bf3e9168e	6dd179cd-2f50-4833-82ed-003f34fa817d	hpg	APPROVED	1b76c49c-b8d7-4c10-84aa-6b2bfd1c3fbc	2026-01-24 19:19:07.090433	5eff4107-d246-4f21-b8f4-9f9e7e5b64a9	2026-01-24 19:20:06.389993	\N	Initial Vehicle Registration - HPG Clearance	Automatically sent upon vehicle registration submission	{"photos": [], "remarks": null, "stencil": null, "documents": [{"id": "a30ed4d5-a0c1-4b31-b4e5-b21b6834a8ac", "cid": "bafkreifxmuv6lhpf7dclr5o4ciiisza3sk7p3vdmeoztqfexfqibb5c42q", "path": "/app/backend/uploads/document-1769282345920-890960249.jpg", "type": "owner_id", "filename": "download (3).jpg"}, {"id": "8289f146-e47d-4bfb-85ce-da8b4971c193", "cid": "bafkreigh7hkwuppb326csdkhwmprqi5xysn5lonjeff7iurufo3aeujije", "path": "/app/backend/uploads/document-1769282345848-755618587.pdf", "type": "hpg_clearance", "filename": "HPG_Clearance_HPG-2026-179TCA.pdf"}], "orCrDocId": null, "ownerName": "Joshua Ivan Latag", "autoVerify": {"completed": true, "hashCheck": {"exists": false, "source": "database"}, "completedAt": "2026-01-24T19:19:54.300Z", "completedBy": "654bb34d-fec4-458c-94bc-2223d885a6d7", "compositeHash": "604a67a78ac1be2eb5e41c6b9694d34767850efa3457b6c581e29db79d9d267a", "preFilledData": {"engineNumber": "3UR-DE884077", "chassisNumber": "F5TFNJM7BDH13S38W"}, "recommendation": "AUTO_APPROVE", "scoreBreakdown": {"total": 100, "dataMatch": 5, "dataExtraction": 30, "hashUniqueness": 20, "documentCompleteness": 15, "certificateAuthenticity": 30}, "confidenceScore": 100, "authenticityCheck": {"reason": "Certificate file hash matches original certificate from certificate-generator (issuer verified)", "source": "issued_certificates", "authentic": true, "matchType": "file_hash", "blockchainTxId": null, "certificateData": {"vehiclePlate": "XSX-7285", "verificationDetails": {"engine_condition": "Good", "chassis_condition": "Good"}}, "originalFileHash": "c7f9d56a3de1debc290d47b31f1823b7c49bd5b9a9214bf452342bb602512849", "authenticityScore": 100, "originalVehicleVin": "F5TFNJM7BDH13S38W", "originalCertificateId": "295c2cf7-edc6-4c2a-8a33-fd435386c4b9", "originalCompositeHash": "52037fce3b0a1b78809ecfba74865ebe1fd79f13ac10ecc4650e6cde1730c6ef", "originalCertificateFound": true, "originalCertificateNumber": "HPG-2026-179TCA"}, "recommendationReason": "High confidence score. Certificate authenticated via blockchain. All checks passed. Manual physical inspection still required."}, "orCrDocCid": null, "ownerEmail": "latagjoshuaivan@gmail.com", "vehicleVin": "F5TFNJM7BDH13S38W", "verifiedAt": "2026-01-24T19:20:06.389Z", "verifiedBy": "654bb34d-fec4-458c-94bc-2223d885a6d7", "orCrDocPath": null, "vehicleMake": "Honda", "vehicleYear": 2026, "engineNumber": "3UR-DE884077", "macroEtching": false, "ownerIdDocId": "a30ed4d5-a0c1-4b31-b4e5-b21b6834a8ac", "vehicleColor": "White", "vehicleModel": "Civic", "vehiclePlate": "XSX-7285", "chassisNumber": "F5TFNJM7BDH13S38W", "extractedData": {"vin": "F5TFNJM7BDH13S38W", "source": "vehicle_metadata", "plateNumber": "XSX-7285", "engineNumber": "3UR-DE884077", "ocrExtracted": false, "chassisNumber": "F5TFNJM7BDH13S38W"}, "ownerIdDocCid": "bafkreifxmuv6lhpf7dclr5o4ciiisza3sk7p3vdmeoztqfexfqibb5c42q", "ownerIdDocPath": "/app/backend/uploads/document-1769282345920-890960249.jpg", "orCrDocFilename": null, "automationPhase1": {"completed": true, "completedAt": "2026-01-24T19:19:07.126Z", "databaseChecked": true}, "hpgDatabaseCheck": {"status": "CLEAN", "details": "Vehicle not found in HPG hot list", "checkedAt": "2026-01-24T19:19:07.116Z", "matchedRecords": [], "recommendation": "PROCEED"}, "hpgClearanceDocId": "8289f146-e47d-4bfb-85ce-da8b4971c193", "hpgClearanceDocCid": "bafkreigh7hkwuppb326csdkhwmprqi5xysn5lonjeff7iurufo3aeujije", "ownerIdDocFilename": "download (3).jpg", "hpgClearanceDocPath": "/app/backend/uploads/document-1769282345848-755618587.pdf", "registrationCertDocId": null, "registrationCertDocCid": null, "hpgClearanceDocFilename": "HPG_Clearance_HPG-2026-179TCA.pdf"}	2026-01-24 19:19:07.090433	2026-01-24 19:20:06.389993	MANUAL
e7761434-defb-44cc-839b-2a0ba0e63504	c23351bd-e788-4dad-9fff-d7afb25adee9	hpg	APPROVED	1b76c49c-b8d7-4c10-84aa-6b2bfd1c3fbc	2026-01-25 03:45:44.869996	654bb34d-fec4-458c-94bc-2223d885a6d7	2026-01-25 03:46:25.778009	\N	Initial Vehicle Registration - HPG Clearance	Automatically sent upon vehicle registration submission	{"photos": [], "remarks": null, "stencil": null, "documents": [{"id": "4b239054-6bad-44f7-aa96-dfae74eeaed2", "cid": "bafkreifxmuv6lhpf7dclr5o4ciiisza3sk7p3vdmeoztqfexfqibb5c42q", "path": "/app/backend/uploads/document-1769312743749-731730055.jpg", "type": "owner_id", "filename": "download (3).jpg"}, {"id": "4713925e-7798-433e-a4b2-f0f74e15be25", "cid": "bafkreihrrp7ejl5racghri4idpsr7oy4olhp5dty47an73pl2xvsdsrcw4", "path": "/app/backend/uploads/document-1769312743546-376316449.pdf", "type": "hpg_clearance", "filename": "HPG_Clearance_HPG-2026-8B3Q7M.pdf"}], "orCrDocId": null, "ownerName": "Joshua Ivan Latag", "autoVerify": {"completed": true, "hashCheck": {"exists": false, "source": "database"}, "completedAt": "2026-01-25T03:46:13.506Z", "completedBy": "654bb34d-fec4-458c-94bc-2223d885a6d7", "compositeHash": "51767ae1ee39f1bab01cb3f6799dc0ba7375ba59db636bba16477b5bb2636bcb", "preFilledData": {"engineNumber": "3UR-GE380290", "chassisNumber": "C591CULJ8VVZDWSAN"}, "recommendation": "AUTO_APPROVE", "scoreBreakdown": {"total": 100, "dataMatch": 5, "dataExtraction": 30, "hashUniqueness": 20, "documentCompleteness": 15, "certificateAuthenticity": 30}, "confidenceScore": 100, "authenticityCheck": {"reason": "Certificate file hash matches original certificate from certificate-generator (issuer verified)", "source": "issued_certificates", "authentic": true, "matchType": "file_hash", "blockchainTxId": null, "certificateData": {"vehiclePlate": "NKZ-2698", "verificationDetails": {"engine_condition": "Good", "chassis_condition": "Good"}}, "originalFileHash": "f18bfe44afb1008c78a3881be51fbb1c72cefe8e78e7c0dfedebd5eb21ca22b7", "authenticityScore": 100, "originalVehicleVin": "C591CULJ8VVZDWSAN", "originalCertificateId": "6b27b60c-1421-4854-b9d1-d6de82fa25e1", "originalCompositeHash": "20c0f99a77c11a491ffd267251e47ca2a7b7cdb0d8ea8b05c022250043351899", "originalCertificateFound": true, "originalCertificateNumber": "HPG-2026-8B3Q7M"}, "recommendationReason": "High confidence score. Certificate authenticated via blockchain. All checks passed. Manual physical inspection still required."}, "orCrDocCid": null, "ownerEmail": "latagjoshuaivan@gmail.com", "vehicleVin": "C591CULJ8VVZDWSAN", "verifiedAt": "2026-01-25T03:46:25.777Z", "verifiedBy": "654bb34d-fec4-458c-94bc-2223d885a6d7", "orCrDocPath": null, "vehicleMake": "Hyundai", "vehicleYear": 2026, "engineNumber": "3UR-GE380290", "macroEtching": false, "ownerIdDocId": "4b239054-6bad-44f7-aa96-dfae74eeaed2", "vehicleColor": "White", "vehicleModel": "Tucson", "vehiclePlate": "NKZ-2698", "chassisNumber": "C591CULJ8VVZDWSAN", "extractedData": {"vin": "C591CULJ8VVZDWSAN", "source": "vehicle_metadata", "plateNumber": "NKZ-2698", "engineNumber": "3UR-GE380290", "ocrExtracted": false, "chassisNumber": "C591CULJ8VVZDWSAN"}, "ownerIdDocCid": "bafkreifxmuv6lhpf7dclr5o4ciiisza3sk7p3vdmeoztqfexfqibb5c42q", "ownerIdDocPath": "/app/backend/uploads/document-1769312743749-731730055.jpg", "orCrDocFilename": null, "automationPhase1": {"completed": true, "completedAt": "2026-01-25T03:45:44.898Z", "databaseChecked": true}, "hpgDatabaseCheck": {"status": "CLEAN", "details": "Vehicle not found in HPG hot list", "checkedAt": "2026-01-25T03:45:44.893Z", "matchedRecords": [], "recommendation": "PROCEED"}, "hpgClearanceDocId": "4713925e-7798-433e-a4b2-f0f74e15be25", "hpgClearanceDocCid": "bafkreihrrp7ejl5racghri4idpsr7oy4olhp5dty47an73pl2xvsdsrcw4", "ownerIdDocFilename": "download (3).jpg", "hpgClearanceDocPath": "/app/backend/uploads/document-1769312743546-376316449.pdf", "registrationCertDocId": null, "registrationCertDocCid": null, "hpgClearanceDocFilename": "HPG_Clearance_HPG-2026-8B3Q7M.pdf"}	2026-01-25 03:45:44.869996	2026-01-25 03:46:25.778009	MANUAL
be2c52cf-7728-43fd-9615-ad1b272ba762	e8949d82-01b3-49ef-af1a-9380edb2c3e4	hpg	APPROVED	1b76c49c-b8d7-4c10-84aa-6b2bfd1c3fbc	2026-01-25 03:03:53.44909	654bb34d-fec4-458c-94bc-2223d885a6d7	2026-01-25 03:05:07.44923	\N	Initial Vehicle Registration - HPG Clearance	Automatically sent upon vehicle registration submission	{"photos": [], "remarks": null, "stencil": null, "documents": [{"id": "a68ee8d1-d355-4118-b081-3dc897f59ade", "cid": "bafkreifxmuv6lhpf7dclr5o4ciiisza3sk7p3vdmeoztqfexfqibb5c42q", "path": "/app/backend/uploads/document-1769310232363-822146025.jpg", "type": "owner_id", "filename": "download (3).jpg"}, {"id": "dd2303d1-00ac-4ede-b45f-967ced96cc5a", "cid": "bafkreifgh6pljkt6eysbartbrja56axwcxnrjaac2twrtw6mhk4lctwqwq", "path": "/app/backend/uploads/document-1769310232193-604689196.pdf", "type": "hpg_clearance", "filename": "HPG_Clearance_HPG-2026-D56E86.pdf"}], "orCrDocId": null, "ownerName": "Joshua Ivan Latag", "autoVerify": {"completed": true, "hashCheck": {"exists": false, "source": "database"}, "completedAt": "2026-01-25T03:04:45.042Z", "completedBy": "654bb34d-fec4-458c-94bc-2223d885a6d7", "compositeHash": "0de0392654d9136d90472fdfceeb55198aeca013631f2085a66ee7d3b6097845", "preFilledData": {"engineNumber": "5VZ-CE476535", "chassisNumber": "BX0SDRHABB4GG71DE"}, "recommendation": "AUTO_APPROVE", "scoreBreakdown": {"total": 100, "dataMatch": 5, "dataExtraction": 30, "hashUniqueness": 20, "documentCompleteness": 15, "certificateAuthenticity": 30}, "confidenceScore": 100, "authenticityCheck": {"reason": "Certificate file hash matches original certificate from certificate-generator (issuer verified)", "source": "issued_certificates", "authentic": true, "matchType": "file_hash", "blockchainTxId": null, "certificateData": {"vehiclePlate": "KKT-4961", "verificationDetails": {"engine_condition": "Good", "chassis_condition": "Good"}}, "originalFileHash": "a63f9eb4aa7e26241046618a41df02f615db148002d4ed19dbcc3ab8b14ed0b4", "authenticityScore": 100, "originalVehicleVin": "BX0SDRHABB4GG71DE", "originalCertificateId": "a7b70159-3ec5-4309-a365-e6ead467a5fe", "originalCompositeHash": "b7ea6b3680b0d0b1011cc4268ec2f372941ead4165519bb1bbe94240aac4a030", "originalCertificateFound": true, "originalCertificateNumber": "HPG-2026-D56E86"}, "recommendationReason": "High confidence score. Certificate authenticated via blockchain. All checks passed. Manual physical inspection still required."}, "orCrDocCid": null, "ownerEmail": "latagjoshuaivan@gmail.com", "vehicleVin": "BX0SDRHABB4GG71DE", "verifiedAt": "2026-01-25T03:05:07.448Z", "verifiedBy": "654bb34d-fec4-458c-94bc-2223d885a6d7", "orCrDocPath": null, "vehicleMake": "Honda", "vehicleYear": 2026, "engineNumber": "5VZ-CE476535", "macroEtching": false, "ownerIdDocId": "a68ee8d1-d355-4118-b081-3dc897f59ade", "vehicleColor": "White", "vehicleModel": "City", "vehiclePlate": "KKT-4961", "chassisNumber": "BX0SDRHABB4GG71DE", "extractedData": {"vin": "BX0SDRHABB4GG71DE", "source": "vehicle_metadata", "plateNumber": "KKT-4961", "engineNumber": "5VZ-CE476535", "ocrExtracted": false, "chassisNumber": "BX0SDRHABB4GG71DE"}, "ownerIdDocCid": "bafkreifxmuv6lhpf7dclr5o4ciiisza3sk7p3vdmeoztqfexfqibb5c42q", "ownerIdDocPath": "/app/backend/uploads/document-1769310232363-822146025.jpg", "orCrDocFilename": null, "automationPhase1": {"completed": true, "completedAt": "2026-01-25T03:03:53.473Z", "databaseChecked": true}, "hpgDatabaseCheck": {"status": "CLEAN", "details": "Vehicle not found in HPG hot list", "checkedAt": "2026-01-25T03:03:53.468Z", "matchedRecords": [], "recommendation": "PROCEED"}, "hpgClearanceDocId": "dd2303d1-00ac-4ede-b45f-967ced96cc5a", "hpgClearanceDocCid": "bafkreifgh6pljkt6eysbartbrja56axwcxnrjaac2twrtw6mhk4lctwqwq", "ownerIdDocFilename": "download (3).jpg", "hpgClearanceDocPath": "/app/backend/uploads/document-1769310232193-604689196.pdf", "registrationCertDocId": null, "registrationCertDocCid": null, "hpgClearanceDocFilename": "HPG_Clearance_HPG-2026-D56E86.pdf"}	2026-01-25 03:03:53.44909	2026-01-25 03:05:07.44923	MANUAL
84e3baee-45d8-4520-9d87-7163451dc603	c23351bd-e788-4dad-9fff-d7afb25adee9	insurance	APPROVED	1b76c49c-b8d7-4c10-84aa-6b2bfd1c3fbc	2026-01-25 03:45:45.023044	73477102-f36b-448a-89d4-9dc3e93466f8	2026-01-25 03:45:45.027747	\N	Initial Vehicle Registration - Insurance Verification	Automatically sent upon vehicle registration submission	{"notes": "Auto-verified and approved. Score: 100%", "documents": [{"id": "7b4b78d4-c9d6-4687-bfeb-28be5c316f28", "cid": "bafkreiei4rfxs7c3d5zuha3ob2a7sakrbzv7tuid5w3sj6ege6hn7hewai", "path": "/app/backend/uploads/document-1769312743718-275605198.pdf", "type": "insurance_cert", "filename": "Insurance_Certificate_CTPL-2026-17JGAL.pdf"}], "ownerName": "Joshua Ivan Latag", "documentId": "7b4b78d4-c9d6-4687-bfeb-28be5c316f28", "ownerEmail": "latagjoshuaivan@gmail.com", "vehicleVin": "C591CULJ8VVZDWSAN", "verifiedAt": "2026-01-25T03:45:45.026Z", "verifiedBy": "system", "documentCid": "bafkreiei4rfxs7c3d5zuha3ob2a7sakrbzv7tuid5w3sj6ege6hn7hewai", "vehicleMake": "Hyundai", "vehicleYear": 2026, "autoVerified": true, "documentPath": "/app/backend/uploads/document-1769312743718-275605198.pdf", "documentType": "insurance_cert", "vehicleModel": "Tucson", "vehiclePlate": "NKZ-2698", "documentFilename": "Insurance_Certificate_CTPL-2026-17JGAL.pdf", "autoVerificationResult": {"basis": {"hashUnique": true, "notExpired": true, "patternValid": true}, "score": 100, "status": "APPROVED", "ocrData": {"insuranceExpiry": "25-Jan-2027", "insuranceCompany": "Details\\nCompany Name", "insurancePolicyNumber": "CTPL-2026-17JGAL"}, "automated": true, "hashCheck": {"exists": false, "source": "database"}, "confidence": 1, "patternCheck": {"valid": true, "reason": "Format matches expected pattern", "pattern": "CTPL-YYYY-XXXXXX (e.g., CTPL-2026-C9P5EX)", "confidence": 100, "normalized": "CTPL-2026-17JGAL"}, "compositeHash": "944c8848b6ab989fb2df712397e5bcf01ad82ce97386be9b679a91387e8ffa57", "blockchainTxId": null, "authenticityCheck": {"reason": "Certificate file hash matches original certificate from certificate-generator (issuer verified)", "source": "issued_certificates", "authentic": true, "matchType": "file_hash", "blockchainTxId": null, "certificateData": {"coverageType": "CTPL", "coverageAmount": "PHP 200,000 / PHP 50,000"}, "originalFileHash": "88e44b797c5b1f7343836e0e81f901510e6bf9d103edb724f886278edf9c9602", "authenticityScore": 100, "originalVehicleVin": "C591CULJ8VVZDWSAN", "originalCertificateId": "5ffc9171-6411-4999-b2dc-00e496c1dd06", "originalCompositeHash": "6f68fc59318399177403cccd912502c1ab656a2e21a21beacee98123a7df5531", "originalCertificateFound": true, "originalCertificateNumber": "CTPL-2026-17JGAL"}}}	2026-01-25 03:45:45.023044	2026-01-25 03:45:45.027747	MANUAL
ec7e5e26-98a1-4243-a65a-4e0d2dabe41e	e8949d82-01b3-49ef-af1a-9380edb2c3e4	insurance	APPROVED	1b76c49c-b8d7-4c10-84aa-6b2bfd1c3fbc	2026-01-25 03:03:53.606629	73477102-f36b-448a-89d4-9dc3e93466f8	2026-01-25 03:03:53.611953	\N	Initial Vehicle Registration - Insurance Verification	Automatically sent upon vehicle registration submission	{"notes": "Auto-verified and approved. Score: 100%", "documents": [{"id": "ff22de10-909f-40d6-9b63-01df57b68b0d", "cid": "bafkreiaauikegrhsoqd3ghyelbnwjiwn475xiho2udf25hrvkntbitbsw4", "path": "/app/backend/uploads/document-1769310232364-59805865.pdf", "type": "insurance_cert", "filename": "Insurance_Certificate_CTPL-2026-54OZ2O.pdf"}], "ownerName": "Joshua Ivan Latag", "documentId": "ff22de10-909f-40d6-9b63-01df57b68b0d", "ownerEmail": "latagjoshuaivan@gmail.com", "vehicleVin": "BX0SDRHABB4GG71DE", "verifiedAt": "2026-01-25T03:03:53.610Z", "verifiedBy": "system", "documentCid": "bafkreiaauikegrhsoqd3ghyelbnwjiwn475xiho2udf25hrvkntbitbsw4", "vehicleMake": "Honda", "vehicleYear": 2026, "autoVerified": true, "documentPath": "/app/backend/uploads/document-1769310232364-59805865.pdf", "documentType": "insurance_cert", "vehicleModel": "City", "vehiclePlate": "KKT-4961", "documentFilename": "Insurance_Certificate_CTPL-2026-54OZ2O.pdf", "autoVerificationResult": {"basis": {"hashUnique": true, "notExpired": true, "patternValid": true}, "score": 100, "status": "APPROVED", "ocrData": {"insuranceExpiry": "25-Jan-2027", "insuranceCompany": "Details\\nCompany Name", "insurancePolicyNumber": "CTPL-2026-54OZ2O"}, "automated": true, "hashCheck": {"exists": false, "source": "database"}, "confidence": 1, "patternCheck": {"valid": true, "reason": "Format matches expected pattern", "pattern": "CTPL-YYYY-XXXXXX (e.g., CTPL-2026-C9P5EX)", "confidence": 100, "normalized": "CTPL-2026-54OZ2O"}, "compositeHash": "0fb269b02aa1ba830617dd6846f6c8a7be67aa80419c279f57852c0ea538234d", "blockchainTxId": null, "authenticityCheck": {"reason": "Certificate file hash matches original certificate from certificate-generator (issuer verified)", "source": "issued_certificates", "authentic": true, "matchType": "file_hash", "blockchainTxId": null, "certificateData": {"coverageType": "CTPL", "coverageAmount": "PHP 200,000 / PHP 50,000"}, "originalFileHash": "00a2144344f27407b31f04585b64a2cde7fb741ddaa0cbae9e355366144c32b7", "authenticityScore": 100, "originalVehicleVin": "BX0SDRHABB4GG71DE", "originalCertificateId": "221541f6-9fa3-45dd-8e4f-3db13103015c", "originalCompositeHash": "db4452a158aa7dc4679cfffe224eeef73742f8d0554f0da04ec19148fcd92206", "originalCertificateFound": true, "originalCertificateNumber": "CTPL-2026-54OZ2O"}}}	2026-01-25 03:03:53.606629	2026-01-25 03:03:53.611953	MANUAL
7fea730e-f42a-497a-97cb-845410482666	8f16185b-84a1-4e4f-b3d0-b267326e02d4	hpg	APPROVED	1b76c49c-b8d7-4c10-84aa-6b2bfd1c3fbc	2026-01-25 03:17:54.832581	5eff4107-d246-4f21-b8f4-9f9e7e5b64a9	2026-01-25 03:18:56.322088	\N	Initial Vehicle Registration - HPG Clearance	Automatically sent upon vehicle registration submission	{"photos": [], "remarks": null, "stencil": null, "documents": [{"id": "3126ab5e-26cc-4dc3-bc9d-d4ae0c8d0f5e", "cid": "bafkreifxmuv6lhpf7dclr5o4ciiisza3sk7p3vdmeoztqfexfqibb5c42q", "path": "/app/backend/uploads/document-1769311073397-187084887.jpg", "type": "owner_id", "filename": "download (3).jpg"}, {"id": "c88f927f-dd27-4622-94dc-838831998548", "cid": "bafkreiaxnol5wojisoxhjfstrnp2fq27hczvcdwjo4olz7ysnanerxkzru", "path": "/app/backend/uploads/document-1769311073244-669940607.pdf", "type": "hpg_clearance", "filename": "HPG_Clearance_HPG-2026-NHL9GZ.pdf"}], "orCrDocId": null, "ownerName": "Joshua Ivan Latag", "autoVerify": {"completed": true, "hashCheck": {"exists": false, "source": "database"}, "completedAt": "2026-01-25T03:18:51.272Z", "completedBy": "654bb34d-fec4-458c-94bc-2223d885a6d7", "compositeHash": "f1280a7caf1c03f8cbae80ecad0e259f4991218568612e7aa672742fd9055c65", "preFilledData": {"engineNumber": "4GR-DE868125", "chassisNumber": "TVL7CSH7AASKK8ADX"}, "recommendation": "AUTO_APPROVE", "scoreBreakdown": {"total": 100, "dataMatch": 5, "dataExtraction": 30, "hashUniqueness": 20, "documentCompleteness": 15, "certificateAuthenticity": 30}, "confidenceScore": 100, "authenticityCheck": {"reason": "Certificate file hash matches original certificate from certificate-generator (issuer verified)", "source": "issued_certificates", "authentic": true, "matchType": "file_hash", "blockchainTxId": null, "certificateData": {"vehiclePlate": "VZL-7845", "verificationDetails": {"engine_condition": "Good", "chassis_condition": "Good"}}, "originalFileHash": "176b97db392893ae7496538b5fa2c35f38b3510ec9771cbcff12681a48dd598d", "authenticityScore": 100, "originalVehicleVin": "TVL7CSH7AASKK8ADX", "originalCertificateId": "2bc898e3-b3f1-4649-9de6-bfb809354fcd", "originalCompositeHash": "de5c087a8933936d2ac97e4925b28f3f9a5613bb1f54d7359212ac86e99f11d2", "originalCertificateFound": true, "originalCertificateNumber": "HPG-2026-NHL9GZ"}, "recommendationReason": "High confidence score. Certificate authenticated via blockchain. All checks passed. Manual physical inspection still required."}, "orCrDocCid": null, "ownerEmail": "latagjoshuaivan@gmail.com", "vehicleVin": "TVL7CSH7AASKK8ADX", "verifiedAt": "2026-01-25T03:18:56.321Z", "verifiedBy": "654bb34d-fec4-458c-94bc-2223d885a6d7", "orCrDocPath": null, "vehicleMake": "Kia", "vehicleYear": 2026, "engineNumber": "4GR-DE868125", "macroEtching": false, "ownerIdDocId": "3126ab5e-26cc-4dc3-bc9d-d4ae0c8d0f5e", "vehicleColor": "White", "vehicleModel": "Rio", "vehiclePlate": "VZL-7845", "chassisNumber": "TVL7CSH7AASKK8ADX", "extractedData": {"vin": "TVL7CSH7AASKK8ADX", "source": "vehicle_metadata", "plateNumber": "VZL-7845", "engineNumber": "4GR-DE868125", "ocrExtracted": false, "chassisNumber": "TVL7CSH7AASKK8ADX"}, "ownerIdDocCid": "bafkreifxmuv6lhpf7dclr5o4ciiisza3sk7p3vdmeoztqfexfqibb5c42q", "ownerIdDocPath": "/app/backend/uploads/document-1769311073397-187084887.jpg", "orCrDocFilename": null, "automationPhase1": {"completed": true, "completedAt": "2026-01-25T03:17:54.857Z", "databaseChecked": true}, "hpgDatabaseCheck": {"status": "CLEAN", "details": "Vehicle not found in HPG hot list", "checkedAt": "2026-01-25T03:17:54.851Z", "matchedRecords": [], "recommendation": "PROCEED"}, "hpgClearanceDocId": "c88f927f-dd27-4622-94dc-838831998548", "hpgClearanceDocCid": "bafkreiaxnol5wojisoxhjfstrnp2fq27hczvcdwjo4olz7ysnanerxkzru", "ownerIdDocFilename": "download (3).jpg", "hpgClearanceDocPath": "/app/backend/uploads/document-1769311073244-669940607.pdf", "registrationCertDocId": null, "registrationCertDocCid": null, "hpgClearanceDocFilename": "HPG_Clearance_HPG-2026-NHL9GZ.pdf"}	2026-01-25 03:17:54.832581	2026-01-25 03:18:56.322088	MANUAL
e3f3fbb3-7638-41a9-9185-481ffada3440	8f16185b-84a1-4e4f-b3d0-b267326e02d4	insurance	APPROVED	1b76c49c-b8d7-4c10-84aa-6b2bfd1c3fbc	2026-01-25 03:17:54.973748	73477102-f36b-448a-89d4-9dc3e93466f8	2026-01-25 03:17:54.978563	\N	Initial Vehicle Registration - Insurance Verification	Automatically sent upon vehicle registration submission	{"notes": "Auto-verified and approved. Score: 100%", "documents": [{"id": "fb9aaabe-cd7e-42d7-a71a-624b6a8b686d", "cid": "bafkreibk524hfbfi4mygwfzexnvtsopsm3uekmu6utlwolfu5ljqkxhwcy", "path": "/app/backend/uploads/document-1769311073387-225285048.pdf", "type": "insurance_cert", "filename": "Insurance_Certificate_CTPL-2026-0EWVYC.pdf"}], "ownerName": "Joshua Ivan Latag", "documentId": "fb9aaabe-cd7e-42d7-a71a-624b6a8b686d", "ownerEmail": "latagjoshuaivan@gmail.com", "vehicleVin": "TVL7CSH7AASKK8ADX", "verifiedAt": "2026-01-25T03:17:54.977Z", "verifiedBy": "system", "documentCid": "bafkreibk524hfbfi4mygwfzexnvtsopsm3uekmu6utlwolfu5ljqkxhwcy", "vehicleMake": "Kia", "vehicleYear": 2026, "autoVerified": true, "documentPath": "/app/backend/uploads/document-1769311073387-225285048.pdf", "documentType": "insurance_cert", "vehicleModel": "Rio", "vehiclePlate": "VZL-7845", "documentFilename": "Insurance_Certificate_CTPL-2026-0EWVYC.pdf", "autoVerificationResult": {"basis": {"hashUnique": true, "notExpired": true, "patternValid": true}, "score": 100, "status": "APPROVED", "ocrData": {"insuranceExpiry": "25-Jan-2027", "insuranceCompany": "Details\\nCompany Name", "insurancePolicyNumber": "CTPL-2026-0EWVYC"}, "automated": true, "hashCheck": {"exists": false, "source": "database"}, "confidence": 1, "patternCheck": {"valid": true, "reason": "Format matches expected pattern", "pattern": "CTPL-YYYY-XXXXXX (e.g., CTPL-2026-C9P5EX)", "confidence": 100, "normalized": "CTPL-2026-0EWVYC"}, "compositeHash": "5d6beefdeb690d4d4ec09f76718a343f6d8e934e25d7affa7de82863d49b9ba8", "blockchainTxId": null, "authenticityCheck": {"reason": "Certificate file hash matches original certificate from certificate-generator (issuer verified)", "source": "issued_certificates", "authentic": true, "matchType": "file_hash", "blockchainTxId": null, "certificateData": {"coverageType": "CTPL", "coverageAmount": "PHP 200,000 / PHP 50,000"}, "originalFileHash": "2aeeb87284a8e3306b1724bb6b3939f266e845329ea4d7672cb4ead3055cf616", "authenticityScore": 100, "originalVehicleVin": "TVL7CSH7AASKK8ADX", "originalCertificateId": "03bbdab6-ffdf-4f7b-8895-a23ee0132a13", "originalCompositeHash": "b1a433e9ee9805006dc8d404a52b5fbc0dc484b8c619867f6e6188b2e22b3baa", "originalCertificateFound": true, "originalCertificateNumber": "CTPL-2026-0EWVYC"}}}	2026-01-25 03:17:54.973748	2026-01-25 03:17:54.978563	MANUAL
\.


--
-- TOC entry 3967 (class 0 OID 16595)
-- Dependencies: 219
-- Data for Name: documents; Type: TABLE DATA; Schema: public; Owner: lto_user
--

COPY public.documents (id, vehicle_id, document_type, filename, original_name, file_path, file_size, mime_type, file_hash, uploaded_by, uploaded_at, verified, verified_at, verified_by, is_inspection_document, inspection_document_type, ipfs_cid) FROM stdin;
e0fa1f29-d275-498a-87b4-c60ab5c0ad18	2b072bb7-913e-4ea0-9347-f36ccf8d044b	hpg_clearance	document-1769273555678-353057282.pdf	HPG_Clearance_HPG-2026-DO6EYY.pdf	/app/backend/uploads/document-1769273555678-353057282.pdf	57238	application/pdf	425b477c13924442ce4f110281559cb1895a8d1edadcdc94935ea836d5643049	1b76c49c-b8d7-4c10-84aa-6b2bfd1c3fbc	2026-01-24 16:52:35.767113	f	\N	\N	f	\N	bafkreicclndxye4sirbm4tyrakavlhfrrfni2hw23tojje26va3nkzbqje
ad7338ae-5338-449c-a854-1fdecf1f968b	2b072bb7-913e-4ea0-9347-f36ccf8d044b	csr	document-1769273555742-555162006.pdf	CSR_CSR-2026-JN86NT.pdf	/app/backend/uploads/document-1769273555742-555162006.pdf	149368	application/pdf	ac8475f1631657d83cec51e1985b117102b712467595676e3940ff48f14ea2c6	1b76c49c-b8d7-4c10-84aa-6b2bfd1c3fbc	2026-01-24 16:52:35.840962	f	\N	\N	f	\N	bafkreifmqr27cyywk7mdz3cr4gmfwelrak3rertvsvtw4oka75epctvcyy
b5e027bb-8e10-45f8-a289-44bc634e0c96	2b072bb7-913e-4ea0-9347-f36ccf8d044b	sales_invoice	document-1769273555761-509711513.pdf	Sales_Invoice_INV-20260124-PKFAA9.pdf	/app/backend/uploads/document-1769273555761-509711513.pdf	104794	application/pdf	81a64554f384eda4b90d86b9459c5c4d80c3943274026f33074dd1150416c2fd	1b76c49c-b8d7-4c10-84aa-6b2bfd1c3fbc	2026-01-24 16:52:35.899768	f	\N	\N	f	\N	bafkreiebuzcvj44e5wslsdmgxfczyxcnqdbzimtuajxtgb2n2ekqifwc7u
23de4345-7dbf-4a66-8bac-7da1d452c190	2b072bb7-913e-4ea0-9347-f36ccf8d044b	insurance_cert	document-1769273555830-106792479.pdf	Insurance_Certificate_CTPL-2026-IQR4QU.pdf	/app/backend/uploads/document-1769273555830-106792479.pdf	68946	application/pdf	2bc461b07240a444c98a09c4a1ce7f1fe748d83b82f3bc7e8b7cf8bc38b05b95	1b76c49c-b8d7-4c10-84aa-6b2bfd1c3fbc	2026-01-24 16:52:35.912235	f	\N	\N	f	\N	bafkreiblyrq3a4saurcmtcqjysq447y745enqo4c6o6h5c347c6drmc3su
fa3d7a70-4213-4656-80aa-35a0c61ad173	2b072bb7-913e-4ea0-9347-f36ccf8d044b	owner_id	document-1769273555832-506991773.jpg	download (3).jpg	/app/backend/uploads/document-1769273555832-506991773.jpg	88117	image/jpeg	b7652be59de5f8c4b8f5dc121089641b92befdd46c23b33814972c1010f45cd4	1b76c49c-b8d7-4c10-84aa-6b2bfd1c3fbc	2026-01-24 16:52:36.000759	f	\N	\N	f	\N	bafkreifxmuv6lhpf7dclr5o4ciiisza3sk7p3vdmeoztqfexfqibb5c42q
e4cd9252-54dc-45f3-a45e-4e4b0b81fad5	\N	hpg_clearance	document-1769276541637-380952222.pdf	HPG_Clearance_HPG-2026-EF95HY.pdf	/app/backend/uploads/document-1769276541637-380952222.pdf	57537	application/pdf	fa67d93be2a40f0dd32d94410ed4fd353708c2e18c66931b0f3d75c3b354a4bf	\N	2026-01-24 17:42:21.757924	f	\N	\N	f	\N	bafkreih2m7mtxyveb4g5glmuiehnj7jvg4emfymmm2jrwdz5oxb3gvfex4
588a7c02-1c62-4671-9e00-6d2a0ece87da	\N	csr	document-1769276541720-157773491.pdf	CSR_CSR-2026-IHE9HV.pdf	/app/backend/uploads/document-1769276541720-157773491.pdf	150292	application/pdf	5a1b334097b26b85866290424ee9db7e57b6697c87a0efecc319b8e5d0d39285	\N	2026-01-24 17:42:21.860703	f	\N	\N	f	\N	bafkreic2dmzubf5snocymyuqijhotw36k63gs7ehudx6zqyzxds5bu4squ
041b5aee-6b3a-41be-80f6-48bafb87ce71	\N	insurance_cert	document-1769276541800-446597668.pdf	Insurance_Certificate_CTPL-2026-P3NQ6U.pdf	/app/backend/uploads/document-1769276541800-446597668.pdf	70337	application/pdf	d80f38e4ed6d260f070e8f1db8504d7a66968e92d9437f409138532de6b0587c	\N	2026-01-24 17:42:21.923884	f	\N	\N	f	\N	bafkreigyb44oj3lneyhqodupdw4fatl2m2li5ewzin7ubejykmw6nmcypq
4a739035-68d5-4629-bc93-89db9f2732ce	\N	owner_id	document-1769276541807-71398950.jpg	download (3).jpg	/app/backend/uploads/document-1769276541807-71398950.jpg	88117	image/jpeg	b7652be59de5f8c4b8f5dc121089641b92befdd46c23b33814972c1010f45cd4	\N	2026-01-24 17:42:22.097292	f	\N	\N	f	\N	bafkreifxmuv6lhpf7dclr5o4ciiisza3sk7p3vdmeoztqfexfqibb5c42q
178b24f4-82bb-407c-902e-4179730a1e01	\N	sales_invoice	document-1769276541805-678183586.pdf	Sales_Invoice_INV-20260124-0VZ6PX.pdf	/app/backend/uploads/document-1769276541805-678183586.pdf	104635	application/pdf	b65e0401b13e4e6d3efc150122f12daef2e85adefaea96906257820c58d97ac2	\N	2026-01-24 17:42:22.204504	f	\N	\N	f	\N	bafkreifwlycadmj6jzwt57avaerpclno6lufvxx25kljaysxqigfrwl2yi
76a50fe5-7f9f-4a12-ba1f-ae431f78e47a	\N	hpg_clearance	document-1769276961039-410041691.pdf	HPG_Clearance_HPG-2026-EF95HY.pdf	/app/backend/uploads/document-1769276961039-410041691.pdf	57537	application/pdf	fa67d93be2a40f0dd32d94410ed4fd353708c2e18c66931b0f3d75c3b354a4bf	\N	2026-01-24 17:49:21.115743	f	\N	\N	f	\N	bafkreih2m7mtxyveb4g5glmuiehnj7jvg4emfymmm2jrwdz5oxb3gvfex4
b30d4b60-4d64-4adb-93f7-fc7236ed6f19	\N	insurance_cert	document-1769276961103-132411907.pdf	Insurance_Certificate_CTPL-2026-P3NQ6U.pdf	/app/backend/uploads/document-1769276961103-132411907.pdf	70337	application/pdf	d80f38e4ed6d260f070e8f1db8504d7a66968e92d9437f409138532de6b0587c	\N	2026-01-24 17:49:21.228764	f	\N	\N	f	\N	bafkreigyb44oj3lneyhqodupdw4fatl2m2li5ewzin7ubejykmw6nmcypq
6124e2cb-4f5f-426a-a574-17cbd46d2341	\N	csr	document-1769276961102-718647941.pdf	CSR_CSR-2026-IHE9HV.pdf	/app/backend/uploads/document-1769276961102-718647941.pdf	150292	application/pdf	5a1b334097b26b85866290424ee9db7e57b6697c87a0efecc319b8e5d0d39285	\N	2026-01-24 17:49:21.246061	f	\N	\N	f	\N	bafkreic2dmzubf5snocymyuqijhotw36k63gs7ehudx6zqyzxds5bu4squ
dadea97e-8540-49ef-ae07-dae0e9db6263	\N	owner_id	document-1769276961117-427906511.jpg	download (3).jpg	/app/backend/uploads/document-1769276961117-427906511.jpg	88117	image/jpeg	b7652be59de5f8c4b8f5dc121089641b92befdd46c23b33814972c1010f45cd4	\N	2026-01-24 17:49:21.248975	f	\N	\N	f	\N	bafkreifxmuv6lhpf7dclr5o4ciiisza3sk7p3vdmeoztqfexfqibb5c42q
7047e2c6-e019-4f4e-84c2-00c870f762c2	\N	sales_invoice	document-1769276961195-69691930.pdf	Sales_Invoice_INV-20260124-0VZ6PX.pdf	/app/backend/uploads/document-1769276961195-69691930.pdf	104635	application/pdf	b65e0401b13e4e6d3efc150122f12daef2e85adefaea96906257820c58d97ac2	\N	2026-01-24 17:49:21.307988	f	\N	\N	f	\N	bafkreifwlycadmj6jzwt57avaerpclno6lufvxx25kljaysxqigfrwl2yi
ceb4ca02-9113-4e51-9429-dbb19cc1d99b	\N	hpg_clearance	document-1769277114565-99675270.pdf	HPG_Clearance_HPG-2026-EF95HY.pdf	/app/backend/uploads/document-1769277114565-99675270.pdf	57537	application/pdf	fa67d93be2a40f0dd32d94410ed4fd353708c2e18c66931b0f3d75c3b354a4bf	\N	2026-01-24 17:51:54.706609	f	\N	\N	f	\N	bafkreih2m7mtxyveb4g5glmuiehnj7jvg4emfymmm2jrwdz5oxb3gvfex4
01ac851b-a152-4114-ac87-a97a68a4a621	\N	csr	document-1769277114676-329622368.pdf	CSR_CSR-2026-IHE9HV.pdf	/app/backend/uploads/document-1769277114676-329622368.pdf	150292	application/pdf	5a1b334097b26b85866290424ee9db7e57b6697c87a0efecc319b8e5d0d39285	\N	2026-01-24 17:51:54.817786	f	\N	\N	f	\N	bafkreic2dmzubf5snocymyuqijhotw36k63gs7ehudx6zqyzxds5bu4squ
849ce809-478f-4afb-adc5-bc4ba6c7818a	\N	owner_id	document-1769277114841-41272696.jpg	download (3).jpg	/app/backend/uploads/document-1769277114841-41272696.jpg	88117	image/jpeg	b7652be59de5f8c4b8f5dc121089641b92befdd46c23b33814972c1010f45cd4	\N	2026-01-24 17:51:54.909068	f	\N	\N	f	\N	bafkreifxmuv6lhpf7dclr5o4ciiisza3sk7p3vdmeoztqfexfqibb5c42q
08c2a531-4189-4508-ba6b-b098aa011c71	\N	sales_invoice	document-1769277114839-614249172.pdf	Sales_Invoice_INV-20260124-0VZ6PX.pdf	/app/backend/uploads/document-1769277114839-614249172.pdf	104635	application/pdf	b65e0401b13e4e6d3efc150122f12daef2e85adefaea96906257820c58d97ac2	\N	2026-01-24 17:51:55.006036	f	\N	\N	f	\N	bafkreifwlycadmj6jzwt57avaerpclno6lufvxx25kljaysxqigfrwl2yi
8a264408-12f0-42c7-a100-b189fac404e5	\N	insurance_cert	document-1769277114854-515164146.pdf	Insurance_Certificate_CTPL-2026-P3NQ6U.pdf	/app/backend/uploads/document-1769277114854-515164146.pdf	70337	application/pdf	d80f38e4ed6d260f070e8f1db8504d7a66968e92d9437f409138532de6b0587c	\N	2026-01-24 17:51:55.10909	f	\N	\N	f	\N	bafkreigyb44oj3lneyhqodupdw4fatl2m2li5ewzin7ubejykmw6nmcypq
607fa392-054f-4c19-8f03-5fe9ffe5cc6e	0f9d0224-8f13-4c9f-ba41-f23d0c10506e	insurance_cert	document-1769277409274-79279697.pdf	Insurance_Certificate_CTPL-2026-P3NQ6U.pdf	/app/backend/uploads/document-1769277409274-79279697.pdf	70337	application/pdf	d80f38e4ed6d260f070e8f1db8504d7a66968e92d9437f409138532de6b0587c	1b76c49c-b8d7-4c10-84aa-6b2bfd1c3fbc	2026-01-24 17:56:49.45627	f	\N	\N	f	\N	bafkreigyb44oj3lneyhqodupdw4fatl2m2li5ewzin7ubejykmw6nmcypq
71cf692f-43f4-4c12-b2fd-3dd8add406d9	0f9d0224-8f13-4c9f-ba41-f23d0c10506e	hpg_clearance	document-1769277409337-100025145.pdf	HPG_Clearance_HPG-2026-EF95HY.pdf	/app/backend/uploads/document-1769277409337-100025145.pdf	57537	application/pdf	fa67d93be2a40f0dd32d94410ed4fd353708c2e18c66931b0f3d75c3b354a4bf	1b76c49c-b8d7-4c10-84aa-6b2bfd1c3fbc	2026-01-24 17:56:49.511882	f	\N	\N	f	\N	bafkreih2m7mtxyveb4g5glmuiehnj7jvg4emfymmm2jrwdz5oxb3gvfex4
e7fbc179-941f-4ba0-b7d0-9026c39e3ed2	0f9d0224-8f13-4c9f-ba41-f23d0c10506e	csr	document-1769277409371-648543557.pdf	CSR_CSR-2026-IHE9HV.pdf	/app/backend/uploads/document-1769277409371-648543557.pdf	150292	application/pdf	5a1b334097b26b85866290424ee9db7e57b6697c87a0efecc319b8e5d0d39285	1b76c49c-b8d7-4c10-84aa-6b2bfd1c3fbc	2026-01-24 17:56:49.555117	f	\N	\N	f	\N	bafkreic2dmzubf5snocymyuqijhotw36k63gs7ehudx6zqyzxds5bu4squ
3346cb22-2846-4862-b6ec-cb41c385f950	0f9d0224-8f13-4c9f-ba41-f23d0c10506e	owner_id	document-1769277409481-423935907.jpg	download (3).jpg	/app/backend/uploads/document-1769277409481-423935907.jpg	88117	image/jpeg	b7652be59de5f8c4b8f5dc121089641b92befdd46c23b33814972c1010f45cd4	1b76c49c-b8d7-4c10-84aa-6b2bfd1c3fbc	2026-01-24 17:56:49.615157	f	\N	\N	f	\N	bafkreifxmuv6lhpf7dclr5o4ciiisza3sk7p3vdmeoztqfexfqibb5c42q
f0ecea95-45a2-4be3-a841-9200e9357aea	0f9d0224-8f13-4c9f-ba41-f23d0c10506e	sales_invoice	document-1769277409493-213935926.pdf	Sales_Invoice_INV-20260124-0VZ6PX.pdf	/app/backend/uploads/document-1769277409493-213935926.pdf	104635	application/pdf	b65e0401b13e4e6d3efc150122f12daef2e85adefaea96906257820c58d97ac2	1b76c49c-b8d7-4c10-84aa-6b2bfd1c3fbc	2026-01-24 17:56:49.702391	f	\N	\N	f	\N	bafkreifwlycadmj6jzwt57avaerpclno6lufvxx25kljaysxqigfrwl2yi
a4206d28-c907-48a2-8378-bdf39715453d	\N	hpg_clearance	document-1769278613964-918669019.pdf	HPG_Clearance_HPG-2026-DO6EYY.pdf	/app/backend/uploads/document-1769278613964-918669019.pdf	57238	application/pdf	425b477c13924442ce4f110281559cb1895a8d1edadcdc94935ea836d5643049	\N	2026-01-24 18:16:54.055205	f	\N	\N	f	\N	bafkreicclndxye4sirbm4tyrakavlhfrrfni2hw23tojje26va3nkzbqje
7dd937ca-5c49-4def-b602-4d42bc2193be	\N	sales_invoice	document-1769278614046-181808743.pdf	Sales_Invoice_INV-20260124-PKFAA9.pdf	/app/backend/uploads/document-1769278614046-181808743.pdf	104794	application/pdf	81a64554f384eda4b90d86b9459c5c4d80c3943274026f33074dd1150416c2fd	\N	2026-01-24 18:16:54.136345	f	\N	\N	f	\N	bafkreiebuzcvj44e5wslsdmgxfczyxcnqdbzimtuajxtgb2n2ekqifwc7u
6d99b1c7-af99-47a0-ae5d-47a65b1d40b5	\N	csr	document-1769278614020-265948907.pdf	CSR_CSR-2026-JN86NT.pdf	/app/backend/uploads/document-1769278614020-265948907.pdf	149368	application/pdf	ac8475f1631657d83cec51e1985b117102b712467595676e3940ff48f14ea2c6	\N	2026-01-24 18:16:54.191785	f	\N	\N	f	\N	bafkreifmqr27cyywk7mdz3cr4gmfwelrak3rertvsvtw4oka75epctvcyy
704e6ec0-ffca-4c27-83ff-1f9bf4184e27	\N	owner_id	document-1769278614151-960145984.jpg	download (3).jpg	/app/backend/uploads/document-1769278614151-960145984.jpg	88117	image/jpeg	b7652be59de5f8c4b8f5dc121089641b92befdd46c23b33814972c1010f45cd4	\N	2026-01-24 18:16:54.19655	f	\N	\N	f	\N	bafkreifxmuv6lhpf7dclr5o4ciiisza3sk7p3vdmeoztqfexfqibb5c42q
80f7a02d-827c-4205-9e89-82bf878bcf87	\N	insurance_cert	document-1769278614154-440638107.pdf	Insurance_Certificate_CTPL-2026-IQR4QU.pdf	/app/backend/uploads/document-1769278614154-440638107.pdf	68946	application/pdf	2bc461b07240a444c98a09c4a1ce7f1fe748d83b82f3bc7e8b7cf8bc38b05b95	\N	2026-01-24 18:16:54.213034	f	\N	\N	f	\N	bafkreiblyrq3a4saurcmtcqjysq447y745enqo4c6o6h5c347c6drmc3su
14710582-fce2-4be5-9162-26e08cbe4d93	e302a557-2f17-4c3d-9630-f859b8404327	hpg_clearance	document-1769279273847-858662969.pdf	HPG_Clearance_HPG-2026-YGAJX8.pdf	/app/backend/uploads/document-1769279273847-858662969.pdf	56735	application/pdf	63529e9a634c1f72b033c0794d0811287d918891418c7fffcfcf8051c6fbb6dc	1b76c49c-b8d7-4c10-84aa-6b2bfd1c3fbc	2026-01-24 18:27:53.945582	f	\N	\N	f	\N	bafkreiddkkpjuy2md5zlam6apfgqqejipwiyrekbrr777t6pqbi4n65w3q
fc35ff25-e2da-45c3-856e-01cac71b37f2	e302a557-2f17-4c3d-9630-f859b8404327	sales_invoice	document-1769279273918-253102541.pdf	Sales_Invoice_INV-20260124-GVHOV5.pdf	/app/backend/uploads/document-1769279273918-253102541.pdf	104033	application/pdf	77906a6193cb2bb1459d1bb8a9b83c5fb9b16547898cadbcb1e2cf54036657fa	1b76c49c-b8d7-4c10-84aa-6b2bfd1c3fbc	2026-01-24 18:27:54.039899	f	\N	\N	f	\N	bafkreidxsbvgde6lfoyulhi3xcu3qpc7xgywkr4jrsw3zmpcz5kagzsx7i
fcf9dc2d-1db0-4f7f-beb3-7e0c5fb8c8b5	e302a557-2f17-4c3d-9630-f859b8404327	csr	document-1769279273886-607354682.pdf	CSR_CSR-2026-VKJ8KB.pdf	/app/backend/uploads/document-1769279273886-607354682.pdf	149281	application/pdf	05c2a8b415b9a0a302b206a4f089debfa7849dc80819ec628fda86ddd687b4c9	1b76c49c-b8d7-4c10-84aa-6b2bfd1c3fbc	2026-01-24 18:27:54.041734	f	\N	\N	f	\N	bafkreiafykulifnzucrqfmqgutyitxv7u6cj3saidhwgfd62q3o5nb5uze
3a15de3f-b9ca-41c9-b932-90be648ef686	e302a557-2f17-4c3d-9630-f859b8404327	owner_id	document-1769279273971-542114240.jpg	download (3).jpg	/app/backend/uploads/document-1769279273971-542114240.jpg	88117	image/jpeg	b7652be59de5f8c4b8f5dc121089641b92befdd46c23b33814972c1010f45cd4	1b76c49c-b8d7-4c10-84aa-6b2bfd1c3fbc	2026-01-24 18:27:54.214165	f	\N	\N	f	\N	bafkreifxmuv6lhpf7dclr5o4ciiisza3sk7p3vdmeoztqfexfqibb5c42q
7e6351fa-7836-4c0d-8f18-2ea61a168455	e302a557-2f17-4c3d-9630-f859b8404327	insurance_cert	document-1769279273967-229167351.pdf	Insurance_Certificate_CTPL-2026-CGYUF2.pdf	/app/backend/uploads/document-1769279273967-229167351.pdf	70089	application/pdf	ef13a8707bf4b3cf1dcd0f73b7e90c738765179b54bcfd77ae350cf7f7107c73	1b76c49c-b8d7-4c10-84aa-6b2bfd1c3fbc	2026-01-24 18:27:54.314758	f	\N	\N	f	\N	bafkreihpcouha67uwphr3tipoo36sddtq5srpg2uxt6xplrvbt37oed4om
f2c14a7f-fa02-4434-af10-7124fa7c624a	858a20ac-2371-40ee-95b0-8f54bdc06db3	hpg_clearance	document-1769280254692-479549361.pdf	HPG_Clearance_HPG-2026-UF3UX4.pdf	/app/backend/uploads/document-1769280254692-479549361.pdf	56955	application/pdf	57a6721d08dc5b830bd1153b6107c90ba23a77b878fc4090d34a4816b6c77346	1b76c49c-b8d7-4c10-84aa-6b2bfd1c3fbc	2026-01-24 18:44:14.839977	f	\N	\N	f	\N	bafkreicxuzzb2cg4lobqxuivhnqqpsilui5hpody7rajbu2kjallnr3tiy
b40abda9-df88-4ba0-8659-01e05b4bf9d1	858a20ac-2371-40ee-95b0-8f54bdc06db3	csr	document-1769280254741-221263801.pdf	CSR_CSR-2026-PW1DUZ.pdf	/app/backend/uploads/document-1769280254741-221263801.pdf	149500	application/pdf	9497ff73cdc5489e07fd927ea05ef08bc784097d78fe8d6326953a02d83a5449	1b76c49c-b8d7-4c10-84aa-6b2bfd1c3fbc	2026-01-24 18:44:14.934669	f	\N	\N	f	\N	bafkreieus77xhtofjcpap7msp2qf54ely6cas7ly72gwgjuvhibnqosuje
c212d8d0-87da-4b3b-8d56-4b931b226ec7	858a20ac-2371-40ee-95b0-8f54bdc06db3	owner_id	document-1769280254751-804250307.jpg	download (3).jpg	/app/backend/uploads/document-1769280254751-804250307.jpg	88117	image/jpeg	b7652be59de5f8c4b8f5dc121089641b92befdd46c23b33814972c1010f45cd4	1b76c49c-b8d7-4c10-84aa-6b2bfd1c3fbc	2026-01-24 18:44:15.404077	f	\N	\N	f	\N	bafkreifxmuv6lhpf7dclr5o4ciiisza3sk7p3vdmeoztqfexfqibb5c42q
59072c45-2f26-406c-b340-ca410ec7ab29	858a20ac-2371-40ee-95b0-8f54bdc06db3	insurance_cert	document-1769280254912-412105518.pdf	Insurance_Certificate_CTPL-2026-8TVPD4.pdf	/app/backend/uploads/document-1769280254912-412105518.pdf	68200	application/pdf	6bbdc2b4ef1f1a2f34d4542502997e271d7ec2f2da9610f2122b5365b271ed32	1b76c49c-b8d7-4c10-84aa-6b2bfd1c3fbc	2026-01-24 18:44:15.499432	f	\N	\N	f	\N	bafkreidlxxblj3y7dixtjvcueubjs7rhdv7mf4w2syipeerlkns3e4pngi
e70aec71-dd66-42d3-8061-bacfe2f0c384	858a20ac-2371-40ee-95b0-8f54bdc06db3	sales_invoice	document-1769280254910-209265710.pdf	Sales_Invoice_INV-20260124-R2Z1GZ.pdf	/app/backend/uploads/document-1769280254910-209265710.pdf	104527	application/pdf	0c2088563016598c038698af4bb382d2c4bdef6479388deae4f7433cac5216a3	1b76c49c-b8d7-4c10-84aa-6b2bfd1c3fbc	2026-01-24 18:44:15.614265	f	\N	\N	f	\N	bafkreiamecefmmawlggahbuyv5f3hawsys666zdzhcg6vzhxim6kyuqwum
872dbaa8-6444-4058-887e-476708e61259	f0350d21-a03c-465f-a536-6d8038b4c100	insurance_cert	document-1769281019559-490683150.pdf	Insurance_Certificate_CTPL-2026-583PRU.pdf	/app/backend/uploads/document-1769281019559-490683150.pdf	68712	application/pdf	b99186a123a2e0948c369ccc29fbb2a23608996372687a15c80d9b1c4bb886ba	1b76c49c-b8d7-4c10-84aa-6b2bfd1c3fbc	2026-01-24 18:56:59.701141	f	\N	\N	f	\N	bafkreifzsgdkci5c4ckiynu4zqu7xmvcgyejsy3snb5blsantmoexoegxi
dd1af224-3f76-4fb6-8aef-92a0a9216929	f0350d21-a03c-465f-a536-6d8038b4c100	owner_id	document-1769281019622-687243055.jpg	download (3).jpg	/app/backend/uploads/document-1769281019622-687243055.jpg	88117	image/jpeg	b7652be59de5f8c4b8f5dc121089641b92befdd46c23b33814972c1010f45cd4	1b76c49c-b8d7-4c10-84aa-6b2bfd1c3fbc	2026-01-24 18:56:59.761874	f	\N	\N	f	\N	bafkreifxmuv6lhpf7dclr5o4ciiisza3sk7p3vdmeoztqfexfqibb5c42q
77755c1b-343a-404c-9965-307533bb8cce	f0350d21-a03c-465f-a536-6d8038b4c100	sales_invoice	document-1769281019759-280604324.pdf	Sales_Invoice_INV-20260124-K7KK45.pdf	/app/backend/uploads/document-1769281019759-280604324.pdf	103965	application/pdf	f11b9408d2b14d227e8815341c4cc4fe8da1bebf076155fab09da09b3b63523d	1b76c49c-b8d7-4c10-84aa-6b2bfd1c3fbc	2026-01-24 18:56:59.826146	f	\N	\N	f	\N	bafkreihrdokaruvrjurh5cavgqoezrh6rwq35pyhmfk7vme5ucntwy2shu
3c6a3cf0-8ba4-4bea-821f-2572e342dc16	f0350d21-a03c-465f-a536-6d8038b4c100	csr	document-1769281019728-297759267.pdf	CSR_CSR-2026-ZA90P5.pdf	/app/backend/uploads/document-1769281019728-297759267.pdf	148788	application/pdf	d3cff1fdef08eb4e62c5e76e77818d01a9f100a552fd394adb7ac459ca6aca9a	1b76c49c-b8d7-4c10-84aa-6b2bfd1c3fbc	2026-01-24 18:57:00.018193	f	\N	\N	f	\N	bafkreigtz7y733yi5nhgfrphnz3yddibvhyqbjks7u4uvw32yrm4u2wkti
00e57665-ee91-43ff-8437-919d13629f9a	f0350d21-a03c-465f-a536-6d8038b4c100	hpg_clearance	document-1769281019733-883163292.pdf	HPG_Clearance_HPG-2026-FSVWKD.pdf	/app/backend/uploads/document-1769281019733-883163292.pdf	56569	application/pdf	3ef83a227f27e47301078d3ccaf6a2a4f28938a34ae7022fa193e9357118bb93	1b76c49c-b8d7-4c10-84aa-6b2bfd1c3fbc	2026-01-24 18:57:00.137143	f	\N	\N	f	\N	bafkreib67a5ce7zh4rzqcb4nhtfpnive6ketri2k44bc7imt5e2xcgf3sm
8289f146-e47d-4bfb-85ce-da8b4971c193	6dd179cd-2f50-4833-82ed-003f34fa817d	hpg_clearance	document-1769282345848-755618587.pdf	HPG_Clearance_HPG-2026-179TCA.pdf	/app/backend/uploads/document-1769282345848-755618587.pdf	57239	application/pdf	c7f9d56a3de1debc290d47b31f1823b7c49bd5b9a9214bf452342bb602512849	1b76c49c-b8d7-4c10-84aa-6b2bfd1c3fbc	2026-01-24 19:19:05.994387	f	\N	\N	f	\N	bafkreigh7hkwuppb326csdkhwmprqi5xysn5lonjeff7iurufo3aeujije
fc24db5a-7b21-43ca-81b7-6e987c26fa18	6dd179cd-2f50-4833-82ed-003f34fa817d	csr	document-1769282345907-381277875.pdf	CSR_CSR-2026-4815R0.pdf	/app/backend/uploads/document-1769282345907-381277875.pdf	148531	application/pdf	d5a23a278ecc2313318a87e9499b683a32c35c2b8af76a7bf74f64f93d20af51	1b76c49c-b8d7-4c10-84aa-6b2bfd1c3fbc	2026-01-24 19:19:06.033456	f	\N	\N	f	\N	bafkreigvui5cpdwmemjtdcuh5fezw2b2glbvyk4k65vhx52pmt4t2ifpke
a30ed4d5-a0c1-4b31-b4e5-b21b6834a8ac	6dd179cd-2f50-4833-82ed-003f34fa817d	owner_id	document-1769282345920-890960249.jpg	download (3).jpg	/app/backend/uploads/document-1769282345920-890960249.jpg	88117	image/jpeg	b7652be59de5f8c4b8f5dc121089641b92befdd46c23b33814972c1010f45cd4	1b76c49c-b8d7-4c10-84aa-6b2bfd1c3fbc	2026-01-24 19:19:06.10512	f	\N	\N	f	\N	bafkreifxmuv6lhpf7dclr5o4ciiisza3sk7p3vdmeoztqfexfqibb5c42q
74739c13-c803-465f-98ee-471e3b0db8e2	6dd179cd-2f50-4833-82ed-003f34fa817d	sales_invoice	document-1769282346062-731956710.pdf	Sales_Invoice_INV-20260124-Z6H3TS.pdf	/app/backend/uploads/document-1769282346062-731956710.pdf	104567	application/pdf	8961b1f0d187c2b28a8e58e62d43de6eecbf939af9c40a5222a49a27b6dffa0b	1b76c49c-b8d7-4c10-84aa-6b2bfd1c3fbc	2026-01-24 19:19:06.212755	f	\N	\N	f	\N	bafkreiejmgy7bumhykzivdsy4ywuhxto5s7zhgxzyqffeivetit3nx72bm
f68a8a3d-5cc9-4d19-9788-7dcbb56c1c7c	6dd179cd-2f50-4833-82ed-003f34fa817d	insurance_cert	document-1769282346028-43989520.pdf	Insurance_Certificate_CTPL-2026-JTMM87.pdf	/app/backend/uploads/document-1769282346028-43989520.pdf	68833	application/pdf	6346fc47b3c259dceb06e298687603e17ac21a7409d68a61ac428e94da91a85b	1b76c49c-b8d7-4c10-84aa-6b2bfd1c3fbc	2026-01-24 19:19:06.307045	f	\N	\N	f	\N	bafkreiddi36epm6clhoowbxctbuhma7bplbbu5aj22fgdlccr2knvenilm
dd2303d1-00ac-4ede-b45f-967ced96cc5a	e8949d82-01b3-49ef-af1a-9380edb2c3e4	hpg_clearance	document-1769310232193-604689196.pdf	HPG_Clearance_HPG-2026-D56E86.pdf	/app/backend/uploads/document-1769310232193-604689196.pdf	57205	application/pdf	a63f9eb4aa7e26241046618a41df02f615db148002d4ed19dbcc3ab8b14ed0b4	1b76c49c-b8d7-4c10-84aa-6b2bfd1c3fbc	2026-01-25 03:03:52.292441	f	\N	\N	f	\N	bafkreifgh6pljkt6eysbartbrja56axwcxnrjaac2twrtw6mhk4lctwqwq
210d729d-0637-47d3-82b7-083702c90851	e8949d82-01b3-49ef-af1a-9380edb2c3e4	sales_invoice	document-1769310232286-264384713.pdf	Sales_Invoice_INV-20260125-I56D4L.pdf	/app/backend/uploads/document-1769310232286-264384713.pdf	104639	application/pdf	1faa91a3ce6f229a3b4f3a191c8228484b40f72efa3b435ec18c668a30cec06b	1b76c49c-b8d7-4c10-84aa-6b2bfd1c3fbc	2026-01-25 03:03:52.378045	f	\N	\N	f	\N	bafkreia7vki2httpekndwtz2deoiekcijnapolx2hnbv5qmmm2fdbtwanm
e6a806b3-ee4b-4ddf-8f9c-d18a760129b2	e8949d82-01b3-49ef-af1a-9380edb2c3e4	csr	document-1769310232267-871680741.pdf	CSR_CSR-2026-2FPJAE.pdf	/app/backend/uploads/document-1769310232267-871680741.pdf	149149	application/pdf	db88abcc23d2a3c26f63365fe4acecdd0f859b789ce0969766f3e47611ff2073	1b76c49c-b8d7-4c10-84aa-6b2bfd1c3fbc	2026-01-25 03:03:52.446976	f	\N	\N	f	\N	bafkreig3rcv4yi6supbg6yzwl7skz3g5b6czw6e44cljozxt4r3bd7zaom
ff22de10-909f-40d6-9b63-01df57b68b0d	e8949d82-01b3-49ef-af1a-9380edb2c3e4	insurance_cert	document-1769310232364-59805865.pdf	Insurance_Certificate_CTPL-2026-54OZ2O.pdf	/app/backend/uploads/document-1769310232364-59805865.pdf	69058	application/pdf	00a2144344f27407b31f04585b64a2cde7fb741ddaa0cbae9e355366144c32b7	1b76c49c-b8d7-4c10-84aa-6b2bfd1c3fbc	2026-01-25 03:03:52.654126	f	\N	\N	f	\N	bafkreiaauikegrhsoqd3ghyelbnwjiwn475xiho2udf25hrvkntbitbsw4
a68ee8d1-d355-4118-b081-3dc897f59ade	e8949d82-01b3-49ef-af1a-9380edb2c3e4	owner_id	document-1769310232363-822146025.jpg	download (3).jpg	/app/backend/uploads/document-1769310232363-822146025.jpg	88117	image/jpeg	b7652be59de5f8c4b8f5dc121089641b92befdd46c23b33814972c1010f45cd4	1b76c49c-b8d7-4c10-84aa-6b2bfd1c3fbc	2026-01-25 03:03:52.693167	f	\N	\N	f	\N	bafkreifxmuv6lhpf7dclr5o4ciiisza3sk7p3vdmeoztqfexfqibb5c42q
c88f927f-dd27-4622-94dc-838831998548	8f16185b-84a1-4e4f-b3d0-b267326e02d4	hpg_clearance	document-1769311073244-669940607.pdf	HPG_Clearance_HPG-2026-NHL9GZ.pdf	/app/backend/uploads/document-1769311073244-669940607.pdf	56589	application/pdf	176b97db392893ae7496538b5fa2c35f38b3510ec9771cbcff12681a48dd598d	1b76c49c-b8d7-4c10-84aa-6b2bfd1c3fbc	2026-01-25 03:17:53.342682	f	\N	\N	f	\N	bafkreiaxnol5wojisoxhjfstrnp2fq27hczvcdwjo4olz7ysnanerxkzru
96f25522-f0b2-4021-93a6-9e829b44e68e	8f16185b-84a1-4e4f-b3d0-b267326e02d4	sales_invoice	document-1769311073335-817155089.pdf	Sales_Invoice_INV-20260125-OYV3KH.pdf	/app/backend/uploads/document-1769311073335-817155089.pdf	104886	application/pdf	4f074414adc6c16397c1799b8ffca2f4340d50da6e36b40583abbed30bbaf548	1b76c49c-b8d7-4c10-84aa-6b2bfd1c3fbc	2026-01-25 03:17:53.445524	f	\N	\N	f	\N	bafkreicpa5cbjlogyfrzpqlztoh7zixugqgvbwtog22ala5lx3jqxoxvja
2bb538b6-fed2-45b3-8397-b24be51880d0	8f16185b-84a1-4e4f-b3d0-b267326e02d4	csr	document-1769311073317-447052002.pdf	CSR_CSR-2026-A6WOI6.pdf	/app/backend/uploads/document-1769311073317-447052002.pdf	148076	application/pdf	cf4681103694c9f24abcd2bea1daaad332533cc8f1bbe948a8f95747d1352ac7	1b76c49c-b8d7-4c10-84aa-6b2bfd1c3fbc	2026-01-25 03:17:53.449777	f	\N	\N	f	\N	bafkreigpi2aranuuzhzevpgsx2q5vkwtgjjtzshrxpuurkhzk5d5cnjky4
3126ab5e-26cc-4dc3-bc9d-d4ae0c8d0f5e	8f16185b-84a1-4e4f-b3d0-b267326e02d4	owner_id	document-1769311073397-187084887.jpg	download (3).jpg	/app/backend/uploads/document-1769311073397-187084887.jpg	88117	image/jpeg	b7652be59de5f8c4b8f5dc121089641b92befdd46c23b33814972c1010f45cd4	1b76c49c-b8d7-4c10-84aa-6b2bfd1c3fbc	2026-01-25 03:17:53.536448	f	\N	\N	f	\N	bafkreifxmuv6lhpf7dclr5o4ciiisza3sk7p3vdmeoztqfexfqibb5c42q
fb9aaabe-cd7e-42d7-a71a-624b6a8b686d	8f16185b-84a1-4e4f-b3d0-b267326e02d4	insurance_cert	document-1769311073387-225285048.pdf	Insurance_Certificate_CTPL-2026-0EWVYC.pdf	/app/backend/uploads/document-1769311073387-225285048.pdf	69459	application/pdf	2aeeb87284a8e3306b1724bb6b3939f266e845329ea4d7672cb4ead3055cf616	1b76c49c-b8d7-4c10-84aa-6b2bfd1c3fbc	2026-01-25 03:17:53.605912	f	\N	\N	f	\N	bafkreibk524hfbfi4mygwfzexnvtsopsm3uekmu6utlwolfu5ljqkxhwcy
4713925e-7798-433e-a4b2-f0f74e15be25	c23351bd-e788-4dad-9fff-d7afb25adee9	hpg_clearance	document-1769312743546-376316449.pdf	HPG_Clearance_HPG-2026-8B3Q7M.pdf	/app/backend/uploads/document-1769312743546-376316449.pdf	57146	application/pdf	f18bfe44afb1008c78a3881be51fbb1c72cefe8e78e7c0dfedebd5eb21ca22b7	1b76c49c-b8d7-4c10-84aa-6b2bfd1c3fbc	2026-01-25 03:45:43.657973	f	\N	\N	f	\N	bafkreihrrp7ejl5racghri4idpsr7oy4olhp5dty47an73pl2xvsdsrcw4
8231b244-e603-4805-8638-596e0efe641f	c23351bd-e788-4dad-9fff-d7afb25adee9	csr	document-1769312743586-626026815.pdf	CSR_CSR-2026-Y98VMD.pdf	/app/backend/uploads/document-1769312743586-626026815.pdf	148682	application/pdf	f226186d1b299e9dd7e4d47b42d74b8eb3e8a4fa974dd8f2970ed7866e2704f1	1b76c49c-b8d7-4c10-84aa-6b2bfd1c3fbc	2026-01-25 03:45:43.741937	f	\N	\N	f	\N	bafkreihseymg2gzjt2o5pzgupnbnos4owpukj6uxjxmpffyo26dg4jye6e
66fbe8b5-edf2-478e-8cb1-4cf7e679b78c	c23351bd-e788-4dad-9fff-d7afb25adee9	sales_invoice	document-1769312743639-95115074.pdf	Sales_Invoice_INV-20260125-GWYS2X.pdf	/app/backend/uploads/document-1769312743639-95115074.pdf	104511	application/pdf	ce630e6eafed6c4b239870d6772fc1af80f7e8a35ba16b8bf784a3417045bc35	1b76c49c-b8d7-4c10-84aa-6b2bfd1c3fbc	2026-01-25 03:45:43.822107	f	\N	\N	f	\N	bafkreigommhg5l7nnrfshgdq2z3s7qnpqd36ri23ufvyx54eunaxarn4gu
7b4b78d4-c9d6-4687-bfeb-28be5c316f28	c23351bd-e788-4dad-9fff-d7afb25adee9	insurance_cert	document-1769312743718-275605198.pdf	Insurance_Certificate_CTPL-2026-17JGAL.pdf	/app/backend/uploads/document-1769312743718-275605198.pdf	69341	application/pdf	88e44b797c5b1f7343836e0e81f901510e6bf9d103edb724f886278edf9c9602	1b76c49c-b8d7-4c10-84aa-6b2bfd1c3fbc	2026-01-25 03:45:43.914067	f	\N	\N	f	\N	bafkreiei4rfxs7c3d5zuha3ob2a7sakrbzv7tuid5w3sj6ege6hn7hewai
4b239054-6bad-44f7-aa96-dfae74eeaed2	c23351bd-e788-4dad-9fff-d7afb25adee9	owner_id	document-1769312743749-731730055.jpg	download (3).jpg	/app/backend/uploads/document-1769312743749-731730055.jpg	88117	image/jpeg	b7652be59de5f8c4b8f5dc121089641b92befdd46c23b33814972c1010f45cd4	1b76c49c-b8d7-4c10-84aa-6b2bfd1c3fbc	2026-01-25 03:45:44.101491	f	\N	\N	f	\N	bafkreifxmuv6lhpf7dclr5o4ciiisza3sk7p3vdmeoztqfexfqibb5c42q
257001cc-1eb3-4311-8375-449e041d6aed	c23351bd-e788-4dad-9fff-d7afb25adee9	hpg_clearance	HPG_Clearance_c23351bd-e788-4dad-9fff-d7afb25adee9.pdf	HPG_Clearance_c23351bd-e788-4dad-9fff-d7afb25adee9.pdf	/app/uploads/temp/transfer-cert-1769313385238-qbq72.pdf	56325	application/pdf	25a725622285e007dba4349bba6a6b59848af2958670f1fed82cda9c9a1c365d	a57fd791-bef2-4881-baa9-bfbd1c8b799c	2026-01-25 03:56:25.309453	f	\N	\N	f	\N	bafkreibfu4sweiuf4ad5xjbuto5gu22zqsfpffmgody75wbm3kojuhbwlu
6a5949c0-d328-4c14-9ddb-e5e3bd424dc6	c23351bd-e788-4dad-9fff-d7afb25adee9	hpg_clearance	HPG_Clearance_c23351bd-e788-4dad-9fff-d7afb25adee9.pdf	HPG_Clearance_c23351bd-e788-4dad-9fff-d7afb25adee9.pdf	/app/uploads/temp/transfer-cert-1769314860499-k95u6f.pdf	56338	application/pdf	2337127e233e481f7b7cc3cee985ed6c6eb3c6d07c0f14cd0574a019529ef009	a57fd791-bef2-4881-baa9-bfbd1c8b799c	2026-01-25 04:21:00.568061	f	\N	\N	f	\N	bafkreibdg4jh4iz6japxw7gdz3uyl3lmn2z4nud4b4km2bluuamvfhxqbe
9d0eb9e9-9a54-441a-8342-cbfaf2031557	c23351bd-e788-4dad-9fff-d7afb25adee9	insurance_cert	CTPL_Insurance_c23351bd-e788-4dad-9fff-d7afb25adee9.pdf	CTPL_Insurance_c23351bd-e788-4dad-9fff-d7afb25adee9.pdf	/app/uploads/temp/transfer-cert-1769314865447-5pjm9.pdf	69349	application/pdf	78d054092dbd7e52ff32be7360df160966e91d1f5f57e760ad3a6e6cee4890f4	a57fd791-bef2-4881-baa9-bfbd1c8b799c	2026-01-25 04:21:05.527518	f	\N	\N	f	\N	bafkreidy2bkasln5pzjp6mv6onqn6fqjm3ur2h27k7twblj2nzwo4seq6q
\.


--
-- TOC entry 3974 (class 0 OID 16750)
-- Dependencies: 228
-- Data for Name: email_verification_tokens; Type: TABLE DATA; Schema: public; Owner: lto_user
--

COPY public.email_verification_tokens (id, user_id, token_hash, token_secret, expires_at, created_at, used_at, used_by_ip) FROM stdin;
35d0cd36-cd6d-4f44-9c72-e1ab633f82ec	1b76c49c-b8d7-4c10-84aa-6b2bfd1c3fbc	b080fb75854ea85ed5c0b001895d7f300c57464caeaf357a85fd18a933736ae1	your-secret-key-here	2026-01-25 08:23:47.876	2026-01-24 08:23:47.881522	2026-01-24 08:24:01.12762	180.195.78.106
91321d6f-8e87-422d-9926-bc84635796e8	36b86e7e-7668-49dc-8dd6-6610ce092a73	1a8ba33c987bb52d5b983318f5fee2122e1dc3f30af4cbb27d5958ee0d801942	your-secret-key-here	2026-01-26 03:38:54.687	2026-01-25 03:38:54.691253	2026-01-25 03:39:11.341524	180.195.71.175
\.


--
-- TOC entry 3976 (class 0 OID 16787)
-- Dependencies: 230
-- Data for Name: expiry_notifications; Type: TABLE DATA; Schema: public; Owner: lto_user
--

COPY public.expiry_notifications (id, vehicle_id, user_id, notification_type, sent_at, email_sent, sms_sent) FROM stdin;
\.


--
-- TOC entry 3985 (class 0 OID 17162)
-- Dependencies: 240
-- Data for Name: external_issuers; Type: TABLE DATA; Schema: public; Owner: lto_user
--

COPY public.external_issuers (id, issuer_type, company_name, license_number, api_key, is_active, contact_email, contact_phone, address, created_at, updated_at) FROM stdin;
aa6d3111-ad58-47af-a235-c45fa869a133	insurance	LTO Insurance Services	INS-2026-001	test_insurance_api_key_12345	t	insurance@lto.gov.ph	\N	\N	2026-01-24 06:55:24.860016	2026-01-24 06:55:24.860016
f8aab84b-614c-4060-a81c-2f3100daa1c5	emission	LTO Emission Testing Center	EMIT-2026-001	test_emission_api_key_67890	t	emission@lto.gov.ph	\N	\N	2026-01-24 06:55:24.865858	2026-01-24 06:55:24.865858
3d2b139b-df76-4885-afba-a47995b2c134	hpg	PNP-HPG National Office	HPG-2026-001	test_hpg_api_key_abcde	t	hpg@lto.gov.ph	\N	\N	2026-01-24 06:55:24.868123	2026-01-24 06:55:24.868123
e54b05a2-8a65-4396-8457-6ae50dd702ba	csr	Default CSR Issuer	CSR-001-DEFAULT	default-csr-api-key	t	csr@default.com	\N	\N	2026-01-24 19:10:36.880507	2026-01-24 19:10:36.880507
bd059957-bf60-4afc-9506-fce067bbdd5b	sales_invoice	Default Sales Invoice Issuer	SALES-001-DEFAULT	default-sales-api-key	t	sales@default.com	\N	\N	2026-01-24 19:10:36.884664	2026-01-24 19:10:36.884664
\.


--
-- TOC entry 3981 (class 0 OID 16975)
-- Dependencies: 235
-- Data for Name: issued_certificates; Type: TABLE DATA; Schema: public; Owner: lto_user
--

COPY public.issued_certificates (id, issuer_id, certificate_type, certificate_number, vehicle_vin, owner_name, owner_id, file_hash, composite_hash, issued_at, expires_at, blockchain_tx_id, is_revoked, revocation_reason, revoked_at, metadata, created_at) FROM stdin;
f4bc48bc-db4d-4b45-89f8-2a548b7c7419	aa6d3111-ad58-47af-a235-c45fa869a133	insurance	CTPL-2026-JTMM87	F5TFNJM7BDH13S38W	Joshua Ivan Latag	\N	6346fc47b3c259dceb06e298687603e17ac21a7409d68a61ac428e94da91a85b	319533584cecfaab6af455e3bba1f53db8ef403c289b96aed1a103418383c704	2026-01-24 00:00:00	2027-01-24 00:00:00	\N	f	\N	\N	{"coverageType": "CTPL", "coverageAmount": "PHP 200,000 / PHP 50,000"}	2026-01-24 19:15:18.968077
295c2cf7-edc6-4c2a-8a33-fd435386c4b9	3d2b139b-df76-4885-afba-a47995b2c134	hpg_clearance	HPG-2026-179TCA	F5TFNJM7BDH13S38W	Joshua Ivan Latag	\N	c7f9d56a3de1debc290d47b31f1823b7c49bd5b9a9214bf452342bb602512849	52037fce3b0a1b78809ecfba74865ebe1fd79f13ac10ecc4650e6cde1730c6ef	2026-01-24 00:00:00	\N	\N	f	\N	\N	{"vehiclePlate": "XSX-7285", "verificationDetails": {"engine_condition": "Good", "chassis_condition": "Good"}}	2026-01-24 19:15:25.213767
4bc22725-b0a6-4827-a3c4-f76b7f487e19	e54b05a2-8a65-4396-8457-6ae50dd702ba	csr	CSR-2026-4815R0	F5TFNJM7BDH13S38W	Joshua Ivan Latag	\N	d5a23a278ecc2313318a87e9499b683a32c35c2b8af76a7bf74f64f93d20af51	ef1f6c640dd7cf22fadcda494e3b4f4e3205498ffdeafd125063893be7ca862c	2026-01-24 00:00:00	\N	\N	f	\N	\N	{"color": "White", "bodyType": "Sedan", "fuelType": "Gasoline", "vehicleMake": "Honda", "vehicleYear": 2026, "engineNumber": "3UR-DE884077", "vehicleModel": "Civic"}	2026-01-24 19:15:32.300999
14070636-ffac-4f85-b8cf-0c914f883b33	bd059957-bf60-4afc-9506-fce067bbdd5b	sales_invoice	INV-20260124-Z6H3TS	F5TFNJM7BDH13S38W	Joshua Ivan Latag	\N	8961b1f0d187c2b28a8e58e62d43de6eecbf939af9c40a5222a49a27b6dffa0b	fd05f020222e625fcca4a1d971eea032aedacc06b54e0eca7be46e694098eb39	2026-01-24 00:00:00	\N	\N	f	\N	\N	{}	2026-01-24 19:15:38.527177
221541f6-9fa3-45dd-8e4f-3db13103015c	aa6d3111-ad58-47af-a235-c45fa869a133	insurance	CTPL-2026-54OZ2O	BX0SDRHABB4GG71DE	Joshua Ivan Latag	\N	00a2144344f27407b31f04585b64a2cde7fb741ddaa0cbae9e355366144c32b7	db4452a158aa7dc4679cfffe224eeef73742f8d0554f0da04ec19148fcd92206	2026-01-25 00:00:00	2027-01-25 00:00:00	\N	f	\N	\N	{"coverageType": "CTPL", "coverageAmount": "PHP 200,000 / PHP 50,000"}	2026-01-25 03:00:31.933913
a7b70159-3ec5-4309-a365-e6ead467a5fe	3d2b139b-df76-4885-afba-a47995b2c134	hpg_clearance	HPG-2026-D56E86	BX0SDRHABB4GG71DE	Joshua Ivan Latag	\N	a63f9eb4aa7e26241046618a41df02f615db148002d4ed19dbcc3ab8b14ed0b4	b7ea6b3680b0d0b1011cc4268ec2f372941ead4165519bb1bbe94240aac4a030	2026-01-25 00:00:00	\N	\N	f	\N	\N	{"vehiclePlate": "KKT-4961", "verificationDetails": {"engine_condition": "Good", "chassis_condition": "Good"}}	2026-01-25 03:00:37.346685
4c19f1ac-43f3-4a42-91f4-3020aceb869c	e54b05a2-8a65-4396-8457-6ae50dd702ba	csr	CSR-2026-2FPJAE	BX0SDRHABB4GG71DE	Joshua Ivan Latag	\N	db88abcc23d2a3c26f63365fe4acecdd0f859b789ce0969766f3e47611ff2073	b2cf001bb68a2df2408b8a2970da2fbff62b73557ed522219c451641a8a6e03c	2026-01-25 00:00:00	\N	\N	f	\N	\N	{"color": "White", "bodyType": "Sedan", "fuelType": "Gasoline", "vehicleMake": "Honda", "vehicleYear": 2026, "engineNumber": "5VZ-CE476535", "vehicleModel": "City"}	2026-01-25 03:00:42.741326
bd73f8cd-4b4a-48a7-b1d5-ad6b8bccf278	bd059957-bf60-4afc-9506-fce067bbdd5b	sales_invoice	INV-20260125-I56D4L	BX0SDRHABB4GG71DE	Joshua Ivan Latag	\N	1faa91a3ce6f229a3b4f3a191c8228484b40f72efa3b435ec18c668a30cec06b	50d07854cfafd659b2b7c67c2433603048e7f4fd53115a9387935f34abe2677b	2026-01-25 00:00:00	\N	\N	f	\N	\N	{}	2026-01-25 03:00:48.954504
03bbdab6-ffdf-4f7b-8895-a23ee0132a13	aa6d3111-ad58-47af-a235-c45fa869a133	insurance	CTPL-2026-0EWVYC	TVL7CSH7AASKK8ADX	Joshua Ivan Latag	\N	2aeeb87284a8e3306b1724bb6b3939f266e845329ea4d7672cb4ead3055cf616	b1a433e9ee9805006dc8d404a52b5fbc0dc484b8c619867f6e6188b2e22b3baa	2026-01-25 00:00:00	2027-01-25 00:00:00	\N	f	\N	\N	{"coverageType": "CTPL", "coverageAmount": "PHP 200,000 / PHP 50,000"}	2026-01-25 03:16:31.961242
2bc898e3-b3f1-4649-9de6-bfb809354fcd	3d2b139b-df76-4885-afba-a47995b2c134	hpg_clearance	HPG-2026-NHL9GZ	TVL7CSH7AASKK8ADX	Joshua Ivan Latag	\N	176b97db392893ae7496538b5fa2c35f38b3510ec9771cbcff12681a48dd598d	de5c087a8933936d2ac97e4925b28f3f9a5613bb1f54d7359212ac86e99f11d2	2026-01-25 00:00:00	\N	\N	f	\N	\N	{"vehiclePlate": "VZL-7845", "verificationDetails": {"engine_condition": "Good", "chassis_condition": "Good"}}	2026-01-25 03:16:37.189187
ae2d20b4-93b6-4181-b61a-da95038f501f	e54b05a2-8a65-4396-8457-6ae50dd702ba	csr	CSR-2026-A6WOI6	TVL7CSH7AASKK8ADX	Joshua Ivan Latag	\N	cf4681103694c9f24abcd2bea1daaad332533cc8f1bbe948a8f95747d1352ac7	2c82ac90cbb3cca5a57c6521911380d50fea2d60d1b9078c6da656841f2500ad	2026-01-25 00:00:00	\N	\N	f	\N	\N	{"color": "White", "bodyType": "Hatchback", "fuelType": "Gasoline", "vehicleMake": "Kia", "vehicleYear": 2026, "engineNumber": "4GR-DE868125", "vehicleModel": "Rio"}	2026-01-25 03:16:42.490235
dff8c990-0e1f-49dd-a2a1-077cd4681026	bd059957-bf60-4afc-9506-fce067bbdd5b	sales_invoice	INV-20260125-OYV3KH	TVL7CSH7AASKK8ADX	Joshua Ivan Latag	\N	4f074414adc6c16397c1799b8ffca2f4340d50da6e36b40583abbed30bbaf548	cc73a861cc51c0b5f836c5555b277164e9391b5f7aecc6d6e3910864810dd347	2026-01-25 00:00:00	\N	\N	f	\N	\N	{}	2026-01-25 03:16:48.354045
5ffc9171-6411-4999-b2dc-00e496c1dd06	aa6d3111-ad58-47af-a235-c45fa869a133	insurance	CTPL-2026-17JGAL	C591CULJ8VVZDWSAN	Joshua Ivan Latag	\N	88e44b797c5b1f7343836e0e81f901510e6bf9d103edb724f886278edf9c9602	6f68fc59318399177403cccd912502c1ab656a2e21a21beacee98123a7df5531	2026-01-25 00:00:00	2027-01-25 00:00:00	\N	f	\N	\N	{"coverageType": "CTPL", "coverageAmount": "PHP 200,000 / PHP 50,000"}	2026-01-25 03:44:02.774845
6b27b60c-1421-4854-b9d1-d6de82fa25e1	3d2b139b-df76-4885-afba-a47995b2c134	hpg_clearance	HPG-2026-8B3Q7M	C591CULJ8VVZDWSAN	Joshua Ivan Latag	\N	f18bfe44afb1008c78a3881be51fbb1c72cefe8e78e7c0dfedebd5eb21ca22b7	20c0f99a77c11a491ffd267251e47ca2a7b7cdb0d8ea8b05c022250043351899	2026-01-25 00:00:00	\N	\N	f	\N	\N	{"vehiclePlate": "NKZ-2698", "verificationDetails": {"engine_condition": "Good", "chassis_condition": "Good"}}	2026-01-25 03:44:08.377924
af662797-3fca-4235-972a-569bbe449a4c	e54b05a2-8a65-4396-8457-6ae50dd702ba	csr	CSR-2026-Y98VMD	C591CULJ8VVZDWSAN	Joshua Ivan Latag	\N	f226186d1b299e9dd7e4d47b42d74b8eb3e8a4fa974dd8f2970ed7866e2704f1	2c996aff7f872ef568fdd06117c53e095d032e88f4fdca264185cc1d0e60dcb1	2026-01-25 00:00:00	\N	\N	f	\N	\N	{"color": "White", "bodyType": "SUV", "fuelType": "Gasoline", "vehicleMake": "Hyundai", "vehicleYear": 2026, "engineNumber": "3UR-GE380290", "vehicleModel": "Tucson"}	2026-01-25 03:44:13.880591
6aa6ac4a-0bae-4fc1-9b23-604547fce0a1	bd059957-bf60-4afc-9506-fce067bbdd5b	sales_invoice	INV-20260125-GWYS2X	C591CULJ8VVZDWSAN	Joshua Ivan Latag	\N	ce630e6eafed6c4b239870d6772fc1af80f7e8a35ba16b8bf784a3417045bc35	99d4efc904ef7d441cfdbc7f4ff9e965f2b5a05fdb09d759847d2290febe19b4	2026-01-25 00:00:00	\N	\N	f	\N	\N	{}	2026-01-25 03:44:19.897323
a3241e99-11cb-456a-ba88-343dc210198d	3d2b139b-df76-4885-afba-a47995b2c134	hpg_clearance	HPG-2026-HS5V3T	C591CULJ8VVZDWSAN	Kim Andrei Besmar	\N	25a725622285e007dba4349bba6a6b59848af2958670f1fed82cda9c9a1c365d	7eaff6fabd7f8d6f4142d73668d83647560aa31927a69c8b01fa64934ea7025e	2026-01-25 00:00:00	\N	\N	f	\N	\N	{"vehiclePlate": "NKZ-2698", "transferRequestId": null, "verificationDetails": "No adverse record found. Vehicle cleared for registration.", "originalCertificateType": "hpg_clearance"}	2026-01-25 03:56:25.338852
64a4cd4d-15c5-4978-94f5-2dfc275e83e0	3d2b139b-df76-4885-afba-a47995b2c134	hpg_clearance	HPG-2026-CSJWTZ	C591CULJ8VVZDWSAN	Kim Andrei Besmar	\N	2337127e233e481f7b7cc3cee985ed6c6eb3c6d07c0f14cd0574a019529ef009	ea645a93f1b760aa4a8591018209cd2062520e847b0c7f9bd756702705a1ad19	2026-01-25 00:00:00	\N	\N	f	\N	\N	{"vehiclePlate": "NKZ-2698", "transferRequestId": null, "verificationDetails": "No adverse record found. Vehicle cleared for registration.", "originalCertificateType": "hpg_clearance"}	2026-01-25 04:21:00.598059
a8883a20-f66f-4728-be44-e73e041e656a	aa6d3111-ad58-47af-a235-c45fa869a133	insurance	CTPL-2026-4C2B9S	C591CULJ8VVZDWSAN	Kim Andrei Besmar	\N	78d054092dbd7e52ff32be7360df160966e91d1f5f57e760ad3a6e6cee4890f4	4d57823b00531751c3ffdb1ff7a4aa22bd39d80cf9779bfd09120589d74fa045	2026-01-25 00:00:00	2027-01-25 00:00:00	\N	f	\N	\N	{"coverageType": "CTPL", "coverageAmount": "PHP 200,000 / PHP 50,000", "transferRequestId": null, "originalCertificateType": "insurance"}	2026-01-25 04:21:05.534864
\.


--
-- TOC entry 3969 (class 0 OID 16646)
-- Dependencies: 221
-- Data for Name: notifications; Type: TABLE DATA; Schema: public; Owner: lto_user
--

COPY public.notifications (id, user_id, title, message, type, read, sent_at, read_at) FROM stdin;
0e9c4355-e97d-49de-b760-99eebb96d28f	5eff4107-d246-4f21-b8f4-9f9e7e5b64a9	New HPG Clearance Request	New clearance request for vehicle LRZ-4414	info	f	2026-01-24 16:52:36.953385	\N
0e6f74f9-3c91-4930-a9a7-7288276ddfb3	21d178c0-37c5-466e-b2eb-560e32981cbd	New Insurance Verification Request	New insurance verification request for vehicle LRZ-4414	info	f	2026-01-24 16:52:36.996825	\N
764215cf-366b-4701-a7aa-a77c5c80257d	5eff4107-d246-4f21-b8f4-9f9e7e5b64a9	New HPG Clearance Request	New clearance request for vehicle ACA-3346	info	f	2026-01-24 18:27:55.139318	\N
29929028-70d8-463b-8d48-4dc01ec6b1a4	73477102-f36b-448a-89d4-9dc3e93466f8	New Insurance Verification Request	New insurance verification request for vehicle ACA-3346	info	f	2026-01-24 18:27:55.367892	\N
420544b4-d28c-47f1-95fb-5394c3076eb8	5eff4107-d246-4f21-b8f4-9f9e7e5b64a9	New HPG Clearance Request	New clearance request for vehicle DNY-7331	info	f	2026-01-24 18:44:16.42764	\N
46613bc7-a583-4434-a288-a6f91ec76f7f	73477102-f36b-448a-89d4-9dc3e93466f8	New Insurance Verification Request	New insurance verification request for vehicle DNY-7331	info	f	2026-01-24 18:44:16.666926	\N
ef61729b-bc00-42bf-946c-550548f2be19	5eff4107-d246-4f21-b8f4-9f9e7e5b64a9	New HPG Clearance Request	New clearance request for vehicle VNA-5740	info	f	2026-01-24 18:57:01.043649	\N
a8084e1a-9ce2-4051-8d77-3c4f913b20de	73477102-f36b-448a-89d4-9dc3e93466f8	New Insurance Verification Request	New insurance verification request for vehicle VNA-5740	info	f	2026-01-24 18:57:01.365482	\N
52e4476c-fe73-44d2-a9e6-d6d9152f3625	5eff4107-d246-4f21-b8f4-9f9e7e5b64a9	New HPG Clearance Request	New clearance request for vehicle XSX-7285	info	f	2026-01-24 19:19:07.109569	\N
a9545012-bba4-4957-944f-1076604dc3eb	73477102-f36b-448a-89d4-9dc3e93466f8	Insurance Auto-Verified and Approved	Insurance for vehicle XSX-7285 was auto-verified and approved. Score: 100%	success	f	2026-01-24 19:19:07.299815	\N
15950782-d810-4e8a-acef-4d35f9c46970	a57fd791-bef2-4881-baa9-bfbd1c8b799c	HPG Verification Approved	HPG verification approved for vehicle XSX-7285	success	f	2026-01-24 19:20:06.501105	\N
5c5f9832-bb17-44cd-90e7-60ffb8eacd3e	1b76c49c-b8d7-4c10-84aa-6b2bfd1c3fbc	Vehicle Registration Approved	Your vehicle registration (XSX-7285) has been approved! OR: OR-2026-000001, CR: CR-2026-000001	success	f	2026-01-24 19:21:27.1809	\N
602713ed-036f-48fb-aba8-fe69b7944d3e	654bb34d-fec4-458c-94bc-2223d885a6d7	New HPG Clearance Request	New clearance request for vehicle KKT-4961	info	f	2026-01-25 03:03:53.463241	\N
9ff9b5b5-6f7c-4d1e-8585-06380e67439f	73477102-f36b-448a-89d4-9dc3e93466f8	Insurance Auto-Verified and Approved	Insurance for vehicle KKT-4961 was auto-verified and approved. Score: 100%	success	f	2026-01-25 03:03:53.642427	\N
5520e879-6c52-4d1b-9906-2004ae02af7a	5eff4107-d246-4f21-b8f4-9f9e7e5b64a9	HPG Verification Approved	HPG verification approved for vehicle KKT-4961	success	f	2026-01-25 03:05:07.593925	\N
ad8f7eba-926b-4942-882b-200a2772fba2	1b76c49c-b8d7-4c10-84aa-6b2bfd1c3fbc	HPG Clearance Approved	Your HPG clearance request for vehicle KKT-4961 has been approved.	success	f	2026-01-25 03:05:07.5962	\N
7fea0287-8217-4e92-b5d7-d5db25132400	5eff4107-d246-4f21-b8f4-9f9e7e5b64a9	New HPG Clearance Request	New clearance request for vehicle VZL-7845	info	f	2026-01-25 03:17:54.845631	\N
e4e9e1d6-b02d-4b39-8e87-87069ad529d6	73477102-f36b-448a-89d4-9dc3e93466f8	Insurance Auto-Verified and Approved	Insurance for vehicle VZL-7845 was auto-verified and approved. Score: 100%	success	f	2026-01-25 03:17:55.003544	\N
a3f55d83-90f3-4914-8b9e-7dd98090bb4a	654bb34d-fec4-458c-94bc-2223d885a6d7	HPG Verification Approved	HPG verification approved for vehicle VZL-7845	success	f	2026-01-25 03:18:56.553482	\N
939118ad-197f-41c8-adc4-0c855b5eb150	1b76c49c-b8d7-4c10-84aa-6b2bfd1c3fbc	HPG Clearance Approved	Your HPG clearance request for vehicle VZL-7845 has been approved.	success	f	2026-01-25 03:18:56.556956	\N
78e5b027-99e9-4067-b4fd-1bd6a0fbe20a	654bb34d-fec4-458c-94bc-2223d885a6d7	New HPG Clearance Request	New clearance request for vehicle NKZ-2698	info	f	2026-01-25 03:45:44.888899	\N
6c00352b-6c23-49c8-aad1-065d4227a252	73477102-f36b-448a-89d4-9dc3e93466f8	Insurance Auto-Verified and Approved	Insurance for vehicle NKZ-2698 was auto-verified and approved. Score: 100%	success	f	2026-01-25 03:45:45.051995	\N
bdeeaf22-53fa-4b3c-bab8-8c232b15fdc0	654bb34d-fec4-458c-94bc-2223d885a6d7	HPG Verification Approved	HPG verification approved for vehicle NKZ-2698	success	f	2026-01-25 03:46:25.888882	\N
0eda3bc2-5c43-4be2-bd59-3d8644c5666f	1b76c49c-b8d7-4c10-84aa-6b2bfd1c3fbc	HPG Clearance Approved	Your HPG clearance request for vehicle NKZ-2698 has been approved.	success	f	2026-01-25 03:46:25.892168	\N
d8d31de8-ba0a-43af-bf86-13519a47bbd0	1b76c49c-b8d7-4c10-84aa-6b2bfd1c3fbc	Vehicle Registration Approved	Your vehicle registration (NKZ-2698) has been approved! OR: OR-2026-000006, CR: CR-2026-000006	success	f	2026-01-25 03:53:47.42384	\N
\.


--
-- TOC entry 3977 (class 0 OID 16827)
-- Dependencies: 231
-- Data for Name: officer_activity_log; Type: TABLE DATA; Schema: public; Owner: lto_user
--

COPY public.officer_activity_log (id, officer_id, activity_type, entity_type, entity_id, action, duration_seconds, notes, ip_address, user_agent, session_id, metadata, created_at) FROM stdin;
955f26e4-b6e5-4d96-829d-c61dba952052	1b76c49c-b8d7-4c10-84aa-6b2bfd1c3fbc	unauthorized_access	system	\N	denied	\N	Attempted to access /stats without required role: admin or lto_admin	180.195.78.106	Mozilla/5.0 (Windows NT 10.0; Win64; x64) AppleWebKit/537.36 (KHTML, like Gecko) Chrome/143.0.0.0 Safari/537.36	\N	{}	2026-01-24 10:38:10.384054
33044a55-d159-4a7c-b6e6-9132348ec1f0	1b76c49c-b8d7-4c10-84aa-6b2bfd1c3fbc	unauthorized_access	system	\N	denied	\N	Attempted to access /requests/stats without required role: admin or lto_admin	180.195.78.106	Mozilla/5.0 (Windows NT 10.0; Win64; x64) AppleWebKit/537.36 (KHTML, like Gecko) Chrome/143.0.0.0 Safari/537.36	\N	{}	2026-01-24 10:38:10.391293
b1d1b24e-7ac3-402b-95be-73a3f4f8700a	1b76c49c-b8d7-4c10-84aa-6b2bfd1c3fbc	unauthorized_access	system	\N	denied	\N	Attempted to access /stats without required role: admin or lto_admin	180.195.78.106	Mozilla/5.0 (Windows NT 10.0; Win64; x64) AppleWebKit/537.36 (KHTML, like Gecko) Chrome/143.0.0.0 Safari/537.36	\N	{}	2026-01-24 10:38:10.504687
7d7e5996-a50a-40c8-8c17-c6d8fa5b4975	1b76c49c-b8d7-4c10-84aa-6b2bfd1c3fbc	unauthorized_access	system	\N	denied	\N	Attempted to access /requests/stats without required role: admin or lto_admin	180.195.78.106	Mozilla/5.0 (Windows NT 10.0; Win64; x64) AppleWebKit/537.36 (KHTML, like Gecko) Chrome/143.0.0.0 Safari/537.36	\N	{}	2026-01-24 10:38:10.509988
d0f1e752-c49d-4733-9b3f-93dd5cd1f0cd	654bb34d-fec4-458c-94bc-2223d885a6d7	registration	vehicle	6dd179cd-2f50-4833-82ed-003f34fa817d	HPG_AUTO_VERIFY	\N	HPG auto-verification completed. Confidence: 100%. Recommendation: AUTO_APPROVE	\N	\N	\N	{"transaction_id": null, "vehicle_history_id": "c89c79ba-b3b5-41cb-8654-476986704a82"}	2026-01-24 19:19:54.308096
b9a7d5c0-d8f6-48c7-bdbe-b5b34147750a	654bb34d-fec4-458c-94bc-2223d885a6d7	registration	vehicle	6dd179cd-2f50-4833-82ed-003f34fa817d	HPG_VERIFICATION_APPROVED	\N	HPG verification approved by hpg@hpg.gov.ph. 	\N	\N	\N	{"transaction_id": null, "vehicle_history_id": "483241d5-a788-4183-84cb-ef7cad6c6456"}	2026-01-24 19:20:06.491648
f0e9aa1e-51e5-4fb9-a62a-7e30eaa6518d	a57fd791-bef2-4881-baa9-bfbd1c8b799c	registration	vehicle	6dd179cd-2f50-4833-82ed-003f34fa817d	BLOCKCHAIN_REGISTERED	\N	Vehicle registered on Hyperledger Fabric. TX: eeeb1b1a19bb831061adce655bf93c2ff17f8e00390e0e92722aff973c786e8b	\N	\N	\N	{"transaction_id": "eeeb1b1a19bb831061adce655bf93c2ff17f8e00390e0e92722aff973c786e8b", "vehicle_history_id": "c539b524-7964-4671-9101-7b1a53153fda"}	2026-01-24 19:21:26.399043
7da081c7-ad98-440c-bfaa-13fe0c7c9db1	a57fd791-bef2-4881-baa9-bfbd1c8b799c	registration	vehicle	6dd179cd-2f50-4833-82ed-003f34fa817d	CLEARANCE_APPROVED	\N	Clearance approved by admin@lto.gov.ph. OR: OR-2026-000001, CR: CR-2026-000001. Application approved by admin	\N	\N	\N	{"transaction_id": "eeeb1b1a19bb831061adce655bf93c2ff17f8e00390e0e92722aff973c786e8b", "vehicle_history_id": "ffc78ac5-2043-4826-a07f-10faa50a01bf"}	2026-01-24 19:21:27.176891
1efd8d07-76cc-4d16-973c-c0a31ce98c43	1b76c49c-b8d7-4c10-84aa-6b2bfd1c3fbc	unauthorized_access	system	\N	denied	\N	Attempted to access /stats without required role: admin or lto_admin	180.195.78.106	Mozilla/5.0 (Windows NT 10.0; Win64; x64) AppleWebKit/537.36 (KHTML, like Gecko) Chrome/144.0.0.0 Safari/537.36	\N	{}	2026-01-25 02:57:46.574309
4290d967-9a29-444f-8942-dea04218cc55	1b76c49c-b8d7-4c10-84aa-6b2bfd1c3fbc	unauthorized_access	system	\N	denied	\N	Attempted to access /requests/stats without required role: admin or lto_admin	180.195.78.106	Mozilla/5.0 (Windows NT 10.0; Win64; x64) AppleWebKit/537.36 (KHTML, like Gecko) Chrome/144.0.0.0 Safari/537.36	\N	{}	2026-01-25 02:57:46.605164
b6372e0a-c62d-4711-a1ee-2b512882f1b6	1b76c49c-b8d7-4c10-84aa-6b2bfd1c3fbc	unauthorized_access	system	\N	denied	\N	Attempted to access /stats without required role: admin or lto_admin	180.195.78.106	Mozilla/5.0 (Windows NT 10.0; Win64; x64) AppleWebKit/537.36 (KHTML, like Gecko) Chrome/144.0.0.0 Safari/537.36	\N	{}	2026-01-25 02:57:46.700243
ee7bcf8c-9317-469e-881f-b5de8fbd8f2e	1b76c49c-b8d7-4c10-84aa-6b2bfd1c3fbc	unauthorized_access	system	\N	denied	\N	Attempted to access /requests/stats without required role: admin or lto_admin	180.195.78.106	Mozilla/5.0 (Windows NT 10.0; Win64; x64) AppleWebKit/537.36 (KHTML, like Gecko) Chrome/144.0.0.0 Safari/537.36	\N	{}	2026-01-25 02:57:46.702101
158a9db3-9dbe-4bb2-b67a-7d75495bce6d	654bb34d-fec4-458c-94bc-2223d885a6d7	registration	vehicle	e8949d82-01b3-49ef-af1a-9380edb2c3e4	HPG_AUTO_VERIFY	\N	HPG auto-verification completed. Confidence: 100%. Recommendation: AUTO_APPROVE	\N	\N	\N	{"transaction_id": null, "vehicle_history_id": "09cc49df-9c56-4f1d-8cba-9bb4d280cbea"}	2026-01-25 03:04:45.047236
790c8d08-cbc4-475c-9544-c0f6740d0904	654bb34d-fec4-458c-94bc-2223d885a6d7	registration	vehicle	e8949d82-01b3-49ef-af1a-9380edb2c3e4	HPG_CLEARANCE_APPROVED	\N	HPG verification approved by hpg@hpg.gov.ph. 	\N	\N	\N	{"transaction_id": null, "vehicle_history_id": "a1859ef1-4e52-468d-8883-0ffa085c4676"}	2026-01-25 03:05:07.590246
f165fa5a-2f81-4c29-bad2-062e213fd232	654bb34d-fec4-458c-94bc-2223d885a6d7	registration	vehicle	8f16185b-84a1-4e4f-b3d0-b267326e02d4	HPG_AUTO_VERIFY	\N	HPG auto-verification completed. Confidence: 100%. Recommendation: AUTO_APPROVE	\N	\N	\N	{"transaction_id": null, "vehicle_history_id": "47425e63-10b2-4a32-90c0-fa17fa652d40"}	2026-01-25 03:18:51.2781
0c54843a-8554-420c-9109-72b94aa5cca2	654bb34d-fec4-458c-94bc-2223d885a6d7	registration	vehicle	8f16185b-84a1-4e4f-b3d0-b267326e02d4	HPG_CLEARANCE_APPROVED	\N	HPG verification approved by hpg@hpg.gov.ph. 	\N	\N	\N	{"transaction_id": null, "vehicle_history_id": "36a63037-3d89-472f-870d-4c2fbfebf651"}	2026-01-25 03:18:56.549207
2f4e46c3-d0f9-40ed-aeda-93e7ff63ba7f	654bb34d-fec4-458c-94bc-2223d885a6d7	registration	vehicle	c23351bd-e788-4dad-9fff-d7afb25adee9	HPG_AUTO_VERIFY	\N	HPG auto-verification completed. Confidence: 100%. Recommendation: AUTO_APPROVE	\N	\N	\N	{"transaction_id": null, "vehicle_history_id": "cbf4eb8d-f762-46f4-9664-c3aca2360ecb"}	2026-01-25 03:46:13.515062
9ebed153-5ab4-402e-a61a-43b89d04f26f	654bb34d-fec4-458c-94bc-2223d885a6d7	registration	vehicle	c23351bd-e788-4dad-9fff-d7afb25adee9	HPG_CLEARANCE_APPROVED	\N	HPG verification approved by hpg@hpg.gov.ph. 	\N	\N	\N	{"transaction_id": null, "vehicle_history_id": "fe6e1641-aae9-43c4-a2e2-ff50d8546100"}	2026-01-25 03:46:25.884275
f1fa6c2c-3e73-40b3-a1e0-1e9857e87e08	a57fd791-bef2-4881-baa9-bfbd1c8b799c	registration	vehicle	c23351bd-e788-4dad-9fff-d7afb25adee9	BLOCKCHAIN_REGISTERED	\N	Vehicle registered on Hyperledger Fabric. TX: e4c7af862a51c450fcd847db3dd3978646a7ad55deae703e6922ac042820f217	\N	\N	\N	{"transaction_id": "e4c7af862a51c450fcd847db3dd3978646a7ad55deae703e6922ac042820f217", "vehicle_history_id": "53018fd3-e414-4260-9519-96abf72a2813"}	2026-01-25 03:53:46.667852
682771ed-8e83-44d0-82df-5f8f7795c3a5	a57fd791-bef2-4881-baa9-bfbd1c8b799c	registration	vehicle	c23351bd-e788-4dad-9fff-d7afb25adee9	CLEARANCE_APPROVED	\N	Clearance approved by admin@lto.gov.ph. OR: OR-2026-000006, CR: CR-2026-000006. Application approved by admin	\N	\N	\N	{"transaction_id": "e4c7af862a51c450fcd847db3dd3978646a7ad55deae703e6922ac042820f217", "vehicle_history_id": "28f49909-cab8-41d4-9fc2-2fb15880a21d"}	2026-01-25 03:53:47.419577
\.


--
-- TOC entry 3971 (class 0 OID 16697)
-- Dependencies: 225
-- Data for Name: refresh_tokens; Type: TABLE DATA; Schema: public; Owner: lto_user
--

COPY public.refresh_tokens (id, user_id, token_hash, expires_at, created_at) FROM stdin;
dad74ea6-4b43-48d7-aa1d-4b2ec4cfdbb9	1b76c49c-b8d7-4c10-84aa-6b2bfd1c3fbc	f53735902e15ce7f5f54ffe0aa2fb0ae9f71318080dc55cc9e0341d50894a5cc	2026-01-31 08:23:47.864	2026-01-24 08:23:47.86525
3b70cade-1245-435a-afad-e9e2a7885f47	1b76c49c-b8d7-4c10-84aa-6b2bfd1c3fbc	9007b6e47896aae0b31551de0e8407997d969a9cd79dacae0d7744ab259546d7	2026-01-31 08:24:14.9	2026-01-24 08:24:14.901421
3ccc3330-60e7-41c4-9c2f-7f6a361b8154	a57fd791-bef2-4881-baa9-bfbd1c8b799c	5942902480e2d081ff343a4943eec8b2fd4d1ba9cb22bed593389da8dc43d3fa	2026-01-31 08:46:37.002	2026-01-24 08:46:37.003388
7c0e7130-8590-4321-a005-0847c81baa34	a57fd791-bef2-4881-baa9-bfbd1c8b799c	44ab685ced67db4dd2c09b18410f254a295b25b3546f958fdbcea482cfb31a50	2026-01-31 08:46:46.076	2026-01-24 08:46:46.07684
2a05b910-3aeb-4b0e-8c72-03faa8870964	a57fd791-bef2-4881-baa9-bfbd1c8b799c	d2a357e702a547fbc835993372a7738725de6b758011f35a28b5cbeb345e2ebd	2026-01-31 08:47:01.46	2026-01-24 08:47:01.46092
47b1395f-b52b-4991-9dd2-084bd7fce253	a57fd791-bef2-4881-baa9-bfbd1c8b799c	9f89c0d8df16ea5312a5211f3ae316f9dbdf2ef241b07cbdd297da54e0044b72	2026-01-31 08:47:37.212	2026-01-24 08:47:37.214238
a2da8017-acf3-4ece-8558-3f1d1e8954a3	a57fd791-bef2-4881-baa9-bfbd1c8b799c	f5bc37bc793be68916461feffebf3f806fe13cf317d2a309d7dffa48ef8db21e	2026-01-31 09:02:52.618	2026-01-24 09:02:52.619944
c1ba17c3-379c-42f3-9cd0-a7fb5215f163	a57fd791-bef2-4881-baa9-bfbd1c8b799c	b3847ca574efb96d88f4d026a1281600480f7a48adaff4c0823f04b38307793b	2026-01-31 09:03:10.004	2026-01-24 09:03:10.00503
0e4ef2a4-57bd-4000-8ed5-3a5fa7bff5cb	a57fd791-bef2-4881-baa9-bfbd1c8b799c	6d71d63cf8f7799a639dc9aa41c345a385cc7bfd737f1ef316ee344a8fb81411	2026-01-31 09:03:26.442	2026-01-24 09:03:26.443416
e378f7bc-360a-448e-99d9-8f6ebe39e1c3	a57fd791-bef2-4881-baa9-bfbd1c8b799c	d53331ce821ba7676ee2afb248f631f96c5542963d51c0c88e2903354b55540f	2026-01-31 09:14:11.296	2026-01-24 09:14:11.297161
e057036a-df4f-4776-a0c6-8756dbb6d8b9	a57fd791-bef2-4881-baa9-bfbd1c8b799c	eed270673e9c44b96cdf5a2d222f88e569ae5511e048b41e1b2fb4f462fb4e91	2026-01-31 09:14:29.896	2026-01-24 09:14:29.897739
f4998a87-a0c2-42cc-b35e-81f639d7f4f4	c7179b34-ff7f-4004-9495-2cf9f049c3d1	bbde7249300777e5bb59932538dfe37ca9c47d428a9f4be4f2e3b81a1fc9a381	2026-01-31 09:16:56.961	2026-01-24 09:16:56.9621
710178fa-bd12-49cc-86ec-1902d3cf54ea	a57fd791-bef2-4881-baa9-bfbd1c8b799c	0b554f0aae9a3be55995e7e2c59a61413fbf33a93b2f7bc0f56a686dd87ed452	2026-01-31 09:29:22.893	2026-01-24 09:29:22.894729
1898af62-b189-43a6-9af4-ea2b2fd94233	a57fd791-bef2-4881-baa9-bfbd1c8b799c	aa325dc21c68acfaced40c96eb333503f4c507134e877037d58005245a7f2572	2026-01-31 09:29:41.016	2026-01-24 09:29:41.017566
d2a05bb8-fb39-47ba-863d-fcf51ec35fe9	c7179b34-ff7f-4004-9495-2cf9f049c3d1	d45a6c72adf9a6ff07f421ad6c801ef1b5aed8b336efac8cde3cc63a857bfd49	2026-01-31 09:30:19.395	2026-01-24 09:30:19.396226
efac6cdc-d108-4846-95de-f68e4da0fa44	c7179b34-ff7f-4004-9495-2cf9f049c3d1	4b8c1eeb5a0b08bc7c399778af43e681997652236272c667a7f444569b38df44	2026-01-31 10:01:21.389	2026-01-24 10:01:21.389433
61c72aa6-4bc5-45ec-beed-8488be0ce5b4	a57fd791-bef2-4881-baa9-bfbd1c8b799c	5ca097a026fd25aa5b70a3378c207b99e2301efbcd9b0fc987dc5c3514c69b24	2026-01-31 10:10:30.373	2026-01-24 10:10:30.374579
cb351ee2-84e7-4f97-8d0f-afa82e3c155a	654bb34d-fec4-458c-94bc-2223d885a6d7	cc59afc7b83b8e0eebe8fca8f1c987b41ea52af8e5a38b8f23ae3a724fda8082	2026-01-31 10:11:10.447	2026-01-24 10:11:10.447732
c71b15d2-d628-426b-8aec-23911d7b332b	a57fd791-bef2-4881-baa9-bfbd1c8b799c	2a3c58deeaf9c3e24a6fe8b29daacc824a7604f6b825aa975edc020453efef33	2026-01-31 10:11:29.538	2026-01-24 10:11:29.538631
86e1326d-b1a2-429d-b3dc-3f880e3a2061	c7179b34-ff7f-4004-9495-2cf9f049c3d1	d54313d20a0f190b252d71abb9c35e1780d8229690fce377b16ff086d79f2f4d	2026-01-31 10:11:55.176	2026-01-24 10:11:55.177173
ff3eb68f-73b0-4306-9d29-35569666ec5f	c7179b34-ff7f-4004-9495-2cf9f049c3d1	f63ba9a4a448d24676bfda123e6bd4d478272be2eb9981d8af1e0edef47b7e91	2026-01-31 10:33:18.063	2026-01-24 10:33:18.064285
a744d838-2ea0-4cab-95bd-acdd9789c3b8	1b76c49c-b8d7-4c10-84aa-6b2bfd1c3fbc	bfae5ce411b5a8a8beafc3f664160ca384ebe4f5ca9f4c75389ff239827adc9e	2026-01-31 10:38:08.26	2026-01-24 10:38:08.261351
47f65ce7-6094-40ab-b03b-f899bce9ffa3	1b76c49c-b8d7-4c10-84aa-6b2bfd1c3fbc	b87c90ce4f90fbb8ea59f3a18344a794504eedd39b8cde25f70b3268fa6b72d5	2026-01-31 10:38:30.406	2026-01-24 10:38:30.407374
31a5facd-ee36-4fb5-bd19-abbba10c5acb	a57fd791-bef2-4881-baa9-bfbd1c8b799c	ee7f89de9ac3ecf393834625afaaea3163d7a67667a4f933f77420f26747231f	2026-01-31 10:41:21.029	2026-01-24 10:41:21.030558
057092b0-5e52-4fc7-9b1b-41b37c44f9f2	654bb34d-fec4-458c-94bc-2223d885a6d7	1a29a086de6188ba164d9ca83ebb3a65e88cb24c63e3289b992c72b86aae798d	2026-01-31 10:41:50.216	2026-01-24 10:41:50.217268
1af6bc84-01f2-4851-b011-f7d7868adb5e	c7179b34-ff7f-4004-9495-2cf9f049c3d1	c2e94f2747b3f6b935c7984bc0c542ad97da1163086f289552df5bd3027dea7a	2026-01-31 10:42:22.157	2026-01-24 10:42:22.159926
df2687cd-8385-4a28-ab6d-547255a55c84	654bb34d-fec4-458c-94bc-2223d885a6d7	7cd5fac9994cfd1c997ea476a4f76e8768fed92730680ab705408d7c5021793e	2026-01-31 11:44:16.979	2026-01-24 11:44:16.980916
dc95d981-4f67-4ed9-afcf-39fd3338f96c	1b76c49c-b8d7-4c10-84aa-6b2bfd1c3fbc	dde7ba1613d0be24bc32ccbe28f5cc10697dd0c4f0bf51f7313ef4e462dfce29	2026-01-31 12:29:30.956	2026-01-24 12:29:30.956762
ad9afdb7-a4a7-4053-82e1-2e27ea6e1b0b	654bb34d-fec4-458c-94bc-2223d885a6d7	3958bcdc59814fe8749448fbcc6657f41b13d1b1e063541cbdce67fa20380362	2026-01-31 12:35:35.719	2026-01-24 12:35:35.719954
a19092e1-efb3-4654-a6f5-c6a2061a58fb	73477102-f36b-448a-89d4-9dc3e93466f8	1e7d0537ef29a5430ed203152fcb9938a44b47127423b41a6d48835e6ad72d45	2026-01-31 12:36:08.124	2026-01-24 12:36:08.12462
03891a13-ab9d-4525-8a6e-c1e7cf20c429	1b76c49c-b8d7-4c10-84aa-6b2bfd1c3fbc	ee82c9538d02185369a5110324323592aa4d8deb52e8d3ec205a35c125ce1d5a	2026-01-31 15:50:02.871	2026-01-24 15:50:02.872366
9c81a3ae-e1be-42ee-8d44-2a63026b06d3	a57fd791-bef2-4881-baa9-bfbd1c8b799c	a29af0a2b58c18aadadbc77cdb5fec765d0690d21cffeff1ea5a168cbc307b7e	2026-01-31 15:50:26.696	2026-01-24 15:50:26.696873
9f7ec846-1491-48cd-8a69-d74cd532c926	a57fd791-bef2-4881-baa9-bfbd1c8b799c	9728d15ef02cb1ceaec20bfedcc98886bac2195644a3a280e412be086f9b7d9c	2026-01-31 15:50:41.551	2026-01-24 15:50:41.552455
a0e5226d-221d-425a-bcbc-fe743f8e4807	a57fd791-bef2-4881-baa9-bfbd1c8b799c	8c1623f808c57d7c37b2f8bc45737aa322dc441a8fc2df49f5fa19d2120a1f0f	2026-01-31 15:51:10.638	2026-01-24 15:51:10.639143
0bd0e166-c81f-4e69-9a1e-635ca89dedee	654bb34d-fec4-458c-94bc-2223d885a6d7	ffafeeb1157a4bd04142b17a13793740173c0efe6c96a47006a6c0a103f55442	2026-01-31 15:53:34.112	2026-01-24 15:53:34.113254
0f1e8ad6-fdcb-43e2-89f3-67bb4535ae98	a57fd791-bef2-4881-baa9-bfbd1c8b799c	7db784066e362be9c2fb331f52ea8415243f2f7f1c87bff8489bc9cf56119557	2026-01-31 17:39:07.737	2026-01-24 17:39:07.738829
15c444f9-58ff-434a-a207-9a6e6eee62d3	1b76c49c-b8d7-4c10-84aa-6b2bfd1c3fbc	8438e77fbfb86fcf4561d60853e4fe0a974812c266dea26c91fafea316ee2c69	2026-01-31 17:40:05.731	2026-01-24 17:40:05.734622
e4233e78-8111-4062-bb47-871072056be3	1b76c49c-b8d7-4c10-84aa-6b2bfd1c3fbc	ab7d8afae8c4a3c9b87082d27a91dcd4e26dbbcd302b66d1741013f9968c0876	2026-01-31 17:51:01.965	2026-01-24 17:51:01.966668
b0dbdac4-e0aa-4c82-af47-b8d6056a82a8	1b76c49c-b8d7-4c10-84aa-6b2bfd1c3fbc	1e095bd07e08d4ff95520aba798b74d0ec4aad69187abf1cd1aa5492eab3826b	2026-01-31 17:56:00.484	2026-01-24 17:56:00.485345
8533c0b9-3f50-4e44-a88f-7b53a70a09b9	1b76c49c-b8d7-4c10-84aa-6b2bfd1c3fbc	bd61d1839a94aa4ac5dc72bbb9ed473014a950f3bde463f9ef3b33f3d9499495	2026-01-31 18:16:15.735	2026-01-24 18:16:15.735992
d9c5c9d2-d996-45d7-bc3c-7f626eb5e873	1b76c49c-b8d7-4c10-84aa-6b2bfd1c3fbc	16a12cec1df7917d8cc82c452c99c547efa4e9024c0c5e713569a6ffa7a912ed	2026-01-31 18:26:56.744	2026-01-24 18:26:56.745605
3f4d3dbd-a3d5-4fd2-a250-4300c951507e	1b76c49c-b8d7-4c10-84aa-6b2bfd1c3fbc	30966cec1afdfcabbd15283fbca21f25aa2e796b4fb8aa46c4031574d5d28ec7	2026-01-31 18:56:02.496	2026-01-24 18:56:02.497367
44ce501f-046f-43ee-bc31-2bf3340ec03f	654bb34d-fec4-458c-94bc-2223d885a6d7	dfa20b5007505d37d3d837c737d7627c8b9b50a6438c7a1459fddbfc300f13b4	2026-01-31 19:19:38.901	2026-01-24 19:19:38.901908
0d8839bf-87aa-4fe1-9f6f-4a0c20e8f8f5	a57fd791-bef2-4881-baa9-bfbd1c8b799c	a2d2028d3a8370f04de530e8b66ef2c00a67a0c6807cbca0f16ca30426d43a25	2026-01-31 19:20:22.209	2026-01-24 19:20:22.210107
54b40901-e1ac-45c6-981b-0667dff66c5a	1b76c49c-b8d7-4c10-84aa-6b2bfd1c3fbc	6c501252f5e8461e1060427746a5a43ad65f8d03803397ee72b865d65c69e3b6	2026-01-31 20:11:11.764	2026-01-24 20:11:11.764951
842262ee-84c7-43bb-ba72-1b0bb8cdb73f	1b76c49c-b8d7-4c10-84aa-6b2bfd1c3fbc	35d8924daad42cc991cdd51e051c9f1f842860dad48412c2b9ec931ee10d41d7	2026-01-31 20:21:35.839	2026-01-24 20:21:35.840286
77d66822-5654-414b-86de-647c493724a9	1b76c49c-b8d7-4c10-84aa-6b2bfd1c3fbc	e17b402609f08f71c4908ae27613dc4803646660c7f5a1b3f04572a92f0be271	2026-02-01 02:57:44.906	2026-01-25 02:57:44.907188
2f8c7204-801b-4c4f-a47f-e14bd3beeb2f	1b76c49c-b8d7-4c10-84aa-6b2bfd1c3fbc	7ee440d5d9bd62cc6033084d67351568ed9d6c0c095a770d198ce749443ae294	2026-02-01 02:57:53.161	2026-01-25 02:57:53.162214
a66b0837-f602-4538-a6c7-37b94117ef94	654bb34d-fec4-458c-94bc-2223d885a6d7	ecec0a473fd61afb269c0c95ad2066a88fec9ba599c21b782981d834265d388b	2026-02-01 03:04:30.787	2026-01-25 03:04:30.788217
98374642-11cc-442e-8eca-44944f346dc7	a57fd791-bef2-4881-baa9-bfbd1c8b799c	5850683fbd51670e16da117dbbe9f9fa71ba5c159cb2d9bf2ee4dd6a118b365d	2026-02-01 03:05:24.595	2026-01-25 03:05:24.595683
b48eec92-6757-420e-ac17-598ba8009d5f	654bb34d-fec4-458c-94bc-2223d885a6d7	d9c0d52f32ac21947ceb100ae85f224795c12ac70b74eb069ee12859c2127908	2026-02-01 03:18:44.295	2026-01-25 03:18:44.29636
abc2c123-f8bb-44ff-9ea9-5cf9b1d04579	36b86e7e-7668-49dc-8dd6-6610ce092a73	37d668a97f481fcef76ead6d708794fff24b40eb859ce9fcd7f7e8acce65be84	2026-02-01 03:38:54.678	2026-01-25 03:38:54.67911
c9eec055-d5bc-4f68-8168-fe1f64a42034	36b86e7e-7668-49dc-8dd6-6610ce092a73	3782e8d561af53c6e0a596160af12d5d2814a300d624cdd83aad00098651674a	2026-02-01 03:39:40.173	2026-01-25 03:39:40.17404
31090883-5ce0-41cf-8fb7-69cd1e5ea22d	1b76c49c-b8d7-4c10-84aa-6b2bfd1c3fbc	4e98a45d2d7b35953b7ce56eeb75f05a89788e6771a01059c91c3f3a46298d7b	2026-02-01 03:45:11.075	2026-01-25 03:45:11.078088
e2b6dd9d-bb21-40d8-9c69-41babb618e5e	654bb34d-fec4-458c-94bc-2223d885a6d7	53563b30d7be1493a6f3f8c494dfebcb03724c836a423c9e4b27b46d056b626d	2026-02-01 03:46:05.784	2026-01-25 03:46:05.785128
e0559a59-72bf-46ce-83d7-ef4ae1c32d05	1b76c49c-b8d7-4c10-84aa-6b2bfd1c3fbc	b4b920636c47aa2118d32df03241a00cb3e85ec8efd08b9873afd721e8ca3ee2	2026-02-01 03:55:33.569	2026-01-25 03:55:33.570113
3b8f12b5-3a70-407a-8c95-91a1a7830227	a57fd791-bef2-4881-baa9-bfbd1c8b799c	61f65c2911234103b382f981ed3f39a4966560c60ee77e0bd0e3ffa8aa93b5f5	2026-02-01 04:20:13.405	2026-01-25 04:20:13.406442
\.


--
-- TOC entry 3978 (class 0 OID 16857)
-- Dependencies: 232
-- Data for Name: registration_document_requirements; Type: TABLE DATA; Schema: public; Owner: lto_user
--

COPY public.registration_document_requirements (id, registration_type, vehicle_category, document_type, is_required, display_name, description, accepted_formats, max_file_size_mb, display_order, is_active, created_at, updated_at) FROM stdin;
\.


--
-- TOC entry 3989 (class 0 OID 17225)
-- Dependencies: 244
-- Data for Name: request_logs; Type: TABLE DATA; Schema: public; Owner: lto_user
--

COPY public.request_logs (id, user_id, method, path, status_code, response_time_ms, ip_address, user_agent, created_at) FROM stdin;
\.


--
-- TOC entry 3972 (class 0 OID 16711)
-- Dependencies: 226
-- Data for Name: sessions; Type: TABLE DATA; Schema: public; Owner: lto_user
--

COPY public.sessions (id, user_id, refresh_token_id, ip_address, user_agent, created_at, last_activity, expires_at) FROM stdin;
11343c2f-fb51-483e-9954-5bb245aea1e9	1b76c49c-b8d7-4c10-84aa-6b2bfd1c3fbc	3b70cade-1245-435a-afad-e9e2a7885f47	180.195.78.106	Mozilla/5.0 (Windows NT 10.0; Win64; x64) AppleWebKit/537.36 (KHTML, like Gecko) Chrome/143.0.0.0 Safari/537.36	2026-01-24 08:24:14.922822	2026-01-24 08:24:14.922822	2026-01-31 08:24:14.922
6bf05028-d89f-4ce3-92dc-79b0ab1976b8	a57fd791-bef2-4881-baa9-bfbd1c8b799c	3ccc3330-60e7-41c4-9c2f-7f6a361b8154	180.195.78.106	Mozilla/5.0 (Windows NT 10.0; Win64; x64) AppleWebKit/537.36 (KHTML, like Gecko) Chrome/143.0.0.0 Safari/537.36	2026-01-24 08:46:37.022171	2026-01-24 08:46:37.022171	2026-01-31 08:46:37.013
0e5a0062-415f-4599-bcb1-ca655231449c	a57fd791-bef2-4881-baa9-bfbd1c8b799c	7c0e7130-8590-4321-a005-0847c81baa34	180.195.78.106	Mozilla/5.0 (Windows NT 10.0; Win64; x64) AppleWebKit/537.36 (KHTML, like Gecko) Chrome/143.0.0.0 Safari/537.36	2026-01-24 08:46:46.084207	2026-01-24 08:46:46.084207	2026-01-31 08:46:46.083
fb48f85f-09ad-408f-b585-7cd80a3f9acf	a57fd791-bef2-4881-baa9-bfbd1c8b799c	2a05b910-3aeb-4b0e-8c72-03faa8870964	180.195.78.106	Mozilla/5.0 (Windows NT 10.0; Win64; x64) AppleWebKit/537.36 (KHTML, like Gecko) Chrome/143.0.0.0 Safari/537.36	2026-01-24 08:47:01.466455	2026-01-24 08:47:01.466455	2026-01-31 08:47:01.465
725a9ab2-a462-4d92-a76b-660ec98b2847	a57fd791-bef2-4881-baa9-bfbd1c8b799c	47b1395f-b52b-4991-9dd2-084bd7fce253	180.195.78.106	Mozilla/5.0 (Windows NT 10.0; Win64; x64) AppleWebKit/537.36 (KHTML, like Gecko) Chrome/143.0.0.0 Safari/537.36	2026-01-24 08:47:37.227764	2026-01-24 08:47:37.227764	2026-01-31 08:47:37.227
e66d55c6-79f3-4c34-ab60-b916e3b45d81	a57fd791-bef2-4881-baa9-bfbd1c8b799c	a2da8017-acf3-4ece-8558-3f1d1e8954a3	180.195.78.106	Mozilla/5.0 (Windows NT 10.0; Win64; x64) AppleWebKit/537.36 (KHTML, like Gecko) Chrome/143.0.0.0 Safari/537.36	2026-01-24 09:02:52.631995	2026-01-24 09:02:52.631995	2026-01-31 09:02:52.63
3c48b32d-6373-4b09-9dce-f88f486bce8c	a57fd791-bef2-4881-baa9-bfbd1c8b799c	c1ba17c3-379c-42f3-9cd0-a7fb5215f163	180.195.78.106	Mozilla/5.0 (Windows NT 10.0; Win64; x64) AppleWebKit/537.36 (KHTML, like Gecko) Chrome/143.0.0.0 Safari/537.36	2026-01-24 09:03:10.013975	2026-01-24 09:03:10.013975	2026-01-31 09:03:10.013
9710918f-5e5f-49e4-b4c6-ef6c7f16fb94	a57fd791-bef2-4881-baa9-bfbd1c8b799c	0e4ef2a4-57bd-4000-8ed5-3a5fa7bff5cb	180.195.78.106	Mozilla/5.0 (Windows NT 10.0; Win64; x64) AppleWebKit/537.36 (KHTML, like Gecko) Chrome/143.0.0.0 Safari/537.36	2026-01-24 09:03:26.449652	2026-01-24 09:03:26.449652	2026-01-31 09:03:26.449
09869ff1-fff0-446c-933b-56d5ee3a5001	a57fd791-bef2-4881-baa9-bfbd1c8b799c	e378f7bc-360a-448e-99d9-8f6ebe39e1c3	180.195.78.106	Mozilla/5.0 (Windows NT 10.0; Win64; x64) AppleWebKit/537.36 (KHTML, like Gecko) Chrome/143.0.0.0 Safari/537.36	2026-01-24 09:14:11.310336	2026-01-24 09:14:11.310336	2026-01-31 09:14:11.309
23a259cf-26ce-4472-b1df-111fb381c0a7	a57fd791-bef2-4881-baa9-bfbd1c8b799c	e057036a-df4f-4776-a0c6-8756dbb6d8b9	180.195.78.106	Mozilla/5.0 (Windows NT 10.0; Win64; x64) AppleWebKit/537.36 (KHTML, like Gecko) Chrome/143.0.0.0 Safari/537.36	2026-01-24 09:14:29.907433	2026-01-24 09:14:29.907433	2026-01-31 09:14:29.906
80c3633b-24f6-4ba5-a718-4e04a21e76a0	c7179b34-ff7f-4004-9495-2cf9f049c3d1	f4998a87-a0c2-42cc-b35e-81f639d7f4f4	180.195.78.106	Mozilla/5.0 (Windows NT 10.0; Win64; x64) AppleWebKit/537.36 (KHTML, like Gecko) Chrome/143.0.0.0 Safari/537.36	2026-01-24 09:16:56.970377	2026-01-24 09:25:59.840679	2026-01-31 09:16:56.969
7e5d05de-4e3f-4a67-8246-6c6c2ded9091	a57fd791-bef2-4881-baa9-bfbd1c8b799c	710178fa-bd12-49cc-86ec-1902d3cf54ea	180.195.78.106	Mozilla/5.0 (Windows NT 10.0; Win64; x64) AppleWebKit/537.36 (KHTML, like Gecko) Chrome/143.0.0.0 Safari/537.36	2026-01-24 09:29:22.904387	2026-01-24 09:29:22.904387	2026-01-31 09:29:22.903
35411292-8898-4738-a8bf-44c8d2cfc791	a57fd791-bef2-4881-baa9-bfbd1c8b799c	1898af62-b189-43a6-9af4-ea2b2fd94233	180.195.78.106	Mozilla/5.0 (Windows NT 10.0; Win64; x64) AppleWebKit/537.36 (KHTML, like Gecko) Chrome/143.0.0.0 Safari/537.36	2026-01-24 09:29:41.02333	2026-01-24 09:29:41.02333	2026-01-31 09:29:41.022
88bb60cc-f7df-4daf-a2cc-dbfb6c3f2f65	c7179b34-ff7f-4004-9495-2cf9f049c3d1	d2a05bb8-fb39-47ba-863d-fcf51ec35fe9	180.195.78.106	Mozilla/5.0 (Windows NT 10.0; Win64; x64) AppleWebKit/537.36 (KHTML, like Gecko) Chrome/143.0.0.0 Safari/537.36	2026-01-24 09:30:19.401571	2026-01-24 09:30:19.401571	2026-01-31 09:30:19.401
3e6eab17-b7e2-45e7-b50e-075172fcfab5	c7179b34-ff7f-4004-9495-2cf9f049c3d1	efac6cdc-d108-4846-95de-f68e4da0fa44	180.195.78.106	Mozilla/5.0 (Windows NT 10.0; Win64; x64) AppleWebKit/537.36 (KHTML, like Gecko) Chrome/143.0.0.0 Safari/537.36	2026-01-24 10:01:21.393484	2026-01-24 10:01:21.393484	2026-01-31 10:01:21.393
aa4370d3-0d7f-4f68-af37-4323b4588c39	a57fd791-bef2-4881-baa9-bfbd1c8b799c	61c72aa6-4bc5-45ec-beed-8488be0ce5b4	180.195.78.106	Mozilla/5.0 (Windows NT 10.0; Win64; x64) AppleWebKit/537.36 (KHTML, like Gecko) Chrome/143.0.0.0 Safari/537.36	2026-01-24 10:10:30.384475	2026-01-24 10:10:30.384475	2026-01-31 10:10:30.383
6f07e57f-edb2-469c-91ca-e46e565fafd2	654bb34d-fec4-458c-94bc-2223d885a6d7	cb351ee2-84e7-4f97-8d0f-afa82e3c155a	180.195.78.106	Mozilla/5.0 (Windows NT 10.0; Win64; x64) AppleWebKit/537.36 (KHTML, like Gecko) Chrome/143.0.0.0 Safari/537.36	2026-01-24 10:11:10.453527	2026-01-24 10:11:10.453527	2026-01-31 10:11:10.453
6ba5b05b-0ee6-4160-b59a-36d650edbaa4	a57fd791-bef2-4881-baa9-bfbd1c8b799c	c71b15d2-d628-426b-8aec-23911d7b332b	180.195.78.106	Mozilla/5.0 (Windows NT 10.0; Win64; x64) AppleWebKit/537.36 (KHTML, like Gecko) Chrome/143.0.0.0 Safari/537.36	2026-01-24 10:11:29.547342	2026-01-24 10:11:29.547342	2026-01-31 10:11:29.546
86a1479c-b22d-49ff-ae49-8918ae505ad0	c7179b34-ff7f-4004-9495-2cf9f049c3d1	86e1326d-b1a2-429d-b3dc-3f880e3a2061	180.195.78.106	Mozilla/5.0 (Windows NT 10.0; Win64; x64) AppleWebKit/537.36 (KHTML, like Gecko) Chrome/143.0.0.0 Safari/537.36	2026-01-24 10:11:55.182205	2026-01-24 10:11:55.182205	2026-01-31 10:11:55.181
b602f593-23d7-44d0-9581-51499e371639	c7179b34-ff7f-4004-9495-2cf9f049c3d1	ff3eb68f-73b0-4306-9d29-35569666ec5f	180.195.78.106	Mozilla/5.0 (Windows NT 10.0; Win64; x64) AppleWebKit/537.36 (KHTML, like Gecko) Chrome/143.0.0.0 Safari/537.36	2026-01-24 10:33:18.077824	2026-01-24 10:33:18.077824	2026-01-31 10:33:18.077
2c2b89d3-77a6-4f55-99b9-54bd8fdfd9d1	1b76c49c-b8d7-4c10-84aa-6b2bfd1c3fbc	a744d838-2ea0-4cab-95bd-acdd9789c3b8	180.195.78.106	Mozilla/5.0 (Windows NT 10.0; Win64; x64) AppleWebKit/537.36 (KHTML, like Gecko) Chrome/143.0.0.0 Safari/537.36	2026-01-24 10:38:08.266434	2026-01-24 10:38:08.266434	2026-01-31 10:38:08.266
5880c377-85aa-49c2-8361-bf75a50a823b	1b76c49c-b8d7-4c10-84aa-6b2bfd1c3fbc	47f65ce7-6094-40ab-b03b-f899bce9ffa3	180.195.78.106	Mozilla/5.0 (Windows NT 10.0; Win64; x64) AppleWebKit/537.36 (KHTML, like Gecko) Chrome/143.0.0.0 Safari/537.36	2026-01-24 10:38:30.411555	2026-01-24 10:38:30.411555	2026-01-31 10:38:30.41
640d6b36-fc25-40c0-a2d8-c11b37e4bca6	a57fd791-bef2-4881-baa9-bfbd1c8b799c	31a5facd-ee36-4fb5-bd19-abbba10c5acb	180.195.78.106	Mozilla/5.0 (Windows NT 10.0; Win64; x64) AppleWebKit/537.36 (KHTML, like Gecko) Chrome/143.0.0.0 Safari/537.36	2026-01-24 10:41:21.038989	2026-01-24 10:41:21.038989	2026-01-31 10:41:21.038
eec13092-401d-481a-b84f-97c518da0a9e	654bb34d-fec4-458c-94bc-2223d885a6d7	057092b0-5e52-4fc7-9b1b-41b37c44f9f2	180.195.78.106	Mozilla/5.0 (Windows NT 10.0; Win64; x64) AppleWebKit/537.36 (KHTML, like Gecko) Chrome/144.0.0.0 Safari/537.36	2026-01-24 10:41:50.225089	2026-01-24 10:41:50.225089	2026-01-31 10:41:50.224
3ce2b069-fdf8-4f3e-a2ae-1c59313cfa3e	c7179b34-ff7f-4004-9495-2cf9f049c3d1	1af6bc84-01f2-4851-b011-f7d7868adb5e	180.195.78.106	Mozilla/5.0 (Windows NT 10.0; Win64; x64) AppleWebKit/537.36 (KHTML, like Gecko) Chrome/144.0.0.0 Safari/537.36	2026-01-24 10:42:22.191979	2026-01-24 10:42:22.191979	2026-01-31 10:42:22.191
4993e7b6-e092-4457-940a-420b0b5796f4	654bb34d-fec4-458c-94bc-2223d885a6d7	df2687cd-8385-4a28-ab6d-547255a55c84	180.195.78.106	Mozilla/5.0 (Windows NT 10.0; Win64; x64) AppleWebKit/537.36 (KHTML, like Gecko) Chrome/143.0.0.0 Safari/537.36	2026-01-24 11:44:16.990697	2026-01-24 11:44:16.990697	2026-01-31 11:44:16.99
7d854050-435b-4f91-8d9c-a0b3a1257fba	1b76c49c-b8d7-4c10-84aa-6b2bfd1c3fbc	03891a13-ab9d-4525-8a6e-c1e7cf20c429	180.195.78.106	Mozilla/5.0 (Windows NT 10.0; Win64; x64) AppleWebKit/537.36 (KHTML, like Gecko) Chrome/143.0.0.0 Safari/537.36	2026-01-24 15:50:02.891804	2026-01-24 16:10:11.812037	2026-01-31 15:50:02.891
eac610ba-0454-47d5-a586-226554f11ec7	1b76c49c-b8d7-4c10-84aa-6b2bfd1c3fbc	dc95d981-4f67-4ed9-afcf-39fd3338f96c	180.195.78.106	Mozilla/5.0 (Windows NT 10.0; Win64; x64) AppleWebKit/537.36 (KHTML, like Gecko) Chrome/143.0.0.0 Safari/537.36	2026-01-24 12:29:30.965927	2026-01-24 12:29:30.965927	2026-01-31 12:29:30.965
c27d505d-aab7-4e15-b067-ad005456a7b4	654bb34d-fec4-458c-94bc-2223d885a6d7	ad9afdb7-a4a7-4053-82e1-2e27ea6e1b0b	180.195.78.106	Mozilla/5.0 (Windows NT 10.0; Win64; x64) AppleWebKit/537.36 (KHTML, like Gecko) Chrome/143.0.0.0 Safari/537.36	2026-01-24 12:35:35.727572	2026-01-24 12:35:35.727572	2026-01-31 12:35:35.727
9e9b3f12-ecb3-47ce-a4d9-bb99d2e15d95	73477102-f36b-448a-89d4-9dc3e93466f8	a19092e1-efb3-4654-a6f5-c6a2061a58fb	180.195.78.106	Mozilla/5.0 (Windows NT 10.0; Win64; x64) AppleWebKit/537.36 (KHTML, like Gecko) Chrome/143.0.0.0 Safari/537.36	2026-01-24 12:36:08.131453	2026-01-24 12:36:08.131453	2026-01-31 12:36:08.13
e67991ca-10bc-492f-83d6-12c57c1e252c	a57fd791-bef2-4881-baa9-bfbd1c8b799c	9c81a3ae-e1be-42ee-8d44-2a63026b06d3	180.195.78.106	Mozilla/5.0 (Windows NT 10.0; Win64; x64) AppleWebKit/537.36 (KHTML, like Gecko) Chrome/144.0.0.0 Safari/537.36	2026-01-24 15:50:26.700608	2026-01-24 15:50:26.700608	2026-01-31 15:50:26.7
8ef0b00a-d390-43e7-abe8-3f7be74353bb	654bb34d-fec4-458c-94bc-2223d885a6d7	0bd0e166-c81f-4e69-9a1e-635ca89dedee	180.195.78.106	Mozilla/5.0 (Windows NT 10.0; Win64; x64) AppleWebKit/537.36 (KHTML, like Gecko) Chrome/144.0.0.0 Safari/537.36	2026-01-24 15:53:34.12606	2026-01-24 15:53:34.12606	2026-01-31 15:53:34.124
84439838-c2f3-4b4f-a367-de419c928644	654bb34d-fec4-458c-94bc-2223d885a6d7	44ce501f-046f-43ee-bc31-2bf3340ec03f	180.195.78.106	Mozilla/5.0 (Windows NT 10.0; Win64; x64) AppleWebKit/537.36 (KHTML, like Gecko) Chrome/143.0.0.0 Safari/537.36	2026-01-24 19:19:38.908531	2026-01-24 19:19:38.908531	2026-01-31 19:19:38.908
890f2e5c-2ce6-4550-81e9-ed24c3ac27ea	a57fd791-bef2-4881-baa9-bfbd1c8b799c	a0e5226d-221d-425a-bcbc-fe743f8e4807	180.195.78.106	Mozilla/5.0 (Windows NT 10.0; Win64; x64) AppleWebKit/537.36 (KHTML, like Gecko) Chrome/143.0.0.0 Safari/537.36	2026-01-24 15:51:10.652453	2026-01-24 16:09:23.995748	2026-01-31 15:51:10.651
651140c4-468a-49fa-8b10-03f15ed1985b	a57fd791-bef2-4881-baa9-bfbd1c8b799c	9f7ec846-1491-48cd-8a69-d74cd532c926	180.195.78.106	Mozilla/5.0 (Windows NT 10.0; Win64; x64) AppleWebKit/537.36 (KHTML, like Gecko) Chrome/144.0.0.0 Safari/537.36	2026-01-24 15:50:41.560337	2026-01-24 16:10:22.940597	2026-01-31 15:50:41.559
103ab5ab-8b7d-4259-ae1c-3669d938b0b4	a57fd791-bef2-4881-baa9-bfbd1c8b799c	98374642-11cc-442e-8eca-44944f346dc7	180.195.78.106	Mozilla/5.0 (Windows NT 10.0; Win64; x64) AppleWebKit/537.36 (KHTML, like Gecko) Chrome/144.0.0.0 Safari/537.36	2026-01-25 03:05:24.600351	2026-01-25 03:36:09.908084	2026-02-01 03:05:24.599
7d1bec96-fc98-46e5-b71b-9e55e4c0051d	1b76c49c-b8d7-4c10-84aa-6b2bfd1c3fbc	15c444f9-58ff-434a-a207-9a6e6eee62d3	180.195.78.106	Mozilla/5.0 (Windows NT 10.0; Win64; x64) AppleWebKit/537.36 (KHTML, like Gecko) Chrome/143.0.0.0 Safari/537.36	2026-01-24 17:40:05.743438	2026-01-24 17:40:05.743438	2026-01-31 17:40:05.743
0a3643dd-bbae-4ea1-8aa8-69eb85cab413	1b76c49c-b8d7-4c10-84aa-6b2bfd1c3fbc	54b40901-e1ac-45c6-981b-0667dff66c5a	180.195.78.106	Mozilla/5.0 (Windows NT 10.0; Win64; x64) AppleWebKit/537.36 (KHTML, like Gecko) Chrome/143.0.0.0 Safari/537.36	2026-01-24 20:11:11.772884	2026-01-24 20:11:11.772884	2026-01-31 20:11:11.772
c258b189-e5b5-49c0-8881-08369145153d	1b76c49c-b8d7-4c10-84aa-6b2bfd1c3fbc	e4233e78-8111-4062-bb47-871072056be3	180.195.78.106	Mozilla/5.0 (Windows NT 10.0; Win64; x64) AppleWebKit/537.36 (KHTML, like Gecko) Chrome/143.0.0.0 Safari/537.36	2026-01-24 17:51:01.982058	2026-01-24 17:51:01.982058	2026-01-31 17:51:01.979
978412c2-9528-4aa9-8a2c-d29537c4bc77	1b76c49c-b8d7-4c10-84aa-6b2bfd1c3fbc	b0dbdac4-e0aa-4c82-af47-b8d6056a82a8	180.195.78.106	Mozilla/5.0 (Windows NT 10.0; Win64; x64) AppleWebKit/537.36 (KHTML, like Gecko) Chrome/143.0.0.0 Safari/537.36	2026-01-24 17:56:00.496751	2026-01-24 17:56:00.496751	2026-01-31 17:56:00.496
36cbc757-e188-45cb-a1f4-e984714a424d	a57fd791-bef2-4881-baa9-bfbd1c8b799c	0f1e8ad6-fdcb-43e2-89f3-67bb4535ae98	180.195.78.106	Mozilla/5.0 (Windows NT 10.0; Win64; x64) AppleWebKit/537.36 (KHTML, like Gecko) Chrome/143.0.0.0 Safari/537.36	2026-01-24 17:39:07.74905	2026-01-24 17:57:19.118206	2026-01-31 17:39:07.748
4fa2c045-1b48-4510-8911-9a69e6848dd3	1b76c49c-b8d7-4c10-84aa-6b2bfd1c3fbc	8533c0b9-3f50-4e44-a88f-7b53a70a09b9	180.195.78.106	Mozilla/5.0 (Windows NT 10.0; Win64; x64) AppleWebKit/537.36 (KHTML, like Gecko) Chrome/143.0.0.0 Safari/537.36	2026-01-24 18:16:15.745387	2026-01-24 18:16:15.745387	2026-01-31 18:16:15.744
f7d31d4f-f7e1-439d-9fb4-4f586f53eec6	a57fd791-bef2-4881-baa9-bfbd1c8b799c	3b8f12b5-3a70-407a-8c95-91a1a7830227	180.195.78.106	Mozilla/5.0 (Windows NT 10.0; Win64; x64) AppleWebKit/537.36 (KHTML, like Gecko) Chrome/144.0.0.0 Safari/537.36	2026-01-25 04:20:13.413218	2026-01-25 04:38:17.410154	2026-02-01 04:20:13.412
1e31d836-c988-4366-8fb8-59025f2c10ee	1b76c49c-b8d7-4c10-84aa-6b2bfd1c3fbc	d9c5c9d2-d996-45d7-bc3c-7f626eb5e873	180.195.78.106	Mozilla/5.0 (Windows NT 10.0; Win64; x64) AppleWebKit/537.36 (KHTML, like Gecko) Chrome/143.0.0.0 Safari/537.36	2026-01-24 18:26:56.755731	2026-01-24 18:36:00.019377	2026-01-31 18:26:56.755
18249521-753e-45d3-88ad-dd6492b46d4a	1b76c49c-b8d7-4c10-84aa-6b2bfd1c3fbc	842262ee-84c7-43bb-ba72-1b0bb8cdb73f	180.195.78.106	Mozilla/5.0 (Windows NT 10.0; Win64; x64) AppleWebKit/537.36 (KHTML, like Gecko) Chrome/143.0.0.0 Safari/537.36	2026-01-24 20:21:35.850214	2026-01-24 20:21:35.850214	2026-01-31 20:21:35.849
a96edeaf-d5b0-4275-be40-0b69551a63d3	1b76c49c-b8d7-4c10-84aa-6b2bfd1c3fbc	31090883-5ce0-41cf-8fb7-69cd1e5ea22d	180.195.78.106	Mozilla/5.0 (Windows NT 10.0; Win64; x64) AppleWebKit/537.36 (KHTML, like Gecko) Chrome/144.0.0.0 Safari/537.36	2026-01-25 03:45:11.09077	2026-01-25 03:45:11.09077	2026-02-01 03:45:11.089
eb0bf315-774e-4b2d-95b9-c8d19e94704d	654bb34d-fec4-458c-94bc-2223d885a6d7	e2b6dd9d-bb21-40d8-9c69-41babb618e5e	180.195.78.106	Mozilla/5.0 (Windows NT 10.0; Win64; x64) AppleWebKit/537.36 (KHTML, like Gecko) Chrome/144.0.0.0 Safari/537.36	2026-01-25 03:46:05.793345	2026-01-25 03:46:05.793345	2026-02-01 03:46:05.792
f32038a4-745e-44b8-a116-44fc0397d424	1b76c49c-b8d7-4c10-84aa-6b2bfd1c3fbc	3f4d3dbd-a3d5-4fd2-a250-4300c951507e	180.195.78.106	Mozilla/5.0 (Windows NT 10.0; Win64; x64) AppleWebKit/537.36 (KHTML, like Gecko) Chrome/143.0.0.0 Safari/537.36	2026-01-24 18:56:02.506784	2026-01-24 19:14:04.102857	2026-01-31 18:56:02.506
37c1b5de-db09-4a9b-a231-1b78499b3e6b	a57fd791-bef2-4881-baa9-bfbd1c8b799c	0d8839bf-87aa-4fe1-9f6f-4a0c20e8f8f5	180.195.78.106	Mozilla/5.0 (Windows NT 10.0; Win64; x64) AppleWebKit/537.36 (KHTML, like Gecko) Chrome/143.0.0.0 Safari/537.36	2026-01-24 19:20:22.222856	2026-01-24 20:51:29.589464	2026-01-31 19:20:22.222
b88fbb24-0224-4b33-b897-219b8cad4e54	1b76c49c-b8d7-4c10-84aa-6b2bfd1c3fbc	77d66822-5654-414b-86de-647c493724a9	180.195.78.106	Mozilla/5.0 (Windows NT 10.0; Win64; x64) AppleWebKit/537.36 (KHTML, like Gecko) Chrome/144.0.0.0 Safari/537.36	2026-01-25 02:57:44.917817	2026-01-25 02:57:44.917817	2026-02-01 02:57:44.917
d00edc44-0a18-4f8f-a728-06fab49ab4d5	1b76c49c-b8d7-4c10-84aa-6b2bfd1c3fbc	2f8c7204-801b-4c4f-a47f-e14bd3beeb2f	180.195.78.106	Mozilla/5.0 (Windows NT 10.0; Win64; x64) AppleWebKit/537.36 (KHTML, like Gecko) Chrome/144.0.0.0 Safari/537.36	2026-01-25 02:57:53.167356	2026-01-25 02:57:53.167356	2026-02-01 02:57:53.166
f5510b66-59bb-4c48-9967-d0477112cfeb	654bb34d-fec4-458c-94bc-2223d885a6d7	a66b0837-f602-4538-a6c7-37b94117ef94	180.195.78.106	Mozilla/5.0 (Windows NT 10.0; Win64; x64) AppleWebKit/537.36 (KHTML, like Gecko) Chrome/144.0.0.0 Safari/537.36	2026-01-25 03:04:30.793992	2026-01-25 03:04:30.793992	2026-02-01 03:04:30.793
23eb684e-1b09-490a-9079-6582885bc21f	654bb34d-fec4-458c-94bc-2223d885a6d7	b48eec92-6757-420e-ac17-598ba8009d5f	180.195.78.106	Mozilla/5.0 (Windows NT 10.0; Win64; x64) AppleWebKit/537.36 (KHTML, like Gecko) Chrome/144.0.0.0 Safari/537.36	2026-01-25 03:18:44.301372	2026-01-25 03:18:44.301372	2026-02-01 03:18:44.3
b04694f8-44c2-4c51-a041-0fa03d05eb5c	1b76c49c-b8d7-4c10-84aa-6b2bfd1c3fbc	e0559a59-72bf-46ce-83d7-ef4ae1c32d05	180.195.78.106	Mozilla/5.0 (Windows NT 10.0; Win64; x64) AppleWebKit/537.36 (KHTML, like Gecko) Chrome/144.0.0.0 Safari/537.36	2026-01-25 03:55:33.591057	2026-01-25 03:55:33.591057	2026-02-01 03:55:33.59
d5672d61-3a58-4c67-a3ca-2b9c5dd7f7fa	36b86e7e-7668-49dc-8dd6-6610ce092a73	c9eec055-d5bc-4f68-8168-fe1f64a42034	180.195.71.172	Mozilla/5.0 (Windows NT 10.0; Win64; x64) AppleWebKit/537.36 (KHTML, like Gecko) Chrome/144.0.0.0 Safari/537.36	2026-01-25 03:39:40.180712	2026-01-25 04:08:42.350888	2026-02-01 03:39:40.18
\.


--
-- TOC entry 3970 (class 0 OID 16665)
-- Dependencies: 222
-- Data for Name: system_settings; Type: TABLE DATA; Schema: public; Owner: lto_user
--

COPY public.system_settings (key, value, description, updated_at, updated_by) FROM stdin;
system_name	TrustChain LTO	System name	2026-01-24 06:02:26.033654	\N
version	1.0.0	System version	2026-01-24 06:02:26.033654	\N
maintenance_mode	false	Maintenance mode flag	2026-01-24 06:02:26.033654	\N
max_file_size	10485760	Maximum file upload size in bytes (10MB)	2026-01-24 06:02:26.033654	\N
allowed_file_types	pdf,jpg,jpeg,png	Allowed file types for upload	2026-01-24 06:02:26.033654	\N
storage_mode	local	Storage mode (local or ipfs)	2026-01-24 06:02:26.033654	\N
blockchain_mode	fabric	Blockchain mode (mock or fabric)	2026-01-24 06:13:28.449808	\N
\.


--
-- TOC entry 3973 (class 0 OID 16738)
-- Dependencies: 227
-- Data for Name: token_blacklist; Type: TABLE DATA; Schema: public; Owner: lto_user
--

COPY public.token_blacklist (token_jti, token_hash, expires_at, created_at, reason) FROM stdin;
\.


--
-- TOC entry 3983 (class 0 OID 17058)
-- Dependencies: 237
-- Data for Name: transfer_documents; Type: TABLE DATA; Schema: public; Owner: lto_user
--

COPY public.transfer_documents (id, transfer_request_id, document_type, document_id, uploaded_by, uploaded_at, notes) FROM stdin;
\.


--
-- TOC entry 3982 (class 0 OID 17012)
-- Dependencies: 236
-- Data for Name: transfer_requests; Type: TABLE DATA; Schema: public; Owner: lto_user
--

COPY public.transfer_requests (id, vehicle_id, seller_id, buyer_id, buyer_info, status, submitted_at, reviewed_by, reviewed_at, rejection_reason, forwarded_to_hpg, hpg_clearance_request_id, metadata, created_at, updated_at, insurance_clearance_request_id, emission_clearance_request_id, insurance_approval_status, emission_approval_status, hpg_approval_status, insurance_approved_at, emission_approved_at, hpg_approved_at, insurance_approved_by, emission_approved_by, hpg_approved_by, expires_at, remarks) FROM stdin;
\.


--
-- TOC entry 3984 (class 0 OID 17086)
-- Dependencies: 238
-- Data for Name: transfer_verifications; Type: TABLE DATA; Schema: public; Owner: lto_user
--

COPY public.transfer_verifications (id, transfer_request_id, document_id, verified_by, status, notes, checklist, flagged, verified_at) FROM stdin;
\.


--
-- TOC entry 3964 (class 0 OID 16521)
-- Dependencies: 216
-- Data for Name: users; Type: TABLE DATA; Schema: public; Owner: lto_user
--

COPY public.users (id, email, password_hash, first_name, last_name, role, organization, phone, is_active, email_verified, two_factor_enabled, last_login, created_at, updated_at, employee_id, badge_number, department, branch_office, supervisor_id, hire_date, "position", signature_file_path, digital_signature_hash, address, is_trusted_partner, trusted_partner_type) FROM stdin;
73b6d066-9cb7-4b85-94c0-a808d13b005d	emission@lto.gov.ph	$2a$12$0V4iR1vog9LRKdCxgKYQM.sH7QZWP2yMsu5i.80xLfH/imgycOGrG	Emission	Verifier	emission_verifier	Emission Testing Center	\N	t	t	f	\N	2026-01-24 06:02:26.045623	2026-01-24 06:02:26.045623	\N	\N	\N	\N	\N	\N	\N	\N	\N	\N	f	\N
90ee862b-c410-4370-9cf9-fa1400d9bd4f	owner@example.com	$2a$12$0V4iR1vog9LRKdCxgKYQM.sH7QZWP2yMsu5i.80xLfH/imgycOGrG	Vehicle	Owner	vehicle_owner	Individual	\N	t	t	f	\N	2026-01-24 06:02:26.045623	2026-01-24 06:02:26.045623	\N	\N	\N	\N	\N	\N	\N	\N	\N	\N	f	\N
d5a83d69-7fba-4f89-bac1-c88fdcee3266	ltoofficer@lto.gov.ph	$2a$12$x58ZhXS8osrdmdZYTu108etBlEqQjpxLa7WwNqFESC809KnyN9Tx6	Juan	Dela Cruz	lto_officer	Land Transportation Office	+63 917 123 4567	t	t	f	\N	2026-01-24 09:58:59.148298	2026-01-24 09:58:59.148298	LTO-OFF-001	OFF-001	Vehicle Registration	LTO Manila Central	\N	\N	Registration Officer	\N	\N	\N	f	\N
f4fe76a5-d900-4d3d-8c6a-e9b83472b2cb	staff@lto.gov.ph	$2a$12$0V4iR1vog9LRKdCxgKYQM.sH7QZWP2yMsu5i.80xLfH/imgycOGrG	Staff	User	staff	LTO	\N	t	t	f	\N	2026-01-24 06:02:26.045623	2026-01-24 06:17:41.578232	LTO-STAFF-001	STAFF-001	Vehicle Registration	LTO Manila Central	\N	2024-01-01	Registration Clerk	\N	\N	\N	f	\N
36b86e7e-7668-49dc-8dd6-6610ce092a73	kimandrei012@gmail.com	$2a$12$6/RiYmpgAnT0J5Jr8spPNe/cKKQjj8NcvCl4gOzS86ZJZ2oWZZHRu	Kim Andrei	Besmar	vehicle_owner	Individual	09672564545	t	t	f	2026-01-25 03:39:40.166093	2026-01-25 03:38:54.665833	2026-01-25 03:39:40.166093	\N	\N	\N	\N	\N	\N	\N	\N	\N	Lipa City	f	\N
654bb34d-fec4-458c-94bc-2223d885a6d7	hpg@hpg.gov.ph	$2a$12$x58ZhXS8osrdmdZYTu108etBlEqQjpxLa7WwNqFESC809KnyN9Tx6	HPG	Administrator	admin	Highway Patrol Group	+63 2 2345 6789	t	t	f	2026-01-25 03:46:05.771285	2026-01-24 09:53:44.574528	2026-01-25 03:46:05.771285	\N	\N	\N	\N	\N	\N	\N	\N	\N	\N	f	\N
73477102-f36b-448a-89d4-9dc3e93466f8	insurance@insurance.gov.ph	$2a$12$0V4iR1vog9LRKdCxgKYQM.sH7QZWP2yMsu5i.80xLfH/imgycOGrG	Insurance	Verifier	insurance_verifier	Insurance Verification Office	+63 2 3456 7890	t	t	f	2026-01-24 12:36:08.114193	2026-01-24 06:29:41.287341	2026-01-24 12:36:08.114193	\N	\N	\N	\N	\N	\N	\N	\N	\N	\N	f	\N
1b76c49c-b8d7-4c10-84aa-6b2bfd1c3fbc	latagjoshuaivan@gmail.com	$2a$12$QmquG9pNfaOk8e8kD1i5iusw0NzHDRCjaf3YpY3Jk1YqjICBUufVq	Joshua Ivan	Latag	vehicle_owner	Individual	+639154788771	t	t	f	2026-01-25 03:55:33.551384	2026-01-24 08:23:47.841908	2026-01-25 03:55:33.551384	\N	\N	\N	\N	\N	\N	\N	\N	\N	Dagatan	f	\N
5eff4107-d246-4f21-b8f4-9f9e7e5b64a9	hpgadmin@hpg.gov.ph	$2a$12$8K1p/a0dL3YvEZrj8nH3hO5vJ5K5K5K5K5K5K5K5K5K5K5K5K5K5K	HPG	Administrator	admin	Highway Patrol Group	+63 2 2345 6789	t	t	f	\N	2026-01-24 06:13:28.265259	2026-01-24 09:24:41.599913	\N	\N	\N	\N	\N	\N	\N	\N	\N	\N	f	\N
a57fd791-bef2-4881-baa9-bfbd1c8b799c	admin@lto.gov.ph	$2a$12$0V4iR1vog9LRKdCxgKYQM.sH7QZWP2yMsu5i.80xLfH/imgycOGrG	Admin	User	admin	Land Transportation Office	\N	t	t	f	2026-01-25 04:20:13.391494	2026-01-24 06:02:26.045623	2026-01-25 04:20:13.391494	LTO-ADMIN-001	ADMIN-001	Administration	LTO Manila Central	\N	2024-01-01	LTO Administrator	\N	\N	\N	f	\N
c7179b34-ff7f-4004-9495-2cf9f049c3d1	ltofficer@lto.gov.ph	$2a$12$0V4iR1vog9LRKdCxgKYQM.sH7QZWP2yMsu5i.80xLfH/imgycOGrG	Juan	Dela Cruz	lto_officer	Land Transportation Office	+63 917 123 4567	t	t	f	2026-01-24 10:42:22.140097	2026-01-24 06:13:28.262002	2026-01-24 10:42:22.140097	\N	OFF-001	Vehicle Registration	LTO Manila Central	\N	\N	Registration Officer	\N	\N	\N	f	\N
21d178c0-37c5-466e-b2eb-560e32981cbd	insurance@lto.gov.ph	$2a$12$0V4iR1vog9LRKdCxgKYQM.sH7QZWP2yMsu5i.80xLfH/imgycOGrG	Insurance	Verifier	insurance_verifier	Insurance Company	\N	t	t	f	2026-01-24 16:54:09.424488	2026-01-24 06:02:26.045623	2026-01-24 16:54:09.424488	\N	\N	\N	\N	\N	\N	\N	\N	\N	\N	f	\N
\.


--
-- TOC entry 3968 (class 0 OID 16623)
-- Dependencies: 220
-- Data for Name: vehicle_history; Type: TABLE DATA; Schema: public; Owner: lto_user
--

COPY public.vehicle_history (id, vehicle_id, action, description, performed_by, performed_at, transaction_id, metadata) FROM stdin;
b0a48f8d-7350-49be-9e15-8bb8258d03d8	b87977c0-b366-4094-9116-e116fdc1198c	REGISTERED	Vehicle registration submitted	1b76c49c-b8d7-4c10-84aa-6b2bfd1c3fbc	2026-01-24 10:39:28.538546	\N	{"ownerName": "Joshua Ivan Latag", "timestamp": "2026-01-24T10:39:28.537Z", "ownerEmail": "latagjoshuaivan@gmail.com", "vehicleVin": "DPEN55LZKVYFCPYVS", "vehicleMake": "Toyota", "hasDocuments": true, "vehicleModel": "Fortuner", "documentCount": 5, "documentTypes": ["pnpHpgClearance", "ownerValidId", "insuranceCertificate", "certificateOfStockReport", "salesInvoice"], "vehiclePlateNumber": "PJW-1558"}
594ff412-20dd-4a67-bf8f-b12f40247e33	bf9b124a-4c18-4b5b-acc0-a03cc3d48d43	REGISTERED	Vehicle registration submitted	1b76c49c-b8d7-4c10-84aa-6b2bfd1c3fbc	2026-01-24 12:34:38.173977	\N	{"ownerName": "Joshua Ivan Latag", "timestamp": "2026-01-24T12:34:38.173Z", "ownerEmail": "latagjoshuaivan@gmail.com", "vehicleVin": "X5KXMY2X6U4207T4E", "vehicleMake": "Kia", "hasDocuments": true, "vehicleModel": "Rio", "documentCount": 5, "documentTypes": ["pnpHpgClearance", "ownerValidId", "certificateOfStockReport", "insuranceCertificate", "salesInvoice"], "vehiclePlateNumber": "YKS-1535"}
f5d487b5-6f92-41b9-bc13-437f86014568	ff0e5ca1-23a4-4bae-bdfe-563381687959	REGISTERED	Vehicle registration submitted	1b76c49c-b8d7-4c10-84aa-6b2bfd1c3fbc	2026-01-24 15:53:03.329844	\N	{"ownerName": "Joshua Ivan Latag", "timestamp": "2026-01-24T15:53:03.329Z", "ownerEmail": "latagjoshuaivan@gmail.com", "vehicleVin": "PXUTMY0VRM7SJ1DJG", "vehicleMake": "Fuso", "hasDocuments": true, "vehicleModel": "Canter", "documentCount": 5, "documentTypes": ["pnpHpgClearance", "certificateOfStockReport", "salesInvoice", "ownerValidId", "insuranceCertificate"], "vehiclePlateNumber": "UFM-8424"}
67107ebf-3480-461d-bd4c-ed10568acf35	2b072bb7-913e-4ea0-9347-f36ccf8d044b	REGISTERED	Vehicle registration submitted	1b76c49c-b8d7-4c10-84aa-6b2bfd1c3fbc	2026-01-24 16:52:36.093497	\N	{"ownerName": "Joshua Ivan Latag", "timestamp": "2026-01-24T16:52:36.092Z", "ownerEmail": "latagjoshuaivan@gmail.com", "vehicleVin": "DMHJ9ZBK50SBJZZ49", "vehicleMake": "Foton", "hasDocuments": true, "vehicleModel": "Toano", "documentCount": 5, "documentTypes": ["pnpHpgClearance", "certificateOfStockReport", "salesInvoice", "insuranceCertificate", "ownerValidId"], "vehiclePlateNumber": "LRZ-4414"}
f7e2a0d2-a876-4a8c-8891-c81d261fbafa	2b072bb7-913e-4ea0-9347-f36ccf8d044b	HPG_CLEARANCE_REQUESTED	HPG clearance automatically requested. Purpose: Initial Vehicle Registration - HPG Clearance	1b76c49c-b8d7-4c10-84aa-6b2bfd1c3fbc	2026-01-24 16:52:36.949695	\N	{"clearanceRequestId": "24d2ad22-ff3b-428e-a194-5c0122c02aca"}
82e4552e-3420-491b-804c-80d1adb54412	2b072bb7-913e-4ea0-9347-f36ccf8d044b	HPG_AUTOMATION_PHASE1	HPG Phase 1 automation completed. Metadata used, Database: CLEAN	1b76c49c-b8d7-4c10-84aa-6b2bfd1c3fbc	2026-01-24 16:52:36.96918	\N	{"extractedData": {"vin": "DMHJ9ZBK50SBJZZ49", "source": "vehicle_metadata", "plateNumber": "LRZ-4414", "engineNumber": "3UR-BE104018", "ocrExtracted": false, "chassisNumber": "DMHJ9ZBK50SBJZZ49"}, "clearanceRequestId": "24d2ad22-ff3b-428e-a194-5c0122c02aca", "databaseCheckResult": {"status": "CLEAN", "details": "Vehicle not found in HPG hot list", "checkedAt": "2026-01-24T16:52:36.959Z", "matchedRecords": [], "recommendation": "PROCEED"}}
c2e80f61-e614-45ed-bed3-7a9fa7899b33	2b072bb7-913e-4ea0-9347-f36ccf8d044b	INSURANCE_VERIFICATION_REQUESTED	Insurance verification automatically requested	1b76c49c-b8d7-4c10-84aa-6b2bfd1c3fbc	2026-01-24 16:52:36.991921	\N	{"documentId": "23de4345-7dbf-4a66-8bac-7da1d452c190", "clearanceRequestId": "e4fb2a34-ca32-40af-b98d-4e212c3eeade"}
f862f6ca-103a-4c0f-bc78-b37cef0a8cea	2b072bb7-913e-4ea0-9347-f36ccf8d044b	INSURANCE_AUTO_VERIFIED_PENDING	Insurance auto-verified but flagged for manual review. Score: 100%, Reason: Certificate authenticity failed: Error checking authenticity: syntax error at or near "from"	1b76c49c-b8d7-4c10-84aa-6b2bfd1c3fbc	2026-01-24 16:52:37.332752	\N	{"clearanceRequestId": "e4fb2a34-ca32-40af-b98d-4e212c3eeade", "autoVerificationResult": {"basis": {"hashUnique": true, "notExpired": true, "patternValid": true}, "score": 100, "reason": "Certificate authenticity failed: Error checking authenticity: syntax error at or near \\"from\\"", "status": "PENDING", "ocrData": {"insuranceExpiry": "24-Jan-2027", "insuranceCompany": "Details\\nCompany Name", "insurancePolicyNumber": "CTPL-2026-IQR4QU"}, "automated": true, "hashCheck": {"exists": false, "source": "database"}, "confidence": 1, "flagReasons": ["Certificate authenticity failed: Error checking authenticity: syntax error at or near \\"from\\""], "patternCheck": {"valid": true, "reason": "Format matches expected pattern", "pattern": "CTPL-YYYY-XXXXXX (e.g., CTPL-2026-C9P5EX)", "confidence": 100, "normalized": "CTPL-2026-IQR4QU"}, "authenticityCheck": {"error": "syntax error at or near \\"from\\"", "reason": "Error checking authenticity: syntax error at or near \\"from\\"", "authentic": false, "authenticityScore": 0}, "verificationResult": "FAILED"}}
f49d99a5-f0ac-4ef4-a143-b991eddc77d0	2b072bb7-913e-4ea0-9347-f36ccf8d044b	CLEARANCE_REQUESTS_AUTO_SENT	Clearance requests automatically sent to organizations. HPG: Yes, Insurance: Yes. Auto-verification: Insurance: PENDING (Auto)	1b76c49c-b8d7-4c10-84aa-6b2bfd1c3fbc	2026-01-24 16:52:37.361513	\N	{"hpgRequestId": "24d2ad22-ff3b-428e-a194-5c0122c02aca", "insuranceRequestId": "e4fb2a34-ca32-40af-b98d-4e212c3eeade", "autoVerificationResults": {"insurance": {"basis": {"hashUnique": true, "notExpired": true, "patternValid": true}, "score": 100, "reason": "Certificate authenticity failed: Error checking authenticity: syntax error at or near \\"from\\"", "status": "PENDING", "ocrData": {"insuranceExpiry": "24-Jan-2027", "insuranceCompany": "Details\\nCompany Name", "insurancePolicyNumber": "CTPL-2026-IQR4QU"}, "automated": true, "hashCheck": {"exists": false, "source": "database"}, "confidence": 1, "flagReasons": ["Certificate authenticity failed: Error checking authenticity: syntax error at or near \\"from\\""], "patternCheck": {"valid": true, "reason": "Format matches expected pattern", "pattern": "CTPL-YYYY-XXXXXX (e.g., CTPL-2026-C9P5EX)", "confidence": 100, "normalized": "CTPL-2026-IQR4QU"}, "authenticityCheck": {"error": "syntax error at or near \\"from\\"", "reason": "Error checking authenticity: syntax error at or near \\"from\\"", "authentic": false, "authenticityScore": 0}, "verificationResult": "FAILED"}}}
266d0da4-da7e-408f-b078-addb15531401	0f9d0224-8f13-4c9f-ba41-f23d0c10506e	REGISTERED	Vehicle registration submitted	1b76c49c-b8d7-4c10-84aa-6b2bfd1c3fbc	2026-01-24 17:56:49.809122	\N	{"ownerName": "Joshua Ivan Latag", "timestamp": "2026-01-24T17:56:49.807Z", "ownerEmail": "latagjoshuaivan@gmail.com", "vehicleVin": "AF6WB1Y1WVNKGC7Z3", "vehicleMake": "Honda", "hasDocuments": true, "vehicleModel": "TMX Supremo", "documentCount": 5, "documentTypes": ["insuranceCertificate", "pnpHpgClearance", "certificateOfStockReport", "ownerValidId", "salesInvoice"], "vehiclePlateNumber": "DHK-2840"}
c4f03082-c675-4022-97f8-875e183fdf27	e302a557-2f17-4c3d-9630-f859b8404327	REGISTERED	Vehicle registration submitted	1b76c49c-b8d7-4c10-84aa-6b2bfd1c3fbc	2026-01-24 18:27:54.403746	\N	{"ownerName": "Joshua Ivan Latag", "timestamp": "2026-01-24T18:27:54.401Z", "ownerEmail": "latagjoshuaivan@gmail.com", "vehicleVin": "DV347804YE0WXGRSK", "vehicleMake": "Toyota", "hasDocuments": true, "vehicleModel": "HiAce", "documentCount": 5, "documentTypes": ["pnpHpgClearance", "salesInvoice", "certificateOfStockReport", "ownerValidId", "insuranceCertificate"], "vehiclePlateNumber": "ACA-3346"}
b4bf1ce1-198d-41c2-a90e-05b7521e6213	e302a557-2f17-4c3d-9630-f859b8404327	HPG_CLEARANCE_REQUESTED	HPG clearance automatically requested. Purpose: Initial Vehicle Registration - HPG Clearance	1b76c49c-b8d7-4c10-84aa-6b2bfd1c3fbc	2026-01-24 18:27:55.134582	\N	{"clearanceRequestId": "1a64cf4e-8413-4122-8391-bc3f7250af84"}
2765e131-10ef-4c01-9a00-30795ebcfaa6	e302a557-2f17-4c3d-9630-f859b8404327	HPG_AUTOMATION_PHASE1	HPG Phase 1 automation completed. Metadata used, Database: CLEAN	1b76c49c-b8d7-4c10-84aa-6b2bfd1c3fbc	2026-01-24 18:27:55.158111	\N	{"extractedData": {"vin": "DV347804YE0WXGRSK", "source": "vehicle_metadata", "plateNumber": "ACA-3346", "engineNumber": "2NR-FE575339", "ocrExtracted": false, "chassisNumber": "DV347804YE0WXGRSK"}, "clearanceRequestId": "1a64cf4e-8413-4122-8391-bc3f7250af84", "databaseCheckResult": {"status": "CLEAN", "details": "Vehicle not found in HPG hot list", "checkedAt": "2026-01-24T18:27:55.146Z", "matchedRecords": [], "recommendation": "PROCEED"}}
02b49fc2-59b2-43a1-9916-0ee8de8340d8	e302a557-2f17-4c3d-9630-f859b8404327	INSURANCE_AUTO_VERIFIED_PENDING	Insurance auto-verified but flagged for manual review. Score: 100%, Reason: Certificate authenticity failed: Error checking authenticity: syntax error at or near "from"	1b76c49c-b8d7-4c10-84aa-6b2bfd1c3fbc	2026-01-24 18:27:55.358041	\N	{"documentId": "7e6351fa-7836-4c0d-8f18-2ea61a168455", "clearanceRequestId": "b0e304da-150b-440f-bfa4-897b77e28503", "autoVerificationResult": {"basis": {"hashUnique": true, "notExpired": true, "patternValid": true}, "score": 100, "reason": "Certificate authenticity failed: Error checking authenticity: syntax error at or near \\"from\\"", "status": "PENDING", "ocrData": {"insuranceExpiry": "24-Jan-2027", "insuranceCompany": "Details\\nCompany Name", "insurancePolicyNumber": "CTPL-2026-CGYUF2"}, "automated": true, "hashCheck": {"exists": false, "source": "database"}, "confidence": 1, "flagReasons": ["Certificate authenticity failed: Error checking authenticity: syntax error at or near \\"from\\""], "patternCheck": {"valid": true, "reason": "Format matches expected pattern", "pattern": "CTPL-YYYY-XXXXXX (e.g., CTPL-2026-C9P5EX)", "confidence": 100, "normalized": "CTPL-2026-CGYUF2"}, "authenticityCheck": {"error": "syntax error at or near \\"from\\"", "reason": "Error checking authenticity: syntax error at or near \\"from\\"", "authentic": false, "authenticityScore": 0}, "verificationResult": "FAILED"}}
f6136201-a64f-4637-ac7e-cb8a7ec26de6	e302a557-2f17-4c3d-9630-f859b8404327	CLEARANCE_REQUESTS_AUTO_SENT	Clearance requests automatically sent to organizations. HPG: Yes, Insurance: Yes. Auto-verification: Insurance: PENDING (Auto)	1b76c49c-b8d7-4c10-84aa-6b2bfd1c3fbc	2026-01-24 18:27:55.381163	\N	{"hpgRequestId": "1a64cf4e-8413-4122-8391-bc3f7250af84", "insuranceRequestId": "b0e304da-150b-440f-bfa4-897b77e28503", "autoVerificationResults": {"insurance": {"basis": {"hashUnique": true, "notExpired": true, "patternValid": true}, "score": 100, "reason": "Certificate authenticity failed: Error checking authenticity: syntax error at or near \\"from\\"", "status": "PENDING", "ocrData": {"insuranceExpiry": "24-Jan-2027", "insuranceCompany": "Details\\nCompany Name", "insurancePolicyNumber": "CTPL-2026-CGYUF2"}, "automated": true, "hashCheck": {"exists": false, "source": "database"}, "confidence": 1, "flagReasons": ["Certificate authenticity failed: Error checking authenticity: syntax error at or near \\"from\\""], "patternCheck": {"valid": true, "reason": "Format matches expected pattern", "pattern": "CTPL-YYYY-XXXXXX (e.g., CTPL-2026-C9P5EX)", "confidence": 100, "normalized": "CTPL-2026-CGYUF2"}, "authenticityCheck": {"error": "syntax error at or near \\"from\\"", "reason": "Error checking authenticity: syntax error at or near \\"from\\"", "authentic": false, "authenticityScore": 0}, "verificationResult": "FAILED"}}}
7cf2d728-3bd2-4949-aad7-74e768947855	858a20ac-2371-40ee-95b0-8f54bdc06db3	REGISTERED	Vehicle registration submitted	1b76c49c-b8d7-4c10-84aa-6b2bfd1c3fbc	2026-01-24 18:44:15.685196	\N	{"ownerName": "Joshua Ivan Latag", "timestamp": "2026-01-24T18:44:15.683Z", "ownerEmail": "latagjoshuaivan@gmail.com", "vehicleVin": "NT226TR0SBTNX8H0C", "vehicleMake": "Isuzu", "hasDocuments": true, "vehicleModel": "N-Series", "documentCount": 5, "documentTypes": ["pnpHpgClearance", "certificateOfStockReport", "ownerValidId", "insuranceCertificate", "salesInvoice"], "vehiclePlateNumber": "DNY-7331"}
68a08510-8063-4f9c-a6ba-f680835e3242	858a20ac-2371-40ee-95b0-8f54bdc06db3	HPG_CLEARANCE_REQUESTED	HPG clearance automatically requested. Purpose: Initial Vehicle Registration - HPG Clearance	1b76c49c-b8d7-4c10-84aa-6b2bfd1c3fbc	2026-01-24 18:44:16.423318	\N	{"clearanceRequestId": "16caad41-a335-422d-8bf2-654f0a009abd"}
51e75ba3-e9d9-42d1-9563-0ebf539c64ea	858a20ac-2371-40ee-95b0-8f54bdc06db3	HPG_AUTOMATION_PHASE1	HPG Phase 1 automation completed. Metadata used, Database: CLEAN	1b76c49c-b8d7-4c10-84aa-6b2bfd1c3fbc	2026-01-24 18:44:16.448577	\N	{"extractedData": {"vin": "NT226TR0SBTNX8H0C", "source": "vehicle_metadata", "plateNumber": "DNY-7331", "engineNumber": "2NR-CE157181", "ocrExtracted": false, "chassisNumber": "NT226TR0SBTNX8H0C"}, "clearanceRequestId": "16caad41-a335-422d-8bf2-654f0a009abd", "databaseCheckResult": {"status": "CLEAN", "details": "Vehicle not found in HPG hot list", "checkedAt": "2026-01-24T18:44:16.436Z", "matchedRecords": [], "recommendation": "PROCEED"}}
3f66b0e1-7d8d-42f8-8c25-4354b967ad9e	858a20ac-2371-40ee-95b0-8f54bdc06db3	INSURANCE_AUTO_VERIFIED_PENDING	Insurance auto-verified but flagged for manual review. Score: 100%, Reason: Certificate authenticity failed: Error checking authenticity: syntax error at or near "from"	1b76c49c-b8d7-4c10-84aa-6b2bfd1c3fbc	2026-01-24 18:44:16.655653	\N	{"documentId": "59072c45-2f26-406c-b340-ca410ec7ab29", "clearanceRequestId": "8850ed98-c835-461b-834d-7833165909a4", "autoVerificationResult": {"basis": {"hashUnique": true, "notExpired": true, "patternValid": true}, "score": 100, "reason": "Certificate authenticity failed: Error checking authenticity: syntax error at or near \\"from\\"", "status": "PENDING", "ocrData": {"insuranceExpiry": "24-Jan-2027", "insuranceCompany": "Details\\nCompany Name", "insurancePolicyNumber": "CTPL-2026-8TVPD4"}, "automated": true, "hashCheck": {"exists": false, "source": "database"}, "confidence": 1, "flagReasons": ["Certificate authenticity failed: Error checking authenticity: syntax error at or near \\"from\\""], "patternCheck": {"valid": true, "reason": "Format matches expected pattern", "pattern": "CTPL-YYYY-XXXXXX (e.g., CTPL-2026-C9P5EX)", "confidence": 100, "normalized": "CTPL-2026-8TVPD4"}, "authenticityCheck": {"error": "syntax error at or near \\"from\\"", "reason": "Error checking authenticity: syntax error at or near \\"from\\"", "authentic": false, "authenticityScore": 0}, "verificationResult": "FAILED"}}
cc36cfa1-2d3e-432b-909c-05c7a55507b2	858a20ac-2371-40ee-95b0-8f54bdc06db3	CLEARANCE_REQUESTS_AUTO_SENT	Clearance requests automatically sent to organizations. HPG: Yes, Insurance: Yes. Auto-verification: Insurance: PENDING (Auto)	1b76c49c-b8d7-4c10-84aa-6b2bfd1c3fbc	2026-01-24 18:44:16.679632	\N	{"hpgRequestId": "16caad41-a335-422d-8bf2-654f0a009abd", "insuranceRequestId": "8850ed98-c835-461b-834d-7833165909a4", "autoVerificationResults": {"insurance": {"basis": {"hashUnique": true, "notExpired": true, "patternValid": true}, "score": 100, "reason": "Certificate authenticity failed: Error checking authenticity: syntax error at or near \\"from\\"", "status": "PENDING", "ocrData": {"insuranceExpiry": "24-Jan-2027", "insuranceCompany": "Details\\nCompany Name", "insurancePolicyNumber": "CTPL-2026-8TVPD4"}, "automated": true, "hashCheck": {"exists": false, "source": "database"}, "confidence": 1, "flagReasons": ["Certificate authenticity failed: Error checking authenticity: syntax error at or near \\"from\\""], "patternCheck": {"valid": true, "reason": "Format matches expected pattern", "pattern": "CTPL-YYYY-XXXXXX (e.g., CTPL-2026-C9P5EX)", "confidence": 100, "normalized": "CTPL-2026-8TVPD4"}, "authenticityCheck": {"error": "syntax error at or near \\"from\\"", "reason": "Error checking authenticity: syntax error at or near \\"from\\"", "authentic": false, "authenticityScore": 0}, "verificationResult": "FAILED"}}}
03b1f24e-8577-4e92-afd2-79b430c9928d	f0350d21-a03c-465f-a536-6d8038b4c100	REGISTERED	Vehicle registration submitted	1b76c49c-b8d7-4c10-84aa-6b2bfd1c3fbc	2026-01-24 18:57:00.226027	\N	{"ownerName": "Joshua Ivan Latag", "timestamp": "2026-01-24T18:57:00.223Z", "ownerEmail": "latagjoshuaivan@gmail.com", "vehicleVin": "U198H0VR10TT2RS6E", "vehicleMake": "KTM", "hasDocuments": true, "vehicleModel": "Duke 200", "documentCount": 5, "documentTypes": ["insuranceCertificate", "ownerValidId", "salesInvoice", "certificateOfStockReport", "pnpHpgClearance"], "vehiclePlateNumber": "VNA-5740"}
8524cb4d-fcf4-4c1b-a0b3-aff09cc32a3d	f0350d21-a03c-465f-a536-6d8038b4c100	HPG_CLEARANCE_REQUESTED	HPG clearance automatically requested. Purpose: Initial Vehicle Registration - HPG Clearance	1b76c49c-b8d7-4c10-84aa-6b2bfd1c3fbc	2026-01-24 18:57:01.035204	\N	{"clearanceRequestId": "9b51d8c0-574c-4d41-b30c-c829e4ca4c1a"}
37e95e14-b5dc-4983-be63-4ffc4fb54c6a	f0350d21-a03c-465f-a536-6d8038b4c100	HPG_AUTOMATION_PHASE1	HPG Phase 1 automation completed. Metadata used, Database: CLEAN	1b76c49c-b8d7-4c10-84aa-6b2bfd1c3fbc	2026-01-24 18:57:01.0802	\N	{"extractedData": {"vin": "U198H0VR10TT2RS6E", "source": "vehicle_metadata", "plateNumber": "VNA-5740", "engineNumber": "2NR-FE645151", "ocrExtracted": false, "chassisNumber": "U198H0VR10TT2RS6E"}, "clearanceRequestId": "9b51d8c0-574c-4d41-b30c-c829e4ca4c1a", "databaseCheckResult": {"status": "CLEAN", "details": "Vehicle not found in HPG hot list", "checkedAt": "2026-01-24T18:57:01.056Z", "matchedRecords": [], "recommendation": "PROCEED"}}
e0bd854c-1ab4-4791-bbb5-2a4454d1196c	f0350d21-a03c-465f-a536-6d8038b4c100	INSURANCE_AUTO_VERIFIED_PENDING	Insurance auto-verified but flagged for manual review. Score: 100%, Reason: Certificate authenticity failed: No original certificate found with matching file hash in issued_certificates or certificates tables	1b76c49c-b8d7-4c10-84aa-6b2bfd1c3fbc	2026-01-24 18:57:01.361127	\N	{"documentId": "872dbaa8-6444-4058-887e-476708e61259", "clearanceRequestId": "ea52e5ce-a4ef-4309-a186-610d07fc1fc4", "autoVerificationResult": {"basis": {"hashUnique": true, "notExpired": true, "patternValid": true}, "score": 100, "reason": "Certificate authenticity failed: No original certificate found with matching file hash in issued_certificates or certificates tables", "status": "PENDING", "ocrData": {"insuranceExpiry": "24-Jan-2027", "insuranceCompany": "Details\\nCompany Name", "insurancePolicyNumber": "CTPL-2026-583PRU"}, "automated": true, "hashCheck": {"exists": false, "source": "database"}, "confidence": 1, "flagReasons": ["Certificate authenticity failed: No original certificate found with matching file hash in issued_certificates or certificates tables"], "patternCheck": {"valid": true, "reason": "Format matches expected pattern", "pattern": "CTPL-YYYY-XXXXXX (e.g., CTPL-2026-C9P5EX)", "confidence": 100, "normalized": "CTPL-2026-583PRU"}, "authenticityCheck": {"reason": "No original certificate found with matching file hash in issued_certificates or certificates tables", "source": "none", "authentic": false, "debugInfo": {"certificateType": "insurance", "searchedFileHash": "b99186a123a2e0948c369ccc29fbb2a2...", "totalCertificatesChecked": 0}, "authenticityScore": 0, "originalCertificateFound": false}, "verificationResult": "FAILED"}}
3947ef5b-d92f-472a-840b-a4800cded8cd	f0350d21-a03c-465f-a536-6d8038b4c100	CLEARANCE_REQUESTS_AUTO_SENT	Clearance requests automatically sent to organizations. HPG: Yes, Insurance: Yes. Auto-verification: Insurance: PENDING (Auto)	1b76c49c-b8d7-4c10-84aa-6b2bfd1c3fbc	2026-01-24 18:57:01.37582	\N	{"hpgRequestId": "9b51d8c0-574c-4d41-b30c-c829e4ca4c1a", "insuranceRequestId": "ea52e5ce-a4ef-4309-a186-610d07fc1fc4", "autoVerificationResults": {"insurance": {"basis": {"hashUnique": true, "notExpired": true, "patternValid": true}, "score": 100, "reason": "Certificate authenticity failed: No original certificate found with matching file hash in issued_certificates or certificates tables", "status": "PENDING", "ocrData": {"insuranceExpiry": "24-Jan-2027", "insuranceCompany": "Details\\nCompany Name", "insurancePolicyNumber": "CTPL-2026-583PRU"}, "automated": true, "hashCheck": {"exists": false, "source": "database"}, "confidence": 1, "flagReasons": ["Certificate authenticity failed: No original certificate found with matching file hash in issued_certificates or certificates tables"], "patternCheck": {"valid": true, "reason": "Format matches expected pattern", "pattern": "CTPL-YYYY-XXXXXX (e.g., CTPL-2026-C9P5EX)", "confidence": 100, "normalized": "CTPL-2026-583PRU"}, "authenticityCheck": {"reason": "No original certificate found with matching file hash in issued_certificates or certificates tables", "source": "none", "authentic": false, "debugInfo": {"certificateType": "insurance", "searchedFileHash": "b99186a123a2e0948c369ccc29fbb2a2...", "totalCertificatesChecked": 0}, "authenticityScore": 0, "originalCertificateFound": false}, "verificationResult": "FAILED"}}}
a0e261e0-23b1-46c5-844a-0ed971d0eccf	6dd179cd-2f50-4833-82ed-003f34fa817d	REGISTERED	Vehicle registration submitted	1b76c49c-b8d7-4c10-84aa-6b2bfd1c3fbc	2026-01-24 19:19:06.380614	\N	{"ownerName": "Joshua Ivan Latag", "timestamp": "2026-01-24T19:19:06.379Z", "ownerEmail": "latagjoshuaivan@gmail.com", "vehicleVin": "F5TFNJM7BDH13S38W", "vehicleMake": "Honda", "hasDocuments": true, "vehicleModel": "Civic", "documentCount": 5, "documentTypes": ["pnpHpgClearance", "certificateOfStockReport", "ownerValidId", "salesInvoice", "insuranceCertificate"], "vehiclePlateNumber": "XSX-7285"}
273db880-dc2f-4850-8b64-5205041bf2df	6dd179cd-2f50-4833-82ed-003f34fa817d	HPG_CLEARANCE_REQUESTED	HPG clearance automatically requested. Purpose: Initial Vehicle Registration - HPG Clearance	1b76c49c-b8d7-4c10-84aa-6b2bfd1c3fbc	2026-01-24 19:19:07.104106	\N	{"clearanceRequestId": "b3c41178-8e9c-4191-bc02-f49bf3e9168e"}
ff5454c0-9e60-44c8-9dd2-40e2e5904998	6dd179cd-2f50-4833-82ed-003f34fa817d	HPG_AUTOMATION_PHASE1	HPG Phase 1 automation completed. Metadata used, Database: CLEAN	1b76c49c-b8d7-4c10-84aa-6b2bfd1c3fbc	2026-01-24 19:19:07.13146	\N	{"extractedData": {"vin": "F5TFNJM7BDH13S38W", "source": "vehicle_metadata", "plateNumber": "XSX-7285", "engineNumber": "3UR-DE884077", "ocrExtracted": false, "chassisNumber": "F5TFNJM7BDH13S38W"}, "clearanceRequestId": "b3c41178-8e9c-4191-bc02-f49bf3e9168e", "databaseCheckResult": {"status": "CLEAN", "details": "Vehicle not found in HPG hot list", "checkedAt": "2026-01-24T19:19:07.116Z", "matchedRecords": [], "recommendation": "PROCEED"}}
1682c7b2-8039-4435-b87e-2fea2f84fbc3	6dd179cd-2f50-4833-82ed-003f34fa817d	INSURANCE_AUTO_VERIFIED_APPROVED	Insurance auto-verified and approved. Score: 100%	1b76c49c-b8d7-4c10-84aa-6b2bfd1c3fbc	2026-01-24 19:19:07.295855	\N	{"documentId": "f68a8a3d-5cc9-4d19-9788-7dcbb56c1c7c", "clearanceRequestId": "ea8b9833-c571-402d-9280-e120dc224886", "autoVerificationResult": {"basis": {"hashUnique": true, "notExpired": true, "patternValid": true}, "score": 100, "status": "APPROVED", "ocrData": {"insuranceExpiry": "24-Jan-2027", "insuranceCompany": "Details\\nCompany Name", "insurancePolicyNumber": "CTPL-2026-JTMM87"}, "automated": true, "hashCheck": {"exists": false, "source": "database"}, "confidence": 1, "patternCheck": {"valid": true, "reason": "Format matches expected pattern", "pattern": "CTPL-YYYY-XXXXXX (e.g., CTPL-2026-C9P5EX)", "confidence": 100, "normalized": "CTPL-2026-JTMM87"}, "compositeHash": "d65e8bc04ebb05e8a36c6f293e00f231caa369a5f410f446a1d662e258fe4ee1", "blockchainTxId": null, "authenticityCheck": {"reason": "Certificate file hash matches original certificate from certificate-generator (issuer verified)", "source": "issued_certificates", "authentic": true, "matchType": "file_hash", "blockchainTxId": null, "certificateData": {"coverageType": "CTPL", "coverageAmount": "PHP 200,000 / PHP 50,000"}, "originalFileHash": "6346fc47b3c259dceb06e298687603e17ac21a7409d68a61ac428e94da91a85b", "authenticityScore": 100, "originalVehicleVin": "F5TFNJM7BDH13S38W", "originalCertificateId": "f4bc48bc-db4d-4b45-89f8-2a548b7c7419", "originalCompositeHash": "319533584cecfaab6af455e3bba1f53db8ef403c289b96aed1a103418383c704", "originalCertificateFound": true, "originalCertificateNumber": "CTPL-2026-JTMM87"}}}
86e57373-e42a-4933-b230-ce34ee2ce033	6dd179cd-2f50-4833-82ed-003f34fa817d	CLEARANCE_REQUESTS_AUTO_SENT	Clearance requests automatically sent to organizations. HPG: Yes, Insurance: Yes. Auto-verification: Insurance: APPROVED (Auto)	1b76c49c-b8d7-4c10-84aa-6b2bfd1c3fbc	2026-01-24 19:19:07.31203	\N	{"hpgRequestId": "b3c41178-8e9c-4191-bc02-f49bf3e9168e", "insuranceRequestId": "ea8b9833-c571-402d-9280-e120dc224886", "autoVerificationResults": {"insurance": {"basis": {"hashUnique": true, "notExpired": true, "patternValid": true}, "score": 100, "status": "APPROVED", "ocrData": {"insuranceExpiry": "24-Jan-2027", "insuranceCompany": "Details\\nCompany Name", "insurancePolicyNumber": "CTPL-2026-JTMM87"}, "automated": true, "hashCheck": {"exists": false, "source": "database"}, "confidence": 1, "patternCheck": {"valid": true, "reason": "Format matches expected pattern", "pattern": "CTPL-YYYY-XXXXXX (e.g., CTPL-2026-C9P5EX)", "confidence": 100, "normalized": "CTPL-2026-JTMM87"}, "compositeHash": "d65e8bc04ebb05e8a36c6f293e00f231caa369a5f410f446a1d662e258fe4ee1", "blockchainTxId": null, "authenticityCheck": {"reason": "Certificate file hash matches original certificate from certificate-generator (issuer verified)", "source": "issued_certificates", "authentic": true, "matchType": "file_hash", "blockchainTxId": null, "certificateData": {"coverageType": "CTPL", "coverageAmount": "PHP 200,000 / PHP 50,000"}, "originalFileHash": "6346fc47b3c259dceb06e298687603e17ac21a7409d68a61ac428e94da91a85b", "authenticityScore": 100, "originalVehicleVin": "F5TFNJM7BDH13S38W", "originalCertificateId": "f4bc48bc-db4d-4b45-89f8-2a548b7c7419", "originalCompositeHash": "319533584cecfaab6af455e3bba1f53db8ef403c289b96aed1a103418383c704", "originalCertificateFound": true, "originalCertificateNumber": "CTPL-2026-JTMM87"}}}}
c89c79ba-b3b5-41cb-8654-476986704a82	6dd179cd-2f50-4833-82ed-003f34fa817d	HPG_AUTO_VERIFY	HPG auto-verification completed. Confidence: 100%. Recommendation: AUTO_APPROVE	654bb34d-fec4-458c-94bc-2223d885a6d7	2026-01-24 19:19:54.308096	\N	{"hashCheck": {"exists": false, "source": "database"}, "compositeHash": "604a67a78ac1be2eb5e41c6b9694d34767850efa3457b6c581e29db79d9d267a", "recommendation": "AUTO_APPROVE", "scoreBreakdown": {"total": 100, "dataMatch": 5, "dataExtraction": 30, "hashUniqueness": 20, "documentCompleteness": 15, "certificateAuthenticity": 30}, "confidenceScore": 100, "authenticityCheck": {"reason": "Certificate file hash matches original certificate from certificate-generator (issuer verified)", "source": "issued_certificates", "authentic": true, "matchType": "file_hash", "blockchainTxId": null, "certificateData": {"vehiclePlate": "XSX-7285", "verificationDetails": {"engine_condition": "Good", "chassis_condition": "Good"}}, "originalFileHash": "c7f9d56a3de1debc290d47b31f1823b7c49bd5b9a9214bf452342bb602512849", "authenticityScore": 100, "originalVehicleVin": "F5TFNJM7BDH13S38W", "originalCertificateId": "295c2cf7-edc6-4c2a-8a33-fd435386c4b9", "originalCompositeHash": "52037fce3b0a1b78809ecfba74865ebe1fd79f13ac10ecc4650e6cde1730c6ef", "originalCertificateFound": true, "originalCertificateNumber": "HPG-2026-179TCA"}, "clearanceRequestId": "b3c41178-8e9c-4191-bc02-f49bf3e9168e"}
483241d5-a788-4183-84cb-ef7cad6c6456	6dd179cd-2f50-4833-82ed-003f34fa817d	HPG_VERIFICATION_APPROVED	HPG verification approved by hpg@hpg.gov.ph. 	654bb34d-fec4-458c-94bc-2223d885a6d7	2026-01-24 19:20:06.491648	\N	{"engineNumber": "3UR-DE884077", "macroEtching": false, "chassisNumber": "F5TFNJM7BDH13S38W", "clearanceRequestId": "b3c41178-8e9c-4191-bc02-f49bf3e9168e"}
c539b524-7964-4671-9101-7b1a53153fda	6dd179cd-2f50-4833-82ed-003f34fa817d	BLOCKCHAIN_REGISTERED	Vehicle registered on Hyperledger Fabric. TX: eeeb1b1a19bb831061adce655bf93c2ff17f8e00390e0e92722aff973c786e8b	a57fd791-bef2-4881-baa9-bfbd1c8b799c	2026-01-24 19:21:26.399043	eeeb1b1a19bb831061adce655bf93c2ff17f8e00390e0e92722aff973c786e8b	{"source": "lto_final_approval", "crNumber": "CR-2026-000001", "orNumber": "OR-2026-000001", "chaincode": "vehicle-registration", "mvirNumber": null, "registeredAt": "2026-01-24T19:21:26.398Z", "fabricNetwork": "ltochannel"}
ffc78ac5-2043-4826-a07f-10faa50a01bf	6dd179cd-2f50-4833-82ed-003f34fa817d	CLEARANCE_APPROVED	Clearance approved by admin@lto.gov.ph. OR: OR-2026-000001, CR: CR-2026-000001. Application approved by admin	a57fd791-bef2-4881-baa9-bfbd1c8b799c	2026-01-24 19:21:27.176891	eeeb1b1a19bb831061adce655bf93c2ff17f8e00390e0e92722aff973c786e8b	{"notes": "Application approved by admin", "crNumber": "CR-2026-000001", "orNumber": "OR-2026-000001", "crIssuedAt": "2026-01-24T19:21:25.837Z", "orCrNumber": "OR-2026-000001", "orIssuedAt": "2026-01-24T19:21:25.837Z", "orCrIssuedAt": "2026-01-24T19:21:25.837Z", "verifications": [{"type": "insurance", "status": "APPROVED"}, {"type": "hpg", "status": "APPROVED"}], "blockchainTxId": "eeeb1b1a19bb831061adce655bf93c2ff17f8e00390e0e92722aff973c786e8b"}
b37e0ff6-3414-4fff-819f-acf55cc2cae2	e8949d82-01b3-49ef-af1a-9380edb2c3e4	REGISTERED	Vehicle registration submitted	1b76c49c-b8d7-4c10-84aa-6b2bfd1c3fbc	2026-01-25 03:03:52.766533	\N	{"ownerName": "Joshua Ivan Latag", "timestamp": "2026-01-25T03:03:52.764Z", "ownerEmail": "latagjoshuaivan@gmail.com", "vehicleVin": "BX0SDRHABB4GG71DE", "vehicleMake": "Honda", "hasDocuments": true, "vehicleModel": "City", "documentCount": 5, "documentTypes": ["pnpHpgClearance", "salesInvoice", "certificateOfStockReport", "insuranceCertificate", "ownerValidId"], "vehiclePlateNumber": "KKT-4961"}
c4ad8ad6-2e63-4c5c-9a9e-475e0bdb2a0f	e8949d82-01b3-49ef-af1a-9380edb2c3e4	HPG_CLEARANCE_REQUESTED	HPG clearance automatically requested. Purpose: Initial Vehicle Registration - HPG Clearance	1b76c49c-b8d7-4c10-84aa-6b2bfd1c3fbc	2026-01-25 03:03:53.460028	\N	{"clearanceRequestId": "be2c52cf-7728-43fd-9615-ad1b272ba762"}
df05d196-4808-40bd-92b3-40c03f56942f	e8949d82-01b3-49ef-af1a-9380edb2c3e4	HPG_AUTOMATION_PHASE1	HPG Phase 1 automation completed. Metadata used, Database: CLEAN	1b76c49c-b8d7-4c10-84aa-6b2bfd1c3fbc	2026-01-25 03:03:53.47689	\N	{"extractedData": {"vin": "BX0SDRHABB4GG71DE", "source": "vehicle_metadata", "plateNumber": "KKT-4961", "engineNumber": "5VZ-CE476535", "ocrExtracted": false, "chassisNumber": "BX0SDRHABB4GG71DE"}, "clearanceRequestId": "be2c52cf-7728-43fd-9615-ad1b272ba762", "databaseCheckResult": {"status": "CLEAN", "details": "Vehicle not found in HPG hot list", "checkedAt": "2026-01-25T03:03:53.468Z", "matchedRecords": [], "recommendation": "PROCEED"}}
38124296-e224-4cd1-9e82-9801fc78e3cc	e8949d82-01b3-49ef-af1a-9380edb2c3e4	INSURANCE_AUTO_VERIFIED_APPROVED	Insurance auto-verified and approved. Score: 100%	1b76c49c-b8d7-4c10-84aa-6b2bfd1c3fbc	2026-01-25 03:03:53.638825	\N	{"documentId": "ff22de10-909f-40d6-9b63-01df57b68b0d", "clearanceRequestId": "ec7e5e26-98a1-4243-a65a-4e0d2dabe41e", "autoVerificationResult": {"basis": {"hashUnique": true, "notExpired": true, "patternValid": true}, "score": 100, "status": "APPROVED", "ocrData": {"insuranceExpiry": "25-Jan-2027", "insuranceCompany": "Details\\nCompany Name", "insurancePolicyNumber": "CTPL-2026-54OZ2O"}, "automated": true, "hashCheck": {"exists": false, "source": "database"}, "confidence": 1, "patternCheck": {"valid": true, "reason": "Format matches expected pattern", "pattern": "CTPL-YYYY-XXXXXX (e.g., CTPL-2026-C9P5EX)", "confidence": 100, "normalized": "CTPL-2026-54OZ2O"}, "compositeHash": "0fb269b02aa1ba830617dd6846f6c8a7be67aa80419c279f57852c0ea538234d", "blockchainTxId": null, "authenticityCheck": {"reason": "Certificate file hash matches original certificate from certificate-generator (issuer verified)", "source": "issued_certificates", "authentic": true, "matchType": "file_hash", "blockchainTxId": null, "certificateData": {"coverageType": "CTPL", "coverageAmount": "PHP 200,000 / PHP 50,000"}, "originalFileHash": "00a2144344f27407b31f04585b64a2cde7fb741ddaa0cbae9e355366144c32b7", "authenticityScore": 100, "originalVehicleVin": "BX0SDRHABB4GG71DE", "originalCertificateId": "221541f6-9fa3-45dd-8e4f-3db13103015c", "originalCompositeHash": "db4452a158aa7dc4679cfffe224eeef73742f8d0554f0da04ec19148fcd92206", "originalCertificateFound": true, "originalCertificateNumber": "CTPL-2026-54OZ2O"}}}
27618e1b-0f96-44c9-a2d2-55014c5f66a6	e8949d82-01b3-49ef-af1a-9380edb2c3e4	CLEARANCE_REQUESTS_AUTO_SENT	Clearance requests automatically sent to organizations. HPG: Yes, Insurance: Yes. Auto-verification: Insurance: APPROVED (Auto)	1b76c49c-b8d7-4c10-84aa-6b2bfd1c3fbc	2026-01-25 03:03:53.649883	\N	{"hpgRequestId": "be2c52cf-7728-43fd-9615-ad1b272ba762", "insuranceRequestId": "ec7e5e26-98a1-4243-a65a-4e0d2dabe41e", "autoVerificationResults": {"insurance": {"basis": {"hashUnique": true, "notExpired": true, "patternValid": true}, "score": 100, "status": "APPROVED", "ocrData": {"insuranceExpiry": "25-Jan-2027", "insuranceCompany": "Details\\nCompany Name", "insurancePolicyNumber": "CTPL-2026-54OZ2O"}, "automated": true, "hashCheck": {"exists": false, "source": "database"}, "confidence": 1, "patternCheck": {"valid": true, "reason": "Format matches expected pattern", "pattern": "CTPL-YYYY-XXXXXX (e.g., CTPL-2026-C9P5EX)", "confidence": 100, "normalized": "CTPL-2026-54OZ2O"}, "compositeHash": "0fb269b02aa1ba830617dd6846f6c8a7be67aa80419c279f57852c0ea538234d", "blockchainTxId": null, "authenticityCheck": {"reason": "Certificate file hash matches original certificate from certificate-generator (issuer verified)", "source": "issued_certificates", "authentic": true, "matchType": "file_hash", "blockchainTxId": null, "certificateData": {"coverageType": "CTPL", "coverageAmount": "PHP 200,000 / PHP 50,000"}, "originalFileHash": "00a2144344f27407b31f04585b64a2cde7fb741ddaa0cbae9e355366144c32b7", "authenticityScore": 100, "originalVehicleVin": "BX0SDRHABB4GG71DE", "originalCertificateId": "221541f6-9fa3-45dd-8e4f-3db13103015c", "originalCompositeHash": "db4452a158aa7dc4679cfffe224eeef73742f8d0554f0da04ec19148fcd92206", "originalCertificateFound": true, "originalCertificateNumber": "CTPL-2026-54OZ2O"}}}}
09cc49df-9c56-4f1d-8cba-9bb4d280cbea	e8949d82-01b3-49ef-af1a-9380edb2c3e4	HPG_AUTO_VERIFY	HPG auto-verification completed. Confidence: 100%. Recommendation: AUTO_APPROVE	654bb34d-fec4-458c-94bc-2223d885a6d7	2026-01-25 03:04:45.047236	\N	{"hashCheck": {"exists": false, "source": "database"}, "compositeHash": "0de0392654d9136d90472fdfceeb55198aeca013631f2085a66ee7d3b6097845", "recommendation": "AUTO_APPROVE", "scoreBreakdown": {"total": 100, "dataMatch": 5, "dataExtraction": 30, "hashUniqueness": 20, "documentCompleteness": 15, "certificateAuthenticity": 30}, "confidenceScore": 100, "authenticityCheck": {"reason": "Certificate file hash matches original certificate from certificate-generator (issuer verified)", "source": "issued_certificates", "authentic": true, "matchType": "file_hash", "blockchainTxId": null, "certificateData": {"vehiclePlate": "KKT-4961", "verificationDetails": {"engine_condition": "Good", "chassis_condition": "Good"}}, "originalFileHash": "a63f9eb4aa7e26241046618a41df02f615db148002d4ed19dbcc3ab8b14ed0b4", "authenticityScore": 100, "originalVehicleVin": "BX0SDRHABB4GG71DE", "originalCertificateId": "a7b70159-3ec5-4309-a365-e6ead467a5fe", "originalCompositeHash": "b7ea6b3680b0d0b1011cc4268ec2f372941ead4165519bb1bbe94240aac4a030", "originalCertificateFound": true, "originalCertificateNumber": "HPG-2026-D56E86"}, "clearanceRequestId": "be2c52cf-7728-43fd-9615-ad1b272ba762"}
a1859ef1-4e52-468d-8883-0ffa085c4676	e8949d82-01b3-49ef-af1a-9380edb2c3e4	HPG_CLEARANCE_APPROVED	HPG verification approved by hpg@hpg.gov.ph. 	654bb34d-fec4-458c-94bc-2223d885a6d7	2026-01-25 03:05:07.590246	\N	{"engineNumber": "5VZ-CE476535", "macroEtching": false, "chassisNumber": "BX0SDRHABB4GG71DE", "blockchainTxId": null, "blockchainError": "Verification update failed: No valid responses from any peers. Errors:\\n    peer=peer0.lto.gov.ph, status=500, message=Failed to update verification status: Vehicle with VIN BX0SDRHABB4GG71DE not found", "clearanceRequestId": "be2c52cf-7728-43fd-9615-ad1b272ba762"}
bdd4b606-b2bc-4b81-a213-5ef8d043a33b	8f16185b-84a1-4e4f-b3d0-b267326e02d4	REGISTERED	Vehicle registration submitted	1b76c49c-b8d7-4c10-84aa-6b2bfd1c3fbc	2026-01-25 03:17:53.672512	\N	{"ownerName": "Joshua Ivan Latag", "timestamp": "2026-01-25T03:17:53.670Z", "ownerEmail": "latagjoshuaivan@gmail.com", "vehicleVin": "TVL7CSH7AASKK8ADX", "vehicleMake": "Kia", "hasDocuments": true, "vehicleModel": "Rio", "documentCount": 5, "documentTypes": ["pnpHpgClearance", "salesInvoice", "certificateOfStockReport", "ownerValidId", "insuranceCertificate"], "vehiclePlateNumber": "VZL-7845"}
9c84ecf6-0c20-4a2b-9597-4775629386ab	8f16185b-84a1-4e4f-b3d0-b267326e02d4	HPG_CLEARANCE_REQUESTED	HPG clearance automatically requested. Purpose: Initial Vehicle Registration - HPG Clearance	1b76c49c-b8d7-4c10-84aa-6b2bfd1c3fbc	2026-01-25 03:17:54.84208	\N	{"clearanceRequestId": "7fea730e-f42a-497a-97cb-845410482666"}
8fd5b7fa-9efa-45c8-a30f-8e251af480ec	8f16185b-84a1-4e4f-b3d0-b267326e02d4	HPG_AUTOMATION_PHASE1	HPG Phase 1 automation completed. Metadata used, Database: CLEAN	1b76c49c-b8d7-4c10-84aa-6b2bfd1c3fbc	2026-01-25 03:17:54.860801	\N	{"extractedData": {"vin": "TVL7CSH7AASKK8ADX", "source": "vehicle_metadata", "plateNumber": "VZL-7845", "engineNumber": "4GR-DE868125", "ocrExtracted": false, "chassisNumber": "TVL7CSH7AASKK8ADX"}, "clearanceRequestId": "7fea730e-f42a-497a-97cb-845410482666", "databaseCheckResult": {"status": "CLEAN", "details": "Vehicle not found in HPG hot list", "checkedAt": "2026-01-25T03:17:54.851Z", "matchedRecords": [], "recommendation": "PROCEED"}}
f5d2a393-ea94-4c48-ab9a-9bc40f45800b	8f16185b-84a1-4e4f-b3d0-b267326e02d4	INSURANCE_AUTO_VERIFIED_APPROVED	Insurance auto-verified and approved. Score: 100%	1b76c49c-b8d7-4c10-84aa-6b2bfd1c3fbc	2026-01-25 03:17:54.999896	\N	{"documentId": "fb9aaabe-cd7e-42d7-a71a-624b6a8b686d", "clearanceRequestId": "e3f3fbb3-7638-41a9-9185-481ffada3440", "autoVerificationResult": {"basis": {"hashUnique": true, "notExpired": true, "patternValid": true}, "score": 100, "status": "APPROVED", "ocrData": {"insuranceExpiry": "25-Jan-2027", "insuranceCompany": "Details\\nCompany Name", "insurancePolicyNumber": "CTPL-2026-0EWVYC"}, "automated": true, "hashCheck": {"exists": false, "source": "database"}, "confidence": 1, "patternCheck": {"valid": true, "reason": "Format matches expected pattern", "pattern": "CTPL-YYYY-XXXXXX (e.g., CTPL-2026-C9P5EX)", "confidence": 100, "normalized": "CTPL-2026-0EWVYC"}, "compositeHash": "5d6beefdeb690d4d4ec09f76718a343f6d8e934e25d7affa7de82863d49b9ba8", "blockchainTxId": null, "authenticityCheck": {"reason": "Certificate file hash matches original certificate from certificate-generator (issuer verified)", "source": "issued_certificates", "authentic": true, "matchType": "file_hash", "blockchainTxId": null, "certificateData": {"coverageType": "CTPL", "coverageAmount": "PHP 200,000 / PHP 50,000"}, "originalFileHash": "2aeeb87284a8e3306b1724bb6b3939f266e845329ea4d7672cb4ead3055cf616", "authenticityScore": 100, "originalVehicleVin": "TVL7CSH7AASKK8ADX", "originalCertificateId": "03bbdab6-ffdf-4f7b-8895-a23ee0132a13", "originalCompositeHash": "b1a433e9ee9805006dc8d404a52b5fbc0dc484b8c619867f6e6188b2e22b3baa", "originalCertificateFound": true, "originalCertificateNumber": "CTPL-2026-0EWVYC"}}}
9fcd27a5-530b-449d-9d8a-5650b23f1ede	8f16185b-84a1-4e4f-b3d0-b267326e02d4	CLEARANCE_REQUESTS_AUTO_SENT	Clearance requests automatically sent to organizations. HPG: Yes, Insurance: Yes. Auto-verification: Insurance: APPROVED (Auto)	1b76c49c-b8d7-4c10-84aa-6b2bfd1c3fbc	2026-01-25 03:17:55.011761	\N	{"hpgRequestId": "7fea730e-f42a-497a-97cb-845410482666", "insuranceRequestId": "e3f3fbb3-7638-41a9-9185-481ffada3440", "autoVerificationResults": {"insurance": {"basis": {"hashUnique": true, "notExpired": true, "patternValid": true}, "score": 100, "status": "APPROVED", "ocrData": {"insuranceExpiry": "25-Jan-2027", "insuranceCompany": "Details\\nCompany Name", "insurancePolicyNumber": "CTPL-2026-0EWVYC"}, "automated": true, "hashCheck": {"exists": false, "source": "database"}, "confidence": 1, "patternCheck": {"valid": true, "reason": "Format matches expected pattern", "pattern": "CTPL-YYYY-XXXXXX (e.g., CTPL-2026-C9P5EX)", "confidence": 100, "normalized": "CTPL-2026-0EWVYC"}, "compositeHash": "5d6beefdeb690d4d4ec09f76718a343f6d8e934e25d7affa7de82863d49b9ba8", "blockchainTxId": null, "authenticityCheck": {"reason": "Certificate file hash matches original certificate from certificate-generator (issuer verified)", "source": "issued_certificates", "authentic": true, "matchType": "file_hash", "blockchainTxId": null, "certificateData": {"coverageType": "CTPL", "coverageAmount": "PHP 200,000 / PHP 50,000"}, "originalFileHash": "2aeeb87284a8e3306b1724bb6b3939f266e845329ea4d7672cb4ead3055cf616", "authenticityScore": 100, "originalVehicleVin": "TVL7CSH7AASKK8ADX", "originalCertificateId": "03bbdab6-ffdf-4f7b-8895-a23ee0132a13", "originalCompositeHash": "b1a433e9ee9805006dc8d404a52b5fbc0dc484b8c619867f6e6188b2e22b3baa", "originalCertificateFound": true, "originalCertificateNumber": "CTPL-2026-0EWVYC"}}}}
47425e63-10b2-4a32-90c0-fa17fa652d40	8f16185b-84a1-4e4f-b3d0-b267326e02d4	HPG_AUTO_VERIFY	HPG auto-verification completed. Confidence: 100%. Recommendation: AUTO_APPROVE	654bb34d-fec4-458c-94bc-2223d885a6d7	2026-01-25 03:18:51.2781	\N	{"hashCheck": {"exists": false, "source": "database"}, "compositeHash": "f1280a7caf1c03f8cbae80ecad0e259f4991218568612e7aa672742fd9055c65", "recommendation": "AUTO_APPROVE", "scoreBreakdown": {"total": 100, "dataMatch": 5, "dataExtraction": 30, "hashUniqueness": 20, "documentCompleteness": 15, "certificateAuthenticity": 30}, "confidenceScore": 100, "authenticityCheck": {"reason": "Certificate file hash matches original certificate from certificate-generator (issuer verified)", "source": "issued_certificates", "authentic": true, "matchType": "file_hash", "blockchainTxId": null, "certificateData": {"vehiclePlate": "VZL-7845", "verificationDetails": {"engine_condition": "Good", "chassis_condition": "Good"}}, "originalFileHash": "176b97db392893ae7496538b5fa2c35f38b3510ec9771cbcff12681a48dd598d", "authenticityScore": 100, "originalVehicleVin": "TVL7CSH7AASKK8ADX", "originalCertificateId": "2bc898e3-b3f1-4649-9de6-bfb809354fcd", "originalCompositeHash": "de5c087a8933936d2ac97e4925b28f3f9a5613bb1f54d7359212ac86e99f11d2", "originalCertificateFound": true, "originalCertificateNumber": "HPG-2026-NHL9GZ"}, "clearanceRequestId": "7fea730e-f42a-497a-97cb-845410482666"}
36a63037-3d89-472f-870d-4c2fbfebf651	8f16185b-84a1-4e4f-b3d0-b267326e02d4	HPG_CLEARANCE_APPROVED	HPG verification approved by hpg@hpg.gov.ph. 	654bb34d-fec4-458c-94bc-2223d885a6d7	2026-01-25 03:18:56.549207	\N	{"engineNumber": "4GR-DE868125", "macroEtching": false, "chassisNumber": "TVL7CSH7AASKK8ADX", "blockchainTxId": null, "blockchainError": "Verification update failed: No valid responses from any peers. Errors:\\n    peer=peer0.lto.gov.ph, status=500, message=Failed to update verification status: Vehicle with VIN TVL7CSH7AASKK8ADX not found", "clearanceRequestId": "7fea730e-f42a-497a-97cb-845410482666"}
4ab4a43b-0bc5-4684-a00d-0c7a73b6dcd8	c23351bd-e788-4dad-9fff-d7afb25adee9	REGISTERED	Vehicle registration submitted	1b76c49c-b8d7-4c10-84aa-6b2bfd1c3fbc	2026-01-25 03:45:44.172599	\N	{"ownerName": "Joshua Ivan Latag", "timestamp": "2026-01-25T03:45:44.171Z", "ownerEmail": "latagjoshuaivan@gmail.com", "vehicleVin": "C591CULJ8VVZDWSAN", "vehicleMake": "Hyundai", "hasDocuments": true, "vehicleModel": "Tucson", "documentCount": 5, "documentTypes": ["pnpHpgClearance", "certificateOfStockReport", "salesInvoice", "insuranceCertificate", "ownerValidId"], "vehiclePlateNumber": "NKZ-2698"}
9f5d8e0e-6852-4cc2-aea6-b1a5253e535e	c23351bd-e788-4dad-9fff-d7afb25adee9	HPG_CLEARANCE_REQUESTED	HPG clearance automatically requested. Purpose: Initial Vehicle Registration - HPG Clearance	1b76c49c-b8d7-4c10-84aa-6b2bfd1c3fbc	2026-01-25 03:45:44.88359	\N	{"clearanceRequestId": "e7761434-defb-44cc-839b-2a0ba0e63504"}
6f154d8a-4e61-4e77-ab80-a9eb0325142c	c23351bd-e788-4dad-9fff-d7afb25adee9	HPG_AUTOMATION_PHASE1	HPG Phase 1 automation completed. Metadata used, Database: CLEAN	1b76c49c-b8d7-4c10-84aa-6b2bfd1c3fbc	2026-01-25 03:45:44.902591	\N	{"extractedData": {"vin": "C591CULJ8VVZDWSAN", "source": "vehicle_metadata", "plateNumber": "NKZ-2698", "engineNumber": "3UR-GE380290", "ocrExtracted": false, "chassisNumber": "C591CULJ8VVZDWSAN"}, "clearanceRequestId": "e7761434-defb-44cc-839b-2a0ba0e63504", "databaseCheckResult": {"status": "CLEAN", "details": "Vehicle not found in HPG hot list", "checkedAt": "2026-01-25T03:45:44.893Z", "matchedRecords": [], "recommendation": "PROCEED"}}
89d071ff-1dd9-4911-a300-6b9bdd46deb0	c23351bd-e788-4dad-9fff-d7afb25adee9	INSURANCE_AUTO_VERIFIED_APPROVED	Insurance auto-verified and approved. Score: 100%	1b76c49c-b8d7-4c10-84aa-6b2bfd1c3fbc	2026-01-25 03:45:45.04755	\N	{"documentId": "7b4b78d4-c9d6-4687-bfeb-28be5c316f28", "clearanceRequestId": "84e3baee-45d8-4520-9d87-7163451dc603", "autoVerificationResult": {"basis": {"hashUnique": true, "notExpired": true, "patternValid": true}, "score": 100, "status": "APPROVED", "ocrData": {"insuranceExpiry": "25-Jan-2027", "insuranceCompany": "Details\\nCompany Name", "insurancePolicyNumber": "CTPL-2026-17JGAL"}, "automated": true, "hashCheck": {"exists": false, "source": "database"}, "confidence": 1, "patternCheck": {"valid": true, "reason": "Format matches expected pattern", "pattern": "CTPL-YYYY-XXXXXX (e.g., CTPL-2026-C9P5EX)", "confidence": 100, "normalized": "CTPL-2026-17JGAL"}, "compositeHash": "944c8848b6ab989fb2df712397e5bcf01ad82ce97386be9b679a91387e8ffa57", "blockchainTxId": null, "authenticityCheck": {"reason": "Certificate file hash matches original certificate from certificate-generator (issuer verified)", "source": "issued_certificates", "authentic": true, "matchType": "file_hash", "blockchainTxId": null, "certificateData": {"coverageType": "CTPL", "coverageAmount": "PHP 200,000 / PHP 50,000"}, "originalFileHash": "88e44b797c5b1f7343836e0e81f901510e6bf9d103edb724f886278edf9c9602", "authenticityScore": 100, "originalVehicleVin": "C591CULJ8VVZDWSAN", "originalCertificateId": "5ffc9171-6411-4999-b2dc-00e496c1dd06", "originalCompositeHash": "6f68fc59318399177403cccd912502c1ab656a2e21a21beacee98123a7df5531", "originalCertificateFound": true, "originalCertificateNumber": "CTPL-2026-17JGAL"}}}
02bfa356-ccfd-4efa-a73d-ea20b7ab6c14	c23351bd-e788-4dad-9fff-d7afb25adee9	CLEARANCE_REQUESTS_AUTO_SENT	Clearance requests automatically sent to organizations. HPG: Yes, Insurance: Yes. Auto-verification: Insurance: APPROVED (Auto)	1b76c49c-b8d7-4c10-84aa-6b2bfd1c3fbc	2026-01-25 03:45:45.059719	\N	{"hpgRequestId": "e7761434-defb-44cc-839b-2a0ba0e63504", "insuranceRequestId": "84e3baee-45d8-4520-9d87-7163451dc603", "autoVerificationResults": {"insurance": {"basis": {"hashUnique": true, "notExpired": true, "patternValid": true}, "score": 100, "status": "APPROVED", "ocrData": {"insuranceExpiry": "25-Jan-2027", "insuranceCompany": "Details\\nCompany Name", "insurancePolicyNumber": "CTPL-2026-17JGAL"}, "automated": true, "hashCheck": {"exists": false, "source": "database"}, "confidence": 1, "patternCheck": {"valid": true, "reason": "Format matches expected pattern", "pattern": "CTPL-YYYY-XXXXXX (e.g., CTPL-2026-C9P5EX)", "confidence": 100, "normalized": "CTPL-2026-17JGAL"}, "compositeHash": "944c8848b6ab989fb2df712397e5bcf01ad82ce97386be9b679a91387e8ffa57", "blockchainTxId": null, "authenticityCheck": {"reason": "Certificate file hash matches original certificate from certificate-generator (issuer verified)", "source": "issued_certificates", "authentic": true, "matchType": "file_hash", "blockchainTxId": null, "certificateData": {"coverageType": "CTPL", "coverageAmount": "PHP 200,000 / PHP 50,000"}, "originalFileHash": "88e44b797c5b1f7343836e0e81f901510e6bf9d103edb724f886278edf9c9602", "authenticityScore": 100, "originalVehicleVin": "C591CULJ8VVZDWSAN", "originalCertificateId": "5ffc9171-6411-4999-b2dc-00e496c1dd06", "originalCompositeHash": "6f68fc59318399177403cccd912502c1ab656a2e21a21beacee98123a7df5531", "originalCertificateFound": true, "originalCertificateNumber": "CTPL-2026-17JGAL"}}}}
cbf4eb8d-f762-46f4-9664-c3aca2360ecb	c23351bd-e788-4dad-9fff-d7afb25adee9	HPG_AUTO_VERIFY	HPG auto-verification completed. Confidence: 100%. Recommendation: AUTO_APPROVE	654bb34d-fec4-458c-94bc-2223d885a6d7	2026-01-25 03:46:13.515062	\N	{"hashCheck": {"exists": false, "source": "database"}, "compositeHash": "51767ae1ee39f1bab01cb3f6799dc0ba7375ba59db636bba16477b5bb2636bcb", "recommendation": "AUTO_APPROVE", "scoreBreakdown": {"total": 100, "dataMatch": 5, "dataExtraction": 30, "hashUniqueness": 20, "documentCompleteness": 15, "certificateAuthenticity": 30}, "confidenceScore": 100, "authenticityCheck": {"reason": "Certificate file hash matches original certificate from certificate-generator (issuer verified)", "source": "issued_certificates", "authentic": true, "matchType": "file_hash", "blockchainTxId": null, "certificateData": {"vehiclePlate": "NKZ-2698", "verificationDetails": {"engine_condition": "Good", "chassis_condition": "Good"}}, "originalFileHash": "f18bfe44afb1008c78a3881be51fbb1c72cefe8e78e7c0dfedebd5eb21ca22b7", "authenticityScore": 100, "originalVehicleVin": "C591CULJ8VVZDWSAN", "originalCertificateId": "6b27b60c-1421-4854-b9d1-d6de82fa25e1", "originalCompositeHash": "20c0f99a77c11a491ffd267251e47ca2a7b7cdb0d8ea8b05c022250043351899", "originalCertificateFound": true, "originalCertificateNumber": "HPG-2026-8B3Q7M"}, "clearanceRequestId": "e7761434-defb-44cc-839b-2a0ba0e63504"}
fe6e1641-aae9-43c4-a2e2-ff50d8546100	c23351bd-e788-4dad-9fff-d7afb25adee9	HPG_CLEARANCE_APPROVED	HPG verification approved by hpg@hpg.gov.ph. 	654bb34d-fec4-458c-94bc-2223d885a6d7	2026-01-25 03:46:25.884275	\N	{"engineNumber": "3UR-GE380290", "macroEtching": false, "chassisNumber": "C591CULJ8VVZDWSAN", "blockchainTxId": null, "blockchainError": null, "clearanceRequestId": "e7761434-defb-44cc-839b-2a0ba0e63504"}
53018fd3-e414-4260-9519-96abf72a2813	c23351bd-e788-4dad-9fff-d7afb25adee9	BLOCKCHAIN_REGISTERED	Vehicle registered on Hyperledger Fabric. TX: e4c7af862a51c450fcd847db3dd3978646a7ad55deae703e6922ac042820f217	a57fd791-bef2-4881-baa9-bfbd1c8b799c	2026-01-25 03:53:46.667852	e4c7af862a51c450fcd847db3dd3978646a7ad55deae703e6922ac042820f217	{"source": "lto_final_approval", "crNumber": "CR-2026-000006", "orNumber": "OR-2026-000006", "chaincode": "vehicle-registration", "mvirNumber": null, "registeredAt": "2026-01-25T03:53:46.667Z", "fabricNetwork": "ltochannel"}
28f49909-cab8-41d4-9fc2-2fb15880a21d	c23351bd-e788-4dad-9fff-d7afb25adee9	CLEARANCE_APPROVED	Clearance approved by admin@lto.gov.ph. OR: OR-2026-000006, CR: CR-2026-000006. Application approved by admin	a57fd791-bef2-4881-baa9-bfbd1c8b799c	2026-01-25 03:53:47.419577	e4c7af862a51c450fcd847db3dd3978646a7ad55deae703e6922ac042820f217	{"notes": "Application approved by admin", "crNumber": "CR-2026-000006", "orNumber": "OR-2026-000006", "crIssuedAt": "2026-01-25T03:53:46.464Z", "orCrNumber": "OR-2026-000006", "orIssuedAt": "2026-01-25T03:53:46.464Z", "orCrIssuedAt": "2026-01-25T03:53:46.464Z", "verifications": [{"type": "insurance", "status": "APPROVED"}, {"type": "hpg", "status": "APPROVED"}], "blockchainTxId": "e4c7af862a51c450fcd847db3dd3978646a7ad55deae703e6922ac042820f217"}
\.


--
-- TOC entry 3966 (class 0 OID 16569)
-- Dependencies: 218
-- Data for Name: vehicle_verifications; Type: TABLE DATA; Schema: public; Owner: lto_user
--

COPY public.vehicle_verifications (id, vehicle_id, verification_type, status, verified_by, verified_at, notes, created_at, updated_at, clearance_request_id, automated, verification_score, verification_metadata, auto_verified_at) FROM stdin;
3f4efbd3-7f75-4c37-85fc-a28b62e11311	2b072bb7-913e-4ea0-9347-f36ccf8d044b	hpg	PENDING	\N	\N	\N	2026-01-24 16:52:36.945567	2026-01-24 16:52:36.945567	\N	f	\N	{}	\N
aaacad24-70e9-4904-a428-9667ef93f94b	2b072bb7-913e-4ea0-9347-f36ccf8d044b	insurance	PENDING	\N	2026-01-24 16:52:37.325946	Auto-verification completed with issues: Certificate authenticity failed: Error checking authenticity: syntax error at or near "from"	2026-01-24 16:52:36.987364	2026-01-24 16:52:37.325946	\N	t	100	{"ocrData": {"insuranceExpiry": "24-Jan-2027", "insuranceCompany": "Details\\nCompany Name", "insurancePolicyNumber": "CTPL-2026-IQR4QU"}, "hashCheck": {"exists": false, "source": "database"}, "verifiedAt": "2026-01-24T16:52:37.286Z", "expiryCheck": {"reason": "Valid", "isValid": true, "expiryDate": "2027-01-24T23:59:59.999Z", "daysUntilExpiry": 365}, "flagReasons": ["Certificate authenticity failed: Error checking authenticity: syntax error at or near \\"from\\""], "autoVerified": true, "patternCheck": {"valid": true, "reason": "Format matches expected pattern", "pattern": "CTPL-YYYY-XXXXXX (e.g., CTPL-2026-C9P5EX)", "confidence": 100, "normalized": "CTPL-2026-IQR4QU"}, "policyNumber": "CTPL-2026-IQR4QU", "authenticityCheck": {"error": "syntax error at or near \\"from\\"", "reason": "Error checking authenticity: syntax error at or near \\"from\\"", "authentic": false, "authenticityScore": 0}, "verificationScore": {"score": 100, "checks": {"hashUnique": true, "notExpired": true, "patternValid": true}, "decision": "APPROVE", "maxScore": 100, "percentage": 100, "patternCheck": {"valid": true, "reason": "Format matches expected pattern", "pattern": "CTPL-YYYY-XXXXXX (e.g., CTPL-2026-C9P5EX)", "confidence": 100, "normalized": "CTPL-2026-IQR4QU"}}, "verificationResult": "FAILED"}	2026-01-24 16:52:37.325946
1fd92776-96f6-4861-ba7b-c0f8428963f4	e302a557-2f17-4c3d-9630-f859b8404327	hpg	PENDING	\N	\N	\N	2026-01-24 18:27:55.129606	2026-01-24 18:27:55.129606	\N	f	\N	{}	\N
5ce17dc0-0e00-44f6-971a-c7910271c6b6	e302a557-2f17-4c3d-9630-f859b8404327	insurance	PENDING	\N	2026-01-24 18:27:55.35286	Certificate authenticity failed: Error checking authenticity: syntax error at or near "from"	2026-01-24 18:27:55.322298	2026-01-24 18:27:55.35286	\N	t	100	{"basis": {"hashUnique": true, "notExpired": true, "patternValid": true}, "score": 100, "reason": "Certificate authenticity failed: Error checking authenticity: syntax error at or near \\"from\\"", "status": "PENDING", "ocrData": {"insuranceExpiry": "24-Jan-2027", "insuranceCompany": "Details\\nCompany Name", "insurancePolicyNumber": "CTPL-2026-CGYUF2"}, "automated": true, "hashCheck": {"exists": false, "source": "database"}, "confidence": 1, "flagReasons": ["Certificate authenticity failed: Error checking authenticity: syntax error at or near \\"from\\""], "autoVerified": true, "patternCheck": {"valid": true, "reason": "Format matches expected pattern", "pattern": "CTPL-YYYY-XXXXXX (e.g., CTPL-2026-C9P5EX)", "confidence": 100, "normalized": "CTPL-2026-CGYUF2"}, "authenticityCheck": {"error": "syntax error at or near \\"from\\"", "reason": "Error checking authenticity: syntax error at or near \\"from\\"", "authentic": false, "authenticityScore": 0}, "verificationResult": "FAILED"}	2026-01-24 18:27:55.35286
1c95b036-5131-4a96-a660-07ab4e23fce4	858a20ac-2371-40ee-95b0-8f54bdc06db3	hpg	PENDING	\N	\N	\N	2026-01-24 18:44:16.418534	2026-01-24 18:44:16.418534	\N	f	\N	{}	\N
3b7ce4e5-d2e1-4723-9d42-ccbf7c2465b4	858a20ac-2371-40ee-95b0-8f54bdc06db3	insurance	PENDING	\N	2026-01-24 18:44:16.649717	Certificate authenticity failed: Error checking authenticity: syntax error at or near "from"	2026-01-24 18:44:16.614621	2026-01-24 18:44:16.649717	\N	t	100	{"basis": {"hashUnique": true, "notExpired": true, "patternValid": true}, "score": 100, "reason": "Certificate authenticity failed: Error checking authenticity: syntax error at or near \\"from\\"", "status": "PENDING", "ocrData": {"insuranceExpiry": "24-Jan-2027", "insuranceCompany": "Details\\nCompany Name", "insurancePolicyNumber": "CTPL-2026-8TVPD4"}, "automated": true, "hashCheck": {"exists": false, "source": "database"}, "confidence": 1, "flagReasons": ["Certificate authenticity failed: Error checking authenticity: syntax error at or near \\"from\\""], "autoVerified": true, "patternCheck": {"valid": true, "reason": "Format matches expected pattern", "pattern": "CTPL-YYYY-XXXXXX (e.g., CTPL-2026-C9P5EX)", "confidence": 100, "normalized": "CTPL-2026-8TVPD4"}, "authenticityCheck": {"error": "syntax error at or near \\"from\\"", "reason": "Error checking authenticity: syntax error at or near \\"from\\"", "authentic": false, "authenticityScore": 0}, "verificationResult": "FAILED"}	2026-01-24 18:44:16.649717
c5b948ac-c802-4945-9e44-f10d9dadb31f	f0350d21-a03c-465f-a536-6d8038b4c100	hpg	PENDING	\N	\N	\N	2026-01-24 18:57:01.029278	2026-01-24 18:57:01.029278	\N	f	\N	{}	\N
de4084f0-00e5-4686-9294-32943ac45807	f0350d21-a03c-465f-a536-6d8038b4c100	insurance	PENDING	\N	2026-01-24 18:57:01.353263	Certificate authenticity failed: No original certificate found with matching file hash in issued_certificates or certificates tables	2026-01-24 18:57:01.3231	2026-01-24 18:57:01.353263	\N	t	100	{"basis": {"hashUnique": true, "notExpired": true, "patternValid": true}, "score": 100, "reason": "Certificate authenticity failed: No original certificate found with matching file hash in issued_certificates or certificates tables", "status": "PENDING", "ocrData": {"insuranceExpiry": "24-Jan-2027", "insuranceCompany": "Details\\nCompany Name", "insurancePolicyNumber": "CTPL-2026-583PRU"}, "automated": true, "hashCheck": {"exists": false, "source": "database"}, "confidence": 1, "flagReasons": ["Certificate authenticity failed: No original certificate found with matching file hash in issued_certificates or certificates tables"], "autoVerified": true, "patternCheck": {"valid": true, "reason": "Format matches expected pattern", "pattern": "CTPL-YYYY-XXXXXX (e.g., CTPL-2026-C9P5EX)", "confidence": 100, "normalized": "CTPL-2026-583PRU"}, "authenticityCheck": {"reason": "No original certificate found with matching file hash in issued_certificates or certificates tables", "source": "none", "authentic": false, "debugInfo": {"certificateType": "insurance", "searchedFileHash": "b99186a123a2e0948c369ccc29fbb2a2...", "totalCertificatesChecked": 0}, "authenticityScore": 0, "originalCertificateFound": false}, "verificationResult": "FAILED"}	2026-01-24 18:57:01.353263
57422b05-a64b-4fff-bb0c-1f795323f5b1	6dd179cd-2f50-4833-82ed-003f34fa817d	insurance	APPROVED	\N	2026-01-24 19:19:07.289797	\N	2026-01-24 19:19:07.260355	2026-01-24 19:19:07.289797	\N	t	100	{"basis": {"hashUnique": true, "notExpired": true, "patternValid": true}, "score": 100, "status": "APPROVED", "ocrData": {"insuranceExpiry": "24-Jan-2027", "insuranceCompany": "Details\\nCompany Name", "insurancePolicyNumber": "CTPL-2026-JTMM87"}, "automated": true, "hashCheck": {"exists": false, "source": "database"}, "confidence": 1, "autoVerified": true, "patternCheck": {"valid": true, "reason": "Format matches expected pattern", "pattern": "CTPL-YYYY-XXXXXX (e.g., CTPL-2026-C9P5EX)", "confidence": 100, "normalized": "CTPL-2026-JTMM87"}, "compositeHash": "d65e8bc04ebb05e8a36c6f293e00f231caa369a5f410f446a1d662e258fe4ee1", "blockchainTxId": null, "authenticityCheck": {"reason": "Certificate file hash matches original certificate from certificate-generator (issuer verified)", "source": "issued_certificates", "authentic": true, "matchType": "file_hash", "blockchainTxId": null, "certificateData": {"coverageType": "CTPL", "coverageAmount": "PHP 200,000 / PHP 50,000"}, "originalFileHash": "6346fc47b3c259dceb06e298687603e17ac21a7409d68a61ac428e94da91a85b", "authenticityScore": 100, "originalVehicleVin": "F5TFNJM7BDH13S38W", "originalCertificateId": "f4bc48bc-db4d-4b45-89f8-2a548b7c7419", "originalCompositeHash": "319533584cecfaab6af455e3bba1f53db8ef403c289b96aed1a103418383c704", "originalCertificateFound": true, "originalCertificateNumber": "CTPL-2026-JTMM87"}, "verificationResult": "APPROVED"}	2026-01-24 19:19:07.289797
2c686dcd-16c3-418a-8178-5bd9e28318a5	6dd179cd-2f50-4833-82ed-003f34fa817d	hpg	APPROVED	654bb34d-fec4-458c-94bc-2223d885a6d7	2026-01-24 19:20:06.473862	\N	2026-01-24 19:19:07.099396	2026-01-24 19:20:06.473862	\N	t	100	{"note": "HPG always requires manual physical inspection and final approval", "ocrData": {"year": "2026", "color": "White", "model": "Honda Civic", "series": "Honda Civic", "yearModel": "2026", "plateNumber": "XSX-7285"}, "hashCheck": {"exists": false, "source": "database"}, "compositeHash": "604a67a78ac1be2eb5e41c6b9694d34767850efa3457b6c581e29db79d9d267a", "autoVerifiedAt": "2026-01-24T19:19:54.258Z", "recommendation": "AUTO_APPROVE", "scoreBreakdown": {"total": 100, "dataMatch": 5, "dataExtraction": 30, "hashUniqueness": 20, "documentCompleteness": 15, "certificateAuthenticity": 30}, "authenticityCheck": {"reason": "Certificate file hash matches original certificate from certificate-generator (issuer verified)", "source": "issued_certificates", "authentic": true, "matchType": "file_hash", "blockchainTxId": null, "certificateData": {"vehiclePlate": "XSX-7285", "verificationDetails": {"engine_condition": "Good", "chassis_condition": "Good"}}, "originalFileHash": "c7f9d56a3de1debc290d47b31f1823b7c49bd5b9a9214bf452342bb602512849", "authenticityScore": 100, "originalVehicleVin": "F5TFNJM7BDH13S38W", "originalCertificateId": "295c2cf7-edc6-4c2a-8a33-fd435386c4b9", "originalCompositeHash": "52037fce3b0a1b78809ecfba74865ebe1fd79f13ac10ecc4650e6cde1730c6ef", "originalCertificateFound": true, "originalCertificateNumber": "HPG-2026-179TCA"}, "originalCertificate": {"issuedAt": "2026-01-24T00:00:00.000Z", "compositeHash": "52037fce3b0a1b78809ecfba74865ebe1fd79f13ac10ecc4650e6cde1730c6ef", "certificateNumber": "HPG-2026-179TCA"}, "recommendationReason": "High confidence score. Certificate authenticated via blockchain. All checks passed. Manual physical inspection still required."}	2026-01-24 19:19:54.292307
5cab3685-835b-40e1-97c4-da3f73b491a8	e8949d82-01b3-49ef-af1a-9380edb2c3e4	insurance	APPROVED	\N	2026-01-25 03:03:53.634774	\N	2026-01-25 03:03:53.602104	2026-01-25 03:03:53.634774	\N	t	100	{"basis": {"hashUnique": true, "notExpired": true, "patternValid": true}, "score": 100, "status": "APPROVED", "ocrData": {"insuranceExpiry": "25-Jan-2027", "insuranceCompany": "Details\\nCompany Name", "insurancePolicyNumber": "CTPL-2026-54OZ2O"}, "automated": true, "hashCheck": {"exists": false, "source": "database"}, "confidence": 1, "autoVerified": true, "patternCheck": {"valid": true, "reason": "Format matches expected pattern", "pattern": "CTPL-YYYY-XXXXXX (e.g., CTPL-2026-C9P5EX)", "confidence": 100, "normalized": "CTPL-2026-54OZ2O"}, "compositeHash": "0fb269b02aa1ba830617dd6846f6c8a7be67aa80419c279f57852c0ea538234d", "blockchainTxId": null, "authenticityCheck": {"reason": "Certificate file hash matches original certificate from certificate-generator (issuer verified)", "source": "issued_certificates", "authentic": true, "matchType": "file_hash", "blockchainTxId": null, "certificateData": {"coverageType": "CTPL", "coverageAmount": "PHP 200,000 / PHP 50,000"}, "originalFileHash": "00a2144344f27407b31f04585b64a2cde7fb741ddaa0cbae9e355366144c32b7", "authenticityScore": 100, "originalVehicleVin": "BX0SDRHABB4GG71DE", "originalCertificateId": "221541f6-9fa3-45dd-8e4f-3db13103015c", "originalCompositeHash": "db4452a158aa7dc4679cfffe224eeef73742f8d0554f0da04ec19148fcd92206", "originalCertificateFound": true, "originalCertificateNumber": "CTPL-2026-54OZ2O"}, "verificationResult": "APPROVED"}	2026-01-25 03:03:53.634774
31d5af88-d30e-4200-a7fc-a650083d6058	e8949d82-01b3-49ef-af1a-9380edb2c3e4	hpg	APPROVED	654bb34d-fec4-458c-94bc-2223d885a6d7	2026-01-25 03:05:07.58641	\N	2026-01-25 03:03:53.456499	2026-01-25 03:05:07.58641	\N	t	100	{"note": "HPG always requires manual physical inspection and final approval", "ocrData": {"year": "2026", "color": "White", "model": "Honda City", "series": "Honda City", "yearModel": "2026", "plateNumber": "KKT-4961"}, "hashCheck": {"exists": false, "source": "database"}, "compositeHash": "0de0392654d9136d90472fdfceeb55198aeca013631f2085a66ee7d3b6097845", "autoVerifiedAt": "2026-01-25T03:04:45.027Z", "recommendation": "AUTO_APPROVE", "scoreBreakdown": {"total": 100, "dataMatch": 5, "dataExtraction": 30, "hashUniqueness": 20, "documentCompleteness": 15, "certificateAuthenticity": 30}, "authenticityCheck": {"reason": "Certificate file hash matches original certificate from certificate-generator (issuer verified)", "source": "issued_certificates", "authentic": true, "matchType": "file_hash", "blockchainTxId": null, "certificateData": {"vehiclePlate": "KKT-4961", "verificationDetails": {"engine_condition": "Good", "chassis_condition": "Good"}}, "originalFileHash": "a63f9eb4aa7e26241046618a41df02f615db148002d4ed19dbcc3ab8b14ed0b4", "authenticityScore": 100, "originalVehicleVin": "BX0SDRHABB4GG71DE", "originalCertificateId": "a7b70159-3ec5-4309-a365-e6ead467a5fe", "originalCompositeHash": "b7ea6b3680b0d0b1011cc4268ec2f372941ead4165519bb1bbe94240aac4a030", "originalCertificateFound": true, "originalCertificateNumber": "HPG-2026-D56E86"}, "originalCertificate": {"issuedAt": "2026-01-25T00:00:00.000Z", "compositeHash": "b7ea6b3680b0d0b1011cc4268ec2f372941ead4165519bb1bbe94240aac4a030", "certificateNumber": "HPG-2026-D56E86"}, "recommendationReason": "High confidence score. Certificate authenticated via blockchain. All checks passed. Manual physical inspection still required."}	2026-01-25 03:04:45.037074
b4fca48a-14be-4f39-af0f-f105aa60f104	8f16185b-84a1-4e4f-b3d0-b267326e02d4	insurance	APPROVED	\N	2026-01-25 03:17:54.996129	\N	2026-01-25 03:17:54.970347	2026-01-25 03:17:54.996129	\N	t	100	{"basis": {"hashUnique": true, "notExpired": true, "patternValid": true}, "score": 100, "status": "APPROVED", "ocrData": {"insuranceExpiry": "25-Jan-2027", "insuranceCompany": "Details\\nCompany Name", "insurancePolicyNumber": "CTPL-2026-0EWVYC"}, "automated": true, "hashCheck": {"exists": false, "source": "database"}, "confidence": 1, "autoVerified": true, "patternCheck": {"valid": true, "reason": "Format matches expected pattern", "pattern": "CTPL-YYYY-XXXXXX (e.g., CTPL-2026-C9P5EX)", "confidence": 100, "normalized": "CTPL-2026-0EWVYC"}, "compositeHash": "5d6beefdeb690d4d4ec09f76718a343f6d8e934e25d7affa7de82863d49b9ba8", "blockchainTxId": null, "authenticityCheck": {"reason": "Certificate file hash matches original certificate from certificate-generator (issuer verified)", "source": "issued_certificates", "authentic": true, "matchType": "file_hash", "blockchainTxId": null, "certificateData": {"coverageType": "CTPL", "coverageAmount": "PHP 200,000 / PHP 50,000"}, "originalFileHash": "2aeeb87284a8e3306b1724bb6b3939f266e845329ea4d7672cb4ead3055cf616", "authenticityScore": 100, "originalVehicleVin": "TVL7CSH7AASKK8ADX", "originalCertificateId": "03bbdab6-ffdf-4f7b-8895-a23ee0132a13", "originalCompositeHash": "b1a433e9ee9805006dc8d404a52b5fbc0dc484b8c619867f6e6188b2e22b3baa", "originalCertificateFound": true, "originalCertificateNumber": "CTPL-2026-0EWVYC"}, "verificationResult": "APPROVED"}	2026-01-25 03:17:54.996129
cb054be5-2e3b-4166-ac29-ad097b162e07	8f16185b-84a1-4e4f-b3d0-b267326e02d4	hpg	APPROVED	654bb34d-fec4-458c-94bc-2223d885a6d7	2026-01-25 03:18:56.544737	\N	2026-01-25 03:17:54.838018	2026-01-25 03:18:56.544737	\N	t	100	{"note": "HPG always requires manual physical inspection and final approval", "ocrData": {"year": "2026", "color": "White", "model": "Kia Rio", "series": "Kia Rio", "yearModel": "2026", "plateNumber": "VZL-7845"}, "hashCheck": {"exists": false, "source": "database"}, "compositeHash": "f1280a7caf1c03f8cbae80ecad0e259f4991218568612e7aa672742fd9055c65", "autoVerifiedAt": "2026-01-25T03:18:51.260Z", "recommendation": "AUTO_APPROVE", "scoreBreakdown": {"total": 100, "dataMatch": 5, "dataExtraction": 30, "hashUniqueness": 20, "documentCompleteness": 15, "certificateAuthenticity": 30}, "authenticityCheck": {"reason": "Certificate file hash matches original certificate from certificate-generator (issuer verified)", "source": "issued_certificates", "authentic": true, "matchType": "file_hash", "blockchainTxId": null, "certificateData": {"vehiclePlate": "VZL-7845", "verificationDetails": {"engine_condition": "Good", "chassis_condition": "Good"}}, "originalFileHash": "176b97db392893ae7496538b5fa2c35f38b3510ec9771cbcff12681a48dd598d", "authenticityScore": 100, "originalVehicleVin": "TVL7CSH7AASKK8ADX", "originalCertificateId": "2bc898e3-b3f1-4649-9de6-bfb809354fcd", "originalCompositeHash": "de5c087a8933936d2ac97e4925b28f3f9a5613bb1f54d7359212ac86e99f11d2", "originalCertificateFound": true, "originalCertificateNumber": "HPG-2026-NHL9GZ"}, "originalCertificate": {"issuedAt": "2026-01-25T00:00:00.000Z", "compositeHash": "de5c087a8933936d2ac97e4925b28f3f9a5613bb1f54d7359212ac86e99f11d2", "certificateNumber": "HPG-2026-NHL9GZ"}, "recommendationReason": "High confidence score. Certificate authenticated via blockchain. All checks passed. Manual physical inspection still required."}	2026-01-25 03:18:51.269163
dc7a7fe0-dbdf-4e3c-b262-324842a394db	c23351bd-e788-4dad-9fff-d7afb25adee9	insurance	APPROVED	\N	2026-01-25 03:45:45.042988	\N	2026-01-25 03:45:45.018272	2026-01-25 03:45:45.042988	\N	t	100	{"basis": {"hashUnique": true, "notExpired": true, "patternValid": true}, "score": 100, "status": "APPROVED", "ocrData": {"insuranceExpiry": "25-Jan-2027", "insuranceCompany": "Details\\nCompany Name", "insurancePolicyNumber": "CTPL-2026-17JGAL"}, "automated": true, "hashCheck": {"exists": false, "source": "database"}, "confidence": 1, "autoVerified": true, "patternCheck": {"valid": true, "reason": "Format matches expected pattern", "pattern": "CTPL-YYYY-XXXXXX (e.g., CTPL-2026-C9P5EX)", "confidence": 100, "normalized": "CTPL-2026-17JGAL"}, "compositeHash": "944c8848b6ab989fb2df712397e5bcf01ad82ce97386be9b679a91387e8ffa57", "blockchainTxId": null, "authenticityCheck": {"reason": "Certificate file hash matches original certificate from certificate-generator (issuer verified)", "source": "issued_certificates", "authentic": true, "matchType": "file_hash", "blockchainTxId": null, "certificateData": {"coverageType": "CTPL", "coverageAmount": "PHP 200,000 / PHP 50,000"}, "originalFileHash": "88e44b797c5b1f7343836e0e81f901510e6bf9d103edb724f886278edf9c9602", "authenticityScore": 100, "originalVehicleVin": "C591CULJ8VVZDWSAN", "originalCertificateId": "5ffc9171-6411-4999-b2dc-00e496c1dd06", "originalCompositeHash": "6f68fc59318399177403cccd912502c1ab656a2e21a21beacee98123a7df5531", "originalCertificateFound": true, "originalCertificateNumber": "CTPL-2026-17JGAL"}, "verificationResult": "APPROVED"}	2026-01-25 03:45:45.042988
49171e7a-e459-4c89-a33b-4f554e77f31f	c23351bd-e788-4dad-9fff-d7afb25adee9	hpg	APPROVED	654bb34d-fec4-458c-94bc-2223d885a6d7	2026-01-25 03:46:25.880623	\N	2026-01-25 03:45:44.880078	2026-01-25 03:46:25.880623	\N	t	100	{"note": "HPG always requires manual physical inspection and final approval", "ocrData": {"year": "2026", "color": "White", "model": "Hyundai Tucson", "series": "Hyundai Tucson", "yearModel": "2026", "plateNumber": "NKZ-2698"}, "hashCheck": {"exists": false, "source": "database"}, "compositeHash": "51767ae1ee39f1bab01cb3f6799dc0ba7375ba59db636bba16477b5bb2636bcb", "autoVerifiedAt": "2026-01-25T03:46:13.492Z", "recommendation": "AUTO_APPROVE", "scoreBreakdown": {"total": 100, "dataMatch": 5, "dataExtraction": 30, "hashUniqueness": 20, "documentCompleteness": 15, "certificateAuthenticity": 30}, "authenticityCheck": {"reason": "Certificate file hash matches original certificate from certificate-generator (issuer verified)", "source": "issued_certificates", "authentic": true, "matchType": "file_hash", "blockchainTxId": null, "certificateData": {"vehiclePlate": "NKZ-2698", "verificationDetails": {"engine_condition": "Good", "chassis_condition": "Good"}}, "originalFileHash": "f18bfe44afb1008c78a3881be51fbb1c72cefe8e78e7c0dfedebd5eb21ca22b7", "authenticityScore": 100, "originalVehicleVin": "C591CULJ8VVZDWSAN", "originalCertificateId": "6b27b60c-1421-4854-b9d1-d6de82fa25e1", "originalCompositeHash": "20c0f99a77c11a491ffd267251e47ca2a7b7cdb0d8ea8b05c022250043351899", "originalCertificateFound": true, "originalCertificateNumber": "HPG-2026-8B3Q7M"}, "originalCertificate": {"issuedAt": "2026-01-25T00:00:00.000Z", "compositeHash": "20c0f99a77c11a491ffd267251e47ca2a7b7cdb0d8ea8b05c022250043351899", "certificateNumber": "HPG-2026-8B3Q7M"}, "recommendationReason": "High confidence score. Certificate authenticated via blockchain. All checks passed. Manual physical inspection still required."}	2026-01-25 03:46:13.502012
\.


--
-- TOC entry 3965 (class 0 OID 16540)
-- Dependencies: 217
-- Data for Name: vehicles; Type: TABLE DATA; Schema: public; Owner: lto_user
--

COPY public.vehicles (id, vin, plate_number, make, model, year, color, engine_number, chassis_number, vehicle_type, fuel_type, transmission, engine_displacement, owner_id, status, registration_date, last_updated, priority, notes, mvir_number, inspection_date, inspection_result, roadworthiness_status, emission_compliance, inspection_officer, inspection_notes, inspection_documents, registration_expiry_date, insurance_expiry_date, emission_expiry_date, expiry_notified_30d, expiry_notified_7d, expiry_notified_1d, blockchain_tx_id, vehicle_category, passenger_capacity, gross_vehicle_weight, net_weight, registration_type, origin_type, or_number, cr_number, or_issued_at, cr_issued_at, date_of_registration, scrapped_at, scrap_reason, scrapped_by) FROM stdin;
b87977c0-b366-4094-9116-e116fdc1198c	DPEN55LZKVYFCPYVS	PJW-1558	Toyota	Fortuner	2026	White	4GR-FE955282	DPEN55LZKVYFCPYVS	Car	GASOLINE	MANUAL	\N	1b76c49c-b8d7-4c10-84aa-6b2bfd1c3fbc	SUBMITTED	2026-01-24 10:39:28.530301	2026-01-24 10:39:28.530301	MEDIUM	{"admin":"","insurance":""}	\N	\N	\N	\N	\N	\N	\N	\N	\N	\N	\N	f	f	f	\N	M1	4	444.00	333.00	Private	NEW_REG	\N	\N	\N	\N	\N	\N	\N	\N
bf9b124a-4c18-4b5b-acc0-a03cc3d48d43	X5KXMY2X6U4207T4E	YKS-1535	Kia	Rio	2026	White	1GR-DE950303	X5KXMY2X6U4207T4E	Car	GASOLINE	MANUAL	\N	1b76c49c-b8d7-4c10-84aa-6b2bfd1c3fbc	SUBMITTED	2026-01-24 12:34:38.165805	2026-01-24 12:34:38.165805	MEDIUM	{"admin":"","insurance":""}	\N	\N	\N	\N	\N	\N	\N	\N	\N	\N	\N	f	f	f	\N	M1	4	444.00	333.00	Private	NEW_REG	\N	\N	\N	\N	\N	\N	\N	\N
ff0e5ca1-23a4-4bae-bdfe-563381687959	PXUTMY0VRM7SJ1DJG	UFM-8424	Fuso	Canter	2026	White	1GR-CE381541	PXUTMY0VRM7SJ1DJG	Car	GASOLINE	MANUAL	\N	1b76c49c-b8d7-4c10-84aa-6b2bfd1c3fbc	SUBMITTED	2026-01-24 15:53:03.322976	2026-01-24 15:53:03.322976	MEDIUM	{"admin":"","insurance":""}	\N	\N	\N	\N	\N	\N	\N	\N	\N	\N	\N	f	f	f	\N	M1	4	444.00	333.00	Private	NEW_REG	\N	\N	\N	\N	\N	\N	\N	\N
2b072bb7-913e-4ea0-9347-f36ccf8d044b	DMHJ9ZBK50SBJZZ49	LRZ-4414	Foton	Toano	2026	White	3UR-BE104018	DMHJ9ZBK50SBJZZ49	Car	GASOLINE	MANUAL	\N	1b76c49c-b8d7-4c10-84aa-6b2bfd1c3fbc	SUBMITTED	2026-01-24 16:52:36.08846	2026-01-24 16:52:37.353292	MEDIUM	{"admin":"","insurance":""}	\N	\N	\N	\N	\N	\N	\N	\N	\N	\N	\N	f	f	f	\N	M1	4	444.00	333.00	Private	NEW_REG	\N	\N	\N	\N	\N	\N	\N	\N
0f9d0224-8f13-4c9f-ba41-f23d0c10506e	AF6WB1Y1WVNKGC7Z3	DHK-2840	Honda	TMX Supremo	2026	White	4GR-CE497254	AF6WB1Y1WVNKGC7Z3	Car	GASOLINE	MANUAL	\N	1b76c49c-b8d7-4c10-84aa-6b2bfd1c3fbc	SUBMITTED	2026-01-24 17:56:49.809122	2026-01-24 17:56:49.809122	MEDIUM	{"admin":"","insurance":""}	\N	\N	\N	\N	\N	\N	\N	\N	\N	\N	\N	f	f	f	\N	M1	4	444.00	333.00	Private	NEW_REG	\N	\N	\N	\N	\N	\N	\N	\N
e302a557-2f17-4c3d-9630-f859b8404327	DV347804YE0WXGRSK	ACA-3346	Toyota	HiAce	2026	White	2NR-FE575339	DV347804YE0WXGRSK	Car	GASOLINE	MANUAL	\N	1b76c49c-b8d7-4c10-84aa-6b2bfd1c3fbc	SUBMITTED	2026-01-24 18:27:54.403746	2026-01-24 18:27:55.376512	MEDIUM	{"admin":"","insurance":""}	\N	\N	\N	\N	\N	\N	\N	\N	\N	\N	\N	f	f	f	\N	M1	4	444.00	333.00	Private	NEW_REG	\N	\N	\N	\N	\N	\N	\N	\N
858a20ac-2371-40ee-95b0-8f54bdc06db3	NT226TR0SBTNX8H0C	DNY-7331	Isuzu	N-Series	2026	White	2NR-CE157181	NT226TR0SBTNX8H0C	Car	GASOLINE	MANUAL	\N	1b76c49c-b8d7-4c10-84aa-6b2bfd1c3fbc	SUBMITTED	2026-01-24 18:44:15.685196	2026-01-24 18:44:16.675228	MEDIUM	{"admin":"","insurance":""}	\N	\N	\N	\N	\N	\N	\N	\N	\N	\N	\N	f	f	f	\N	M2	4	444.00	333.00	Private	NEW_REG	\N	\N	\N	\N	\N	\N	\N	\N
f0350d21-a03c-465f-a536-6d8038b4c100	U198H0VR10TT2RS6E	VNA-5740	KTM	Duke 200	2026	White	2NR-FE645151	U198H0VR10TT2RS6E	Car	GASOLINE	MANUAL	\N	1b76c49c-b8d7-4c10-84aa-6b2bfd1c3fbc	SUBMITTED	2026-01-24 18:57:00.226027	2026-01-24 18:57:01.370983	MEDIUM	{"admin":"","insurance":""}	\N	\N	\N	\N	\N	\N	\N	\N	\N	\N	\N	f	f	f	\N	M1	4	444.00	333.00	Private	NEW_REG	\N	\N	\N	\N	\N	\N	\N	\N
6dd179cd-2f50-4833-82ed-003f34fa817d	F5TFNJM7BDH13S38W	XSX-7285	Honda	Civic	2026	White	3UR-DE884077	F5TFNJM7BDH13S38W	Car	GASOLINE	MANUAL	\N	1b76c49c-b8d7-4c10-84aa-6b2bfd1c3fbc	REGISTERED	2026-01-24 19:19:06.380614	2026-01-25 02:11:45.00397	MEDIUM	{"admin":"","insurance":""}	\N	\N	\N	\N	\N	\N	\N	\N	2027-01-24 19:21:26.394	\N	\N	f	f	f	eeeb1b1a19bb831061adce655bf93c2ff17f8e00390e0e92722aff973c786e8b	M1	4	444.00	333.00	Private	NEW_REG	OR-2026-000001	CR-2026-000001	2026-01-24 19:21:25.837	2026-01-24 19:21:25.837	2026-01-24 19:19:06.380614	\N	\N	\N
e8949d82-01b3-49ef-af1a-9380edb2c3e4	BX0SDRHABB4GG71DE	KKT-4961	Honda	City	2026	White	5VZ-CE476535	BX0SDRHABB4GG71DE	Car	GASOLINE	MANUAL	\N	1b76c49c-b8d7-4c10-84aa-6b2bfd1c3fbc	APPROVED	2026-01-25 03:03:52.766533	2026-01-25 03:05:59.283245	MEDIUM	{"admin":"","insurance":""}	\N	\N	\N	\N	\N	\N	\N	\N	\N	\N	\N	f	f	f	\N	M1	4	444.00	333.00	Private	NEW_REG	OR-2026-000002	CR-2026-000002	2026-01-25 03:05:59.275	2026-01-25 03:05:59.275	2026-01-25 03:03:52.766533	\N	\N	\N
8f16185b-84a1-4e4f-b3d0-b267326e02d4	TVL7CSH7AASKK8ADX	VZL-7845	Kia	Rio	2026	White	4GR-DE868125	TVL7CSH7AASKK8ADX	Car	GASOLINE	MANUAL	\N	1b76c49c-b8d7-4c10-84aa-6b2bfd1c3fbc	APPROVED	2026-01-25 03:17:53.672512	2026-01-25 03:20:07.519526	MEDIUM	{"admin":"","insurance":""}	\N	\N	\N	\N	\N	\N	\N	\N	\N	\N	\N	f	f	f	\N	M1	4	444.00	333.00	Private	NEW_REG	OR-2026-000004	CR-2026-000004	2026-01-25 03:20:07.511	2026-01-25 03:20:07.511	2026-01-25 03:17:53.672512	\N	\N	\N
c23351bd-e788-4dad-9fff-d7afb25adee9	C591CULJ8VVZDWSAN	NKZ-2698	Hyundai	Tucson	2026	White	3UR-GE380290	C591CULJ8VVZDWSAN	Car	GASOLINE	MANUAL	\N	1b76c49c-b8d7-4c10-84aa-6b2bfd1c3fbc	REGISTERED	2026-01-25 03:45:44.172599	2026-01-25 03:53:46.66352	MEDIUM	{"admin":"","insurance":""}	\N	\N	\N	\N	\N	\N	\N	\N	2027-01-25 03:53:46.662	\N	\N	f	f	f	e4c7af862a51c450fcd847db3dd3978646a7ad55deae703e6922ac042820f217	M1	4	444.00	333.00	Private	NEW_REG	OR-2026-000006	CR-2026-000006	2026-01-25 03:53:46.464	2026-01-25 03:53:46.464	2026-01-25 03:45:44.172599	\N	\N	\N
\.


--
-- TOC entry 4031 (class 0 OID 0)
-- Dependencies: 243
-- Name: cr_number_seq; Type: SEQUENCE SET; Schema: public; Owner: lto_user
--

SELECT pg_catalog.setval('public.cr_number_seq', 6, true);


--
-- TOC entry 4032 (class 0 OID 0)
-- Dependencies: 229
-- Name: mvir_number_seq; Type: SEQUENCE SET; Schema: public; Owner: lto_user
--

SELECT pg_catalog.setval('public.mvir_number_seq', 1, false);


--
-- TOC entry 4033 (class 0 OID 0)
-- Dependencies: 242
-- Name: or_number_seq; Type: SEQUENCE SET; Schema: public; Owner: lto_user
--

SELECT pg_catalog.setval('public.or_number_seq', 6, true);


-- Completed on 2026-01-25 12:41:20

--
-- PostgreSQL database dump complete
--

\unrestrict ApRBVAVYSKEgmqoF3QmcE0ARKMzWb9ukhju27wORk5SRJs5lwcf8WzfDKbf4MJY

